0 verbose cli /usr/local/nvm/versions/node/v24.19.0/bin/node /usr/local/nvm/versions/node/v24.19.0/bin/npm
1 info using npm@12.0.2
2 info using node@v24.19.0
3 silly config load:file:/usr/local/nvm/versions/node/v24.19.0/lib/node_modules/npm/npmrc
4 silly config load:file:/home/aimutsu0120/.npmrc
5 silly config load:file:/usr/local/nvm/versions/node/v24.19.0/etc/npmrc
6 verbose title npm install firebase-tools
7 verbose argv "install" "--global" "firebase-tools"
8 verbose logfile logs-max:10 dir:/home/aimutsu0120/.npm/_logs/2026-08-16T07_32_46_739Z-
9 verbose logfile /home/aimutsu0120/.npm/_logs/2026-08-16T07_32_46_739Z-debug-0.log
10 silly packumentCache heap:2348810240 maxSize:587202560 maxEntrySize:293601280
11 silly logfile start cleaning logs, removing 1 files
12 silly logfile done cleaning log files
13 silly idealTree buildDeps
14 silly fetch manifest firebase-tools@*
15 silly packumentCache full:https://registry.npmjs.org/firebase-tools cache-miss
16 http fetch GET 200 https://registry.npmjs.org/firebase-tools 169ms (cache updated)
17 silly packumentCache full:https://registry.npmjs.org/firebase-tools set size:undefined disposed:false
18 silly placeDep ROOT firebase-tools@15.27.0 OK for:  want: *
19 silly fetch manifest pg@^8.11.3
20 silly packumentCache full:https://registry.npmjs.org/pg cache-miss
21 http fetch GET 200 https://registry.npmjs.org/pg 30ms (cache revalidated)
22 silly packumentCache full:https://registry.npmjs.org/pg set size:482398 disposed:false
23 silly fetch manifest ws@^8.21.1
24 silly packumentCache full:https://registry.npmjs.org/ws cache-miss
25 http fetch GET 200 https://registry.npmjs.org/ws 31ms (cache revalidated)
26 silly packumentCache full:https://registry.npmjs.org/ws set size:447661 disposed:false
27 silly fetch manifest ajv@^8.17.1
28 silly packumentCache full:https://registry.npmjs.org/ajv cache-miss
29 http fetch GET 200 https://registry.npmjs.org/ajv 25ms (cache revalidated)
30 silly packumentCache full:https://registry.npmjs.org/ajv set size:1142658 disposed:false
31 silly fetch manifest ora@^5.4.1
32 silly packumentCache full:https://registry.npmjs.org/ora cache-miss
33 http fetch GET 200 https://registry.npmjs.org/ora 39ms (cache revalidated)
34 silly packumentCache full:https://registry.npmjs.org/ora set size:147148 disposed:false
35 silly fetch manifest tar@^7.5.11
36 silly packumentCache full:https://registry.npmjs.org/tar cache-miss
37 http fetch GET 200 https://registry.npmjs.org/tar 25ms (cache revalidated)
38 silly packumentCache full:https://registry.npmjs.org/tar set size:591769 disposed:false
39 silly fetch manifest tmp@^0.2.3
40 silly packumentCache full:https://registry.npmjs.org/tmp cache-miss
41 http fetch GET 200 https://registry.npmjs.org/tmp 152ms (cache revalidated)
42 silly packumentCache full:https://registry.npmjs.org/tmp set size:79523 disposed:false
43 silly fetch manifest zod@^4.0.0
44 silly packumentCache full:https://registry.npmjs.org/zod cache-miss
45 http fetch GET 200 https://registry.npmjs.org/zod 124ms (cache updated)
46 silly packumentCache full:https://registry.npmjs.org/zod set size:undefined disposed:false
47 silly fetch manifest cors@^2.8.5
48 silly packumentCache full:https://registry.npmjs.org/cors cache-miss
49 http fetch GET 200 https://registry.npmjs.org/cors 30ms (cache revalidated)
50 silly packumentCache full:https://registry.npmjs.org/cors set size:77956 disposed:false
51 silly fetch manifest glob@^10.5.0
52 silly packumentCache full:https://registry.npmjs.org/glob cache-miss
53 http fetch GET 200 https://registry.npmjs.org/glob 31ms (cache revalidated)
54 silly packumentCache full:https://registry.npmjs.org/glob set size:469465 disposed:false
55 silly fetch manifest mime@^2.5.2
56 silly packumentCache full:https://registry.npmjs.org/mime cache-miss
57 http fetch GET 200 https://registry.npmjs.org/mime 27ms (cache revalidated)
58 silly packumentCache full:https://registry.npmjs.org/mime set size:119236 disposed:false
59 silly fetch manifest open@^6.3.0
60 silly packumentCache full:https://registry.npmjs.org/open cache-miss
61 http fetch GET 200 https://registry.npmjs.org/open 42ms (cache updated)
62 silly packumentCache full:https://registry.npmjs.org/open set size:undefined disposed:false
63 silly fetch manifest yaml@^2.8.3
64 silly packumentCache full:https://registry.npmjs.org/yaml cache-miss
65 http fetch GET 200 https://registry.npmjs.org/yaml 26ms (cache revalidated)
66 silly packumentCache full:https://registry.npmjs.org/yaml set size:385754 disposed:false
67 silly fetch manifest cjson@^0.3.1
68 silly packumentCache full:https://registry.npmjs.org/cjson cache-miss
69 http fetch GET 200 https://registry.npmjs.org/cjson 27ms (cache revalidated)
70 silly packumentCache full:https://registry.npmjs.org/cjson set size:24554 disposed:false
71 silly fetch manifest fuzzy@^0.1.3
72 silly packumentCache full:https://registry.npmjs.org/fuzzy cache-miss
73 http fetch GET 200 https://registry.npmjs.org/fuzzy 150ms (cache revalidated)
74 silly packumentCache full:https://registry.npmjs.org/fuzzy set size:12033 disposed:false
75 silly fetch manifest lsofi@^2.0.0
76 silly packumentCache full:https://registry.npmjs.org/lsofi cache-miss
77 http fetch GET 200 https://registry.npmjs.org/lsofi 154ms (cache revalidated)
78 silly packumentCache full:https://registry.npmjs.org/lsofi set size:5929 disposed:false
79 silly fetch manifest retry@^0.13.1
80 silly packumentCache full:https://registry.npmjs.org/retry cache-miss
81 http fetch GET 200 https://registry.npmjs.org/retry 28ms (cache revalidated)
82 silly packumentCache full:https://registry.npmjs.org/retry set size:31161 disposed:false
83 silly fetch manifest gaxios@^6.7.0
84 silly packumentCache full:https://registry.npmjs.org/gaxios cache-miss
85 http fetch GET 200 https://registry.npmjs.org/gaxios 25ms (cache revalidated)
86 silly packumentCache full:https://registry.npmjs.org/gaxios set size:363321 disposed:false
87 silly fetch manifest ignore@^7.0.4
88 silly packumentCache full:https://registry.npmjs.org/ignore cache-miss
89 http fetch GET 200 https://registry.npmjs.org/ignore 31ms (cache revalidated)
90 silly packumentCache full:https://registry.npmjs.org/ignore set size:240910 disposed:false
91 silly fetch manifest lodash@^4.18.0
92 silly packumentCache full:https://registry.npmjs.org/lodash cache-miss
93 http fetch GET 200 https://registry.npmjs.org/lodash 37ms (cache updated)
94 silly packumentCache full:https://registry.npmjs.org/lodash set size:undefined disposed:false
95 silly fetch manifest marked@^13.0.2
96 silly packumentCache full:https://registry.npmjs.org/marked cache-miss
97 http fetch GET 200 https://registry.npmjs.org/marked 27ms (cache revalidated)
98 silly packumentCache full:https://registry.npmjs.org/marked set size:766208 disposed:false
99 silly fetch manifest morgan@^1.10.0
100 silly packumentCache full:https://registry.npmjs.org/morgan cache-miss
101 http fetch GET 200 https://registry.npmjs.org/morgan 27ms (cache revalidated)
102 silly packumentCache full:https://registry.npmjs.org/morgan set size:78895 disposed:false
103 silly fetch manifest semver@^7.5.2
104 silly packumentCache full:https://registry.npmjs.org/semver cache-miss
105 http fetch GET 200 https://registry.npmjs.org/semver 25ms (cache revalidated)
106 silly packumentCache full:https://registry.npmjs.org/semver set size:246069 disposed:false
107 silly fetch manifest undici@^6.19.0
108 silly packumentCache full:https://registry.npmjs.org/undici cache-miss
109 http fetch GET 200 https://registry.npmjs.org/undici 30ms (cache revalidated)
110 silly packumentCache full:https://registry.npmjs.org/undici set size:1531430 disposed:false
111 silly fetch manifest express@^4.16.4
112 silly packumentCache full:https://registry.npmjs.org/express cache-miss
113 http fetch GET 200 https://registry.npmjs.org/express 91ms (cache updated)
114 silly packumentCache full:https://registry.npmjs.org/express set size:undefined disposed:false
115 silly fetch manifest js-yaml@^4.2.0
116 silly packumentCache full:https://registry.npmjs.org/js-yaml cache-miss
117 http fetch GET 200 https://registry.npmjs.org/js-yaml 160ms (cache updated)
118 silly packumentCache full:https://registry.npmjs.org/js-yaml set size:undefined disposed:false
119 silly fetch manifest winston@^3.0.0
120 silly packumentCache full:https://registry.npmjs.org/winston cache-miss
121 http fetch GET 200 https://registry.npmjs.org/winston 26ms (cache revalidated)
122 silly packumentCache full:https://registry.npmjs.org/winston set size:276467 disposed:false
123 silly fetch manifest archiver@^7.0.0
124 silly packumentCache full:https://registry.npmjs.org/archiver cache-miss
125 http fetch GET 200 https://registry.npmjs.org/archiver 23ms (cache revalidated)
126 silly packumentCache full:https://registry.npmjs.org/archiver set size:169973 disposed:false
127 silly fetch manifest chokidar@^3.6.0
128 silly packumentCache full:https://registry.npmjs.org/chokidar cache-miss
129 http fetch GET 200 https://registry.npmjs.org/chokidar 26ms (cache revalidated)
130 silly packumentCache full:https://registry.npmjs.org/chokidar set size:255902 disposed:false
131 silly fetch manifest exegesis@^4.2.0
132 silly packumentCache full:https://registry.npmjs.org/exegesis cache-miss
133 http fetch GET 200 https://registry.npmjs.org/exegesis 24ms (cache revalidated)
134 silly packumentCache full:https://registry.npmjs.org/exegesis set size:289051 disposed:false
135 silly fetch manifest fs-extra@^10.1.0
136 silly packumentCache full:https://registry.npmjs.org/fs-extra cache-miss
137 http fetch GET 200 https://registry.npmjs.org/fs-extra 28ms (cache revalidated)
138 silly packumentCache full:https://registry.npmjs.org/fs-extra set size:239581 disposed:false
139 silly fetch manifest pglite-2@npm:@electric-sql/pglite@0.2.17
140 silly packumentCache full:https://registry.npmjs.org/@electric-sql%2fpglite cache-miss
141 http fetch GET 200 https://registry.npmjs.org/@electric-sql%2fpglite 181ms (cache updated)
142 silly packumentCache full:https://registry.npmjs.org/@electric-sql%2fpglite set size:undefined disposed:false
143 silly fetch manifest progress@^2.0.3
144 silly packumentCache full:https://registry.npmjs.org/progress cache-miss
145 http fetch GET 200 https://registry.npmjs.org/progress 28ms (cache revalidated)
146 silly packumentCache full:https://registry.npmjs.org/progress set size:34179 disposed:false
147 silly fetch manifest colorette@^2.0.19
148 silly packumentCache full:https://registry.npmjs.org/colorette cache-miss
149 http fetch GET 200 https://registry.npmjs.org/colorette 24ms (cache revalidated)
150 silly packumentCache full:https://registry.npmjs.org/colorette set size:92733 disposed:false
151 silly fetch manifest commander@^5.1.0
152 silly packumentCache full:https://registry.npmjs.org/commander cache-miss
153 http fetch GET 200 https://registry.npmjs.org/commander 34ms (cache revalidated)
154 silly packumentCache full:https://registry.npmjs.org/commander set size:353115 disposed:false
155 silly fetch manifest cross-env@^7.0.3
156 silly packumentCache full:https://registry.npmjs.org/cross-env cache-miss
157 http fetch GET 200 https://registry.npmjs.org/cross-env 29ms (cache revalidated)
158 silly packumentCache full:https://registry.npmjs.org/cross-env set size:151372 disposed:false
159 silly fetch manifest csv-parse@^5.0.4
160 silly packumentCache full:https://registry.npmjs.org/csv-parse cache-miss
161 http fetch GET 200 https://registry.npmjs.org/csv-parse 31ms (cache revalidated)
162 silly packumentCache full:https://registry.npmjs.org/csv-parse set size:598945 disposed:false
163 silly fetch manifest form-data@^4.0.1
164 silly packumentCache full:https://registry.npmjs.org/form-data cache-miss
165 http fetch GET 200 https://registry.npmjs.org/form-data 28ms (cache revalidated)
166 silly packumentCache full:https://registry.npmjs.org/form-data set size:153174 disposed:false
167 silly fetch manifest minimatch@^3.0.4
168 silly packumentCache full:https://registry.npmjs.org/minimatch cache-miss
169 http fetch GET 200 https://registry.npmjs.org/minimatch 26ms (cache revalidated)
170 silly packumentCache full:https://registry.npmjs.org/minimatch set size:377924 disposed:false
171 silly fetch manifest async-lock@1.4.1
172 silly packumentCache full:https://registry.npmjs.org/async-lock cache-miss
173 http fetch GET 200 https://registry.npmjs.org/async-lock 24ms (cache revalidated)
174 silly packumentCache full:https://registry.npmjs.org/async-lock set size:98301 disposed:false
175 silly fetch manifest cli-table3@0.6.5
176 silly packumentCache full:https://registry.npmjs.org/cli-table3 cache-miss
177 http fetch GET 200 https://registry.npmjs.org/cli-table3 25ms (cache revalidated)
178 silly packumentCache full:https://registry.npmjs.org/cli-table3 set size:40139 disposed:false
179 silly fetch manifest node-fetch@^2.6.7
180 silly packumentCache full:https://registry.npmjs.org/node-fetch cache-miss
181 http fetch GET 200 https://registry.npmjs.org/node-fetch 25ms (cache revalidated)
182 silly packumentCache full:https://registry.npmjs.org/node-fetch set size:896010 disposed:false
183 silly fetch manifest pg-gateway@^0.3.0-beta.4
184 silly packumentCache full:https://registry.npmjs.org/pg-gateway cache-miss
185 http fetch GET 200 https://registry.npmjs.org/pg-gateway 157ms (cache revalidated)
186 silly packumentCache full:https://registry.npmjs.org/pg-gateway set size:35105 disposed:false
187 silly fetch manifest portfinder@^1.0.32
188 silly packumentCache full:https://registry.npmjs.org/portfinder cache-miss
189 http fetch GET 200 https://registry.npmjs.org/portfinder 28ms (cache revalidated)
190 silly packumentCache full:https://registry.npmjs.org/portfinder set size:92930 disposed:false
191 silly fetch manifest ajv-formats@3.0.1
192 silly packumentCache full:https://registry.npmjs.org/ajv-formats cache-miss
193 http fetch GET 200 https://registry.npmjs.org/ajv-formats 25ms (cache revalidated)
194 silly packumentCache full:https://registry.npmjs.org/ajv-formats set size:141264 disposed:false
195 silly fetch manifest body-parser@^1.19.0
196 silly packumentCache full:https://registry.npmjs.org/body-parser cache-miss
197 http fetch GET 200 https://registry.npmjs.org/body-parser 25ms (cache revalidated)
198 silly packumentCache full:https://registry.npmjs.org/body-parser set size:204559 disposed:false
199 silly fetch manifest configstore@^5.0.1
200 silly packumentCache full:https://registry.npmjs.org/configstore cache-miss
201 http fetch GET 200 https://registry.npmjs.org/configstore 149ms (cache revalidated)
202 silly packumentCache full:https://registry.npmjs.org/configstore set size:82080 disposed:false
203 silly fetch manifest cross-spawn@^7.0.5
204 silly packumentCache full:https://registry.npmjs.org/cross-spawn cache-miss
205 http fetch GET 200 https://registry.npmjs.org/cross-spawn 25ms (cache revalidated)
206 silly packumentCache full:https://registry.npmjs.org/cross-spawn set size:109066 disposed:false
207 silly fetch manifest proxy-agent@^6.3.0
208 silly packumentCache full:https://registry.npmjs.org/proxy-agent cache-miss
209 http fetch GET 200 https://registry.npmjs.org/proxy-agent 25ms (cache revalidated)
210 silly packumentCache full:https://registry.npmjs.org/proxy-agent set size:81277 disposed:false
211 silly fetch manifest stream-json@^1.7.3
212 silly packumentCache full:https://registry.npmjs.org/stream-json cache-miss
213 http fetch GET 200 https://registry.npmjs.org/stream-json 26ms (cache revalidated)
214 silly packumentCache full:https://registry.npmjs.org/stream-json set size:148044 disposed:false
215 silly fetch manifest superstatic@^10.0.0
216 silly packumentCache full:https://registry.npmjs.org/superstatic cache-miss
217 http fetch GET 200 https://registry.npmjs.org/superstatic 33ms (cache revalidated)
218 silly packumentCache full:https://registry.npmjs.org/superstatic set size:570455 disposed:false
219 silly fetch manifest triple-beam@^1.3.0
220 silly packumentCache full:https://registry.npmjs.org/triple-beam cache-miss
221 http fetch GET 200 https://registry.npmjs.org/triple-beam 47ms (cache revalidated)
222 silly packumentCache full:https://registry.npmjs.org/triple-beam set size:15133 disposed:false
223 silly fetch manifest jsonwebtoken@^9.0.2
224 silly packumentCache full:https://registry.npmjs.org/jsonwebtoken cache-miss
225 http fetch GET 200 https://registry.npmjs.org/jsonwebtoken 33ms (cache revalidated)
226 silly packumentCache full:https://registry.npmjs.org/jsonwebtoken set size:183413 disposed:false
227 silly fetch manifest stream-chain@^2.2.4
228 silly packumentCache full:https://registry.npmjs.org/stream-chain cache-miss
229 http fetch GET 200 https://registry.npmjs.org/stream-chain 38ms (cache revalidated)
230 silly packumentCache full:https://registry.npmjs.org/stream-chain set size:109985 disposed:false
231 silly fetch manifest sql-formatter@^15.3.0
232 silly packumentCache full:https://registry.npmjs.org/sql-formatter cache-miss
233 http fetch GET 200 https://registry.npmjs.org/sql-formatter 47ms (cache revalidated)
234 silly packumentCache full:https://registry.npmjs.org/sql-formatter set size:1132835 disposed:false
235 silly fetch manifest tcp-port-used@^1.0.2
236 silly packumentCache full:https://registry.npmjs.org/tcp-port-used cache-miss
237 http fetch GET 200 https://registry.npmjs.org/tcp-port-used 27ms (cache revalidated)
238 silly packumentCache full:https://registry.npmjs.org/tcp-port-used set size:29388 disposed:false
239 silly fetch manifest marked-terminal@^7.0.0
240 silly packumentCache full:https://registry.npmjs.org/marked-terminal cache-miss
241 http fetch GET 200 https://registry.npmjs.org/marked-terminal 39ms (cache revalidated)
242 silly packumentCache full:https://registry.npmjs.org/marked-terminal set size:81779 disposed:false
243 silly fetch manifest abort-controller@^3.0.0
244 silly packumentCache full:https://registry.npmjs.org/abort-controller cache-miss
245 http fetch GET 200 https://registry.npmjs.org/abort-controller 43ms (cache revalidated)
246 silly packumentCache full:https://registry.npmjs.org/abort-controller set size:47272 disposed:false
247 silly fetch manifest exegesis-express@^4.0.0
248 silly packumentCache full:https://registry.npmjs.org/exegesis-express cache-miss
249 http fetch GET 200 https://registry.npmjs.org/exegesis-express 46ms (cache revalidated)
250 silly packumentCache full:https://registry.npmjs.org/exegesis-express set size:61313 disposed:false
251 silly fetch manifest @inquirer/prompts@^7.10.1
252 silly packumentCache full:https://registry.npmjs.org/@inquirer%2fprompts cache-miss
253 http fetch GET 200 https://registry.npmjs.org/@inquirer%2fprompts 54ms (cache revalidated)
254 silly packumentCache full:https://registry.npmjs.org/@inquirer%2fprompts set size:331361 disposed:false
255 silly fetch manifest winston-transport@^4.4.0
256 silly packumentCache full:https://registry.npmjs.org/winston-transport cache-miss
257 http fetch GET 200 https://registry.npmjs.org/winston-transport 25ms (cache revalidated)
258 silly packumentCache full:https://registry.npmjs.org/winston-transport set size:60135 disposed:false
259 silly fetch manifest @apphosting/common@^0.0.8
260 silly packumentCache full:https://registry.npmjs.org/@apphosting%2fcommon cache-miss
261 http fetch GET 200 https://registry.npmjs.org/@apphosting%2fcommon 39ms (cache revalidated)
262 silly packumentCache full:https://registry.npmjs.org/@apphosting%2fcommon set size:66674 disposed:false
263 silly fetch manifest libsodium-wrappers@^0.7.10
264 silly packumentCache full:https://registry.npmjs.org/libsodium-wrappers cache-miss
265 http fetch GET 200 https://registry.npmjs.org/libsodium-wrappers 29ms (cache revalidated)
266 silly packumentCache full:https://registry.npmjs.org/libsodium-wrappers set size:96083 disposed:false
267 silly fetch manifest google-auth-library@^9.11.0
268 silly packumentCache full:https://registry.npmjs.org/google-auth-library cache-miss
269 http fetch GET 200 https://registry.npmjs.org/google-auth-library 24ms (cache revalidated)
270 silly packumentCache full:https://registry.npmjs.org/google-auth-library set size:745018 disposed:false
271 silly fetch manifest universal-analytics@^0.5.3
272 silly packumentCache full:https://registry.npmjs.org/universal-analytics cache-miss
273 http fetch GET 200 https://registry.npmjs.org/universal-analytics 24ms (cache revalidated)
274 silly packumentCache full:https://registry.npmjs.org/universal-analytics set size:104106 disposed:false
275 silly fetch manifest update-notifier-cjs@^5.1.6
276 silly packumentCache full:https://registry.npmjs.org/update-notifier-cjs cache-miss
277 http fetch GET 200 https://registry.npmjs.org/update-notifier-cjs 25ms (cache revalidated)
278 silly packumentCache full:https://registry.npmjs.org/update-notifier-cjs set size:28206 disposed:false
279 silly fetch manifest @electric-sql/pglite@^0.3.3
280 silly packumentCache full:https://registry.npmjs.org/@electric-sql%2fpglite cache-miss
281 http cache https://registry.npmjs.org/@electric-sql%2fpglite 3ms (cache hit)
282 silly packumentCache full:https://registry.npmjs.org/@electric-sql%2fpglite set size:350280 disposed:false
283 silly fetch manifest @google-cloud/pubsub@^5.2.0
284 silly packumentCache full:https://registry.npmjs.org/@google-cloud%2fpubsub cache-miss
285 http fetch GET 200 https://registry.npmjs.org/@google-cloud%2fpubsub 364ms (cache revalidated)
286 silly packumentCache full:https://registry.npmjs.org/@google-cloud%2fpubsub set size:749033 disposed:false
287 silly fetch manifest @modelcontextprotocol/sdk@^1.24.0
288 silly packumentCache full:https://registry.npmjs.org/@modelcontextprotocol%2fsdk cache-miss
289 http fetch GET 200 https://registry.npmjs.org/@modelcontextprotocol%2fsdk 36ms (cache revalidated)
290 silly packumentCache full:https://registry.npmjs.org/@modelcontextprotocol%2fsdk set size:302290 disposed:false
291 silly fetch manifest @electric-sql/pglite-tools@^0.2.8
292 silly packumentCache full:https://registry.npmjs.org/@electric-sql%2fpglite-tools cache-miss
293 http fetch GET 200 https://registry.npmjs.org/@electric-sql%2fpglite-tools 373ms (cache updated)
294 silly packumentCache full:https://registry.npmjs.org/@electric-sql%2fpglite-tools set size:undefined disposed:false
295 silly fetch manifest @google-cloud/cloud-sql-connector@^1.3.3
296 silly packumentCache full:https://registry.npmjs.org/@google-cloud%2fcloud-sql-connector cache-miss
297 http fetch GET 200 https://registry.npmjs.org/@google-cloud%2fcloud-sql-connector 40ms (cache revalidated)
298 silly packumentCache full:https://registry.npmjs.org/@google-cloud%2fcloud-sql-connector set size:159814 disposed:false
299 silly fetch manifest pg-native@>=3.0.1
300 silly packumentCache full:https://registry.npmjs.org/pg-native cache-miss
301 http fetch GET 200 https://registry.npmjs.org/pg-native 39ms (cache revalidated)
302 silly packumentCache full:https://registry.npmjs.org/pg-native set size:94559 disposed:false
303 silly fetch manifest bufferutil@^4.0.1
304 silly packumentCache full:https://registry.npmjs.org/bufferutil cache-miss
305 http fetch GET 200 https://registry.npmjs.org/bufferutil 26ms (cache revalidated)
306 silly packumentCache full:https://registry.npmjs.org/bufferutil set size:52668 disposed:false
307 silly fetch manifest utf-8-validate@>=5.0.2
308 silly packumentCache full:https://registry.npmjs.org/utf-8-validate cache-miss
309 http fetch GET 200 https://registry.npmjs.org/utf-8-validate 26ms (cache revalidated)
310 silly packumentCache full:https://registry.npmjs.org/utf-8-validate set size:77012 disposed:false
311 silly fetch manifest encoding@^0.1.0
312 silly packumentCache full:https://registry.npmjs.org/encoding cache-miss
313 http fetch GET 200 https://registry.npmjs.org/encoding 155ms (cache revalidated)
314 silly packumentCache full:https://registry.npmjs.org/encoding set size:17833 disposed:false
315 silly fetch manifest @types/node@>=18
316 silly packumentCache full:https://registry.npmjs.org/@types%2fnode cache-miss
317 http fetch GET 200 https://registry.npmjs.org/@types%2fnode 53ms (cache revalidated)
318 silly packumentCache full:https://registry.npmjs.org/@types%2fnode set size:11088606 disposed:false
319 silly fetch manifest @cfworker/json-schema@^4.1.1
320 silly packumentCache full:https://registry.npmjs.org/@cfworker%2fjson-schema cache-miss
321 http fetch GET 200 https://registry.npmjs.org/@cfworker%2fjson-schema 76ms (cache revalidated)
322 silly packumentCache full:https://registry.npmjs.org/@cfworker%2fjson-schema set size:144207 disposed:false
323 silly placeDep node_modules/firebase-tools @apphosting/common@0.0.8 OK for: firebase-tools@15.27.0 want: ^0.0.8
324 silly placeDep node_modules/firebase-tools @electric-sql/pglite@0.3.16 OK for: firebase-tools@15.27.0 want: ^0.3.3
325 silly placeDep node_modules/firebase-tools @electric-sql/pglite-tools@0.2.21 OK for: firebase-tools@15.27.0 want: ^0.2.8
326 silly placeDep node_modules/firebase-tools @google-cloud/cloud-sql-connector@1.11.3 OK for: firebase-tools@15.27.0 want: ^1.3.3
327 silly placeDep node_modules/firebase-tools @google-cloud/pubsub@5.3.1 OK for: firebase-tools@15.27.0 want: ^5.2.0
328 silly placeDep node_modules/firebase-tools @inquirer/prompts@7.10.1 OK for: firebase-tools@15.27.0 want: ^7.10.1
329 silly placeDep node_modules/firebase-tools @modelcontextprotocol/sdk@1.30.0 OK for: firebase-tools@15.27.0 want: ^1.24.0
330 silly placeDep node_modules/firebase-tools abort-controller@3.0.0 OK for: firebase-tools@15.27.0 want: ^3.0.0
331 silly placeDep node_modules/firebase-tools ajv@8.20.0 OK for: firebase-tools@15.27.0 want: ^8.17.1
332 silly placeDep node_modules/firebase-tools ajv-formats@3.0.1 OK for: firebase-tools@15.27.0 want: 3.0.1
333 silly placeDep node_modules/firebase-tools archiver@7.0.1 OK for: firebase-tools@15.27.0 want: ^7.0.0
334 silly placeDep node_modules/firebase-tools async-lock@1.4.1 OK for: firebase-tools@15.27.0 want: 1.4.1
335 silly placeDep node_modules/firebase-tools body-parser@1.20.6 OK for: firebase-tools@15.27.0 want: ^1.19.0
336 silly placeDep node_modules/firebase-tools chokidar@3.6.0 OK for: firebase-tools@15.27.0 want: ^3.6.0
337 silly placeDep node_modules/firebase-tools cjson@0.3.3 OK for: firebase-tools@15.27.0 want: ^0.3.1
338 silly placeDep node_modules/firebase-tools cli-table3@0.6.5 OK for: firebase-tools@15.27.0 want: 0.6.5
339 silly placeDep node_modules/firebase-tools colorette@2.0.20 OK for: firebase-tools@15.27.0 want: ^2.0.19
340 silly placeDep node_modules/firebase-tools commander@5.1.0 OK for: firebase-tools@15.27.0 want: ^5.1.0
341 silly placeDep node_modules/firebase-tools configstore@5.0.1 OK for: firebase-tools@15.27.0 want: ^5.0.1
342 silly placeDep node_modules/firebase-tools cors@2.8.6 OK for: firebase-tools@15.27.0 want: ^2.8.5
343 silly placeDep node_modules/firebase-tools cross-env@7.0.3 OK for: firebase-tools@15.27.0 want: ^7.0.3
344 silly placeDep node_modules/firebase-tools cross-spawn@7.0.6 OK for: firebase-tools@15.27.0 want: ^7.0.5
345 silly placeDep node_modules/firebase-tools csv-parse@5.6.0 OK for: firebase-tools@15.27.0 want: ^5.0.4
346 silly placeDep node_modules/firebase-tools exegesis@4.3.0 OK for: firebase-tools@15.27.0 want: ^4.2.0
347 silly placeDep node_modules/firebase-tools exegesis-express@4.0.0 OK for: firebase-tools@15.27.0 want: ^4.0.0
348 silly placeDep node_modules/firebase-tools express@4.22.2 OK for: firebase-tools@15.27.0 want: ^4.16.4
349 silly placeDep node_modules/firebase-tools form-data@4.0.6 OK for: firebase-tools@15.27.0 want: ^4.0.1
350 silly placeDep node_modules/firebase-tools fs-extra@10.1.0 OK for: firebase-tools@15.27.0 want: ^10.1.0
351 silly placeDep node_modules/firebase-tools fuzzy@0.1.3 OK for: firebase-tools@15.27.0 want: ^0.1.3
352 silly placeDep node_modules/firebase-tools gaxios@6.7.1 OK for: firebase-tools@15.27.0 want: ^6.7.0
353 silly placeDep node_modules/firebase-tools glob@10.5.0 OK for: firebase-tools@15.27.0 want: ^10.5.0
354 silly placeDep node_modules/firebase-tools google-auth-library@9.15.1 OK for: firebase-tools@15.27.0 want: ^9.11.0
355 silly placeDep node_modules/firebase-tools ignore@7.0.6 OK for: firebase-tools@15.27.0 want: ^7.0.4
356 silly placeDep node_modules/firebase-tools js-yaml@4.3.1 OK for: firebase-tools@15.27.0 want: ^4.2.0
357 silly placeDep node_modules/firebase-tools jsonwebtoken@9.0.3 OK for: firebase-tools@15.27.0 want: ^9.0.2
358 silly placeDep node_modules/firebase-tools libsodium-wrappers@0.7.16 OK for: firebase-tools@15.27.0 want: ^0.7.10
359 silly placeDep node_modules/firebase-tools lodash@4.18.1 OK for: firebase-tools@15.27.0 want: ^4.18.0
360 silly placeDep node_modules/firebase-tools lsofi@2.0.0 OK for: firebase-tools@15.27.0 want: ^2.0.0
361 silly placeDep node_modules/firebase-tools marked@13.0.3 OK for: firebase-tools@15.27.0 want: ^13.0.2
362 silly placeDep node_modules/firebase-tools marked-terminal@7.3.0 OK for: firebase-tools@15.27.0 want: ^7.0.0
363 silly placeDep node_modules/firebase-tools mime@2.6.0 OK for: firebase-tools@15.27.0 want: ^2.5.2
364 silly placeDep node_modules/firebase-tools minimatch@3.1.5 OK for: firebase-tools@15.27.0 want: ^3.0.4
365 silly placeDep node_modules/firebase-tools morgan@1.11.0 OK for: firebase-tools@15.27.0 want: ^1.10.0
366 silly placeDep node_modules/firebase-tools node-fetch@2.7.0 OK for: firebase-tools@15.27.0 want: ^2.6.7
367 silly placeDep node_modules/firebase-tools open@6.4.0 OK for: firebase-tools@15.27.0 want: ^6.3.0
368 silly placeDep node_modules/firebase-tools ora@5.4.1 OK for: firebase-tools@15.27.0 want: ^5.4.1
369 silly placeDep node_modules/firebase-tools pg@8.23.0 OK for: firebase-tools@15.27.0 want: ^8.11.3
370 silly placeDep node_modules/firebase-tools pg-gateway@0.3.0-beta.4 OK for: firebase-tools@15.27.0 want: ^0.3.0-beta.4
371 silly placeDep node_modules/firebase-tools pglite-2@0.2.17 OK for: firebase-tools@15.27.0 want: npm:@electric-sql/pglite@0.2.17
372 silly placeDep node_modules/firebase-tools portfinder@1.0.38 OK for: firebase-tools@15.27.0 want: ^1.0.32
373 silly placeDep node_modules/firebase-tools progress@2.0.3 OK for: firebase-tools@15.27.0 want: ^2.0.3
374 silly placeDep node_modules/firebase-tools proxy-agent@6.5.0 OK for: firebase-tools@15.27.0 want: ^6.3.0
375 silly placeDep node_modules/firebase-tools retry@0.13.1 OK for: firebase-tools@15.27.0 want: ^0.13.1
376 silly placeDep node_modules/firebase-tools semver@7.8.5 OK for: firebase-tools@15.27.0 want: ^7.5.2
377 silly placeDep node_modules/firebase-tools sql-formatter@15.8.2 OK for: firebase-tools@15.27.0 want: ^15.3.0
378 silly placeDep node_modules/firebase-tools stream-chain@2.2.5 OK for: firebase-tools@15.27.0 want: ^2.2.4
379 silly placeDep node_modules/firebase-tools stream-json@1.9.1 OK for: firebase-tools@15.27.0 want: ^1.7.3
380 silly placeDep node_modules/firebase-tools superstatic@10.0.0 OK for: firebase-tools@15.27.0 want: ^10.0.0
381 silly placeDep node_modules/firebase-tools tar@7.5.22 OK for: firebase-tools@15.27.0 want: ^7.5.11
382 silly placeDep node_modules/firebase-tools tcp-port-used@1.0.3 OK for: firebase-tools@15.27.0 want: ^1.0.2
383 silly placeDep node_modules/firebase-tools tmp@0.2.7 OK for: firebase-tools@15.27.0 want: ^0.2.3
384 silly placeDep node_modules/firebase-tools triple-beam@1.4.1 OK for: firebase-tools@15.27.0 want: ^1.3.0
385 silly placeDep node_modules/firebase-tools undici@6.28.0 OK for: firebase-tools@15.27.0 want: ^6.19.0
386 silly placeDep node_modules/firebase-tools universal-analytics@0.5.4 OK for: firebase-tools@15.27.0 want: ^0.5.3
387 silly placeDep node_modules/firebase-tools update-notifier-cjs@5.1.7 OK for: firebase-tools@15.27.0 want: ^5.1.6
388 silly placeDep node_modules/firebase-tools winston@3.19.0 OK for: firebase-tools@15.27.0 want: ^3.0.0
389 silly placeDep node_modules/firebase-tools winston-transport@4.9.0 OK for: firebase-tools@15.27.0 want: ^4.4.0
390 silly placeDep node_modules/firebase-tools ws@8.21.3 OK for: firebase-tools@15.27.0 want: ^8.21.1
391 silly placeDep node_modules/firebase-tools yaml@2.9.0 OK for: firebase-tools@15.27.0 want: ^2.8.3
392 silly placeDep node_modules/firebase-tools zod@4.4.3 OK for: firebase-tools@15.27.0 want: ^4.0.0
393 silly fetch manifest gaxios@^7.1.4
394 silly packumentCache full:https://registry.npmjs.org/gaxios cache-hit
395 silly fetch manifest p-throttle@^8.1.0
396 silly packumentCache full:https://registry.npmjs.org/p-throttle cache-miss
397 http fetch GET 200 https://registry.npmjs.org/p-throttle 42ms (cache revalidated)
398 silly packumentCache full:https://registry.npmjs.org/p-throttle set size:47894 disposed:false
399 silly fetch manifest google-auth-library@^10.6.2
400 silly packumentCache full:https://registry.npmjs.org/google-auth-library cache-hit
401 silly fetch manifest @googleapis/sqladmin@^37.0.0
402 silly packumentCache full:https://registry.npmjs.org/@googleapis%2fsqladmin cache-miss
403 http fetch GET 200 https://registry.npmjs.org/@googleapis%2fsqladmin 167ms (cache revalidated)
404 silly packumentCache full:https://registry.npmjs.org/@googleapis%2fsqladmin set size:135961 disposed:false
405 silly fetch manifest long@^5.3.1
406 silly packumentCache full:https://registry.npmjs.org/long cache-miss
407 http fetch GET 200 https://registry.npmjs.org/long 28ms (cache revalidated)
408 silly packumentCache full:https://registry.npmjs.org/long set size:80704 disposed:false
409 silly fetch manifest arrify@^2.0.0
410 silly packumentCache full:https://registry.npmjs.org/arrify cache-miss
411 http fetch GET 200 https://registry.npmjs.org/arrify 30ms (cache revalidated)
412 silly packumentCache full:https://registry.npmjs.org/arrify set size:11862 disposed:false
413 silly fetch manifest extend@^3.0.2
414 silly packumentCache full:https://registry.npmjs.org/extend cache-miss
415 http fetch GET 200 https://registry.npmjs.org/extend 27ms (cache revalidated)
416 silly packumentCache full:https://registry.npmjs.org/extend set size:25974 disposed:false
417 silly fetch manifest heap-js@^2.6.0
418 silly packumentCache full:https://registry.npmjs.org/heap-js cache-miss
419 http fetch GET 200 https://registry.npmjs.org/heap-js 27ms (cache revalidated)
420 silly packumentCache full:https://registry.npmjs.org/heap-js set size:106897 disposed:false
421 silly fetch manifest p-defer@^3.0.0
422 silly packumentCache full:https://registry.npmjs.org/p-defer cache-miss
423 http fetch GET 200 https://registry.npmjs.org/p-defer 32ms (cache revalidated)
424 silly packumentCache full:https://registry.npmjs.org/p-defer set size:17545 disposed:false
425 silly fetch manifest google-gax@^5.0.5
426 silly packumentCache full:https://registry.npmjs.org/google-gax cache-miss
427 http fetch GET 200 https://registry.npmjs.org/google-gax 31ms (cache revalidated)
428 silly packumentCache full:https://registry.npmjs.org/google-gax set size:2085342 disposed:false
429 silly fetch manifest is-stream-ended@^0.1.4
430 silly packumentCache full:https://registry.npmjs.org/is-stream-ended cache-miss
431 http fetch GET 200 https://registry.npmjs.org/is-stream-ended 23ms (cache revalidated)
432 silly packumentCache full:https://registry.npmjs.org/is-stream-ended set size:8902 disposed:false
433 silly fetch manifest lodash.snakecase@^4.1.1
434 silly packumentCache full:https://registry.npmjs.org/lodash.snakecase cache-miss
435 http fetch GET 200 https://registry.npmjs.org/lodash.snakecase 25ms (cache revalidated)
436 silly packumentCache full:https://registry.npmjs.org/lodash.snakecase set size:16878 disposed:false
437 silly fetch manifest @opentelemetry/api@~1.9.0
438 silly packumentCache full:https://registry.npmjs.org/@opentelemetry%2fapi cache-miss
439 http fetch GET 200 https://registry.npmjs.org/@opentelemetry%2fapi 50ms (cache revalidated)
440 silly packumentCache full:https://registry.npmjs.org/@opentelemetry%2fapi set size:272967 disposed:false
441 silly fetch manifest @opentelemetry/core@^1.30.1
442 silly packumentCache full:https://registry.npmjs.org/@opentelemetry%2fcore cache-miss
443 http fetch GET 200 https://registry.npmjs.org/@opentelemetry%2fcore 47ms (cache revalidated)
444 silly packumentCache full:https://registry.npmjs.org/@opentelemetry%2fcore set size:832723 disposed:false
445 silly fetch manifest google-auth-library@^10.5.0
446 silly packumentCache full:https://registry.npmjs.org/google-auth-library cache-hit
447 silly fetch manifest google-logging-utils@^1.1.3
448 silly packumentCache full:https://registry.npmjs.org/google-logging-utils cache-miss
449 http fetch GET 200 https://registry.npmjs.org/google-logging-utils 31ms (cache revalidated)
450 silly packumentCache full:https://registry.npmjs.org/google-logging-utils set size:31146 disposed:false
451 silly fetch manifest @google-cloud/paginator@^6.0.0
452 silly packumentCache full:https://registry.npmjs.org/@google-cloud%2fpaginator cache-miss
453 http fetch GET 200 https://registry.npmjs.org/@google-cloud%2fpaginator 65ms (cache revalidated)
454 silly packumentCache full:https://registry.npmjs.org/@google-cloud%2fpaginator set size:99615 disposed:false
455 silly fetch manifest @google-cloud/promisify@^5.0.0
456 silly packumentCache full:https://registry.npmjs.org/@google-cloud%2fpromisify cache-miss
457 http fetch GET 200 https://registry.npmjs.org/@google-cloud%2fpromisify 60ms (cache revalidated)
458 silly packumentCache full:https://registry.npmjs.org/@google-cloud%2fpromisify set size:78435 disposed:false
459 silly fetch manifest @google-cloud/projectify@^5.0.0
460 silly packumentCache full:https://registry.npmjs.org/@google-cloud%2fprojectify cache-miss
461 http fetch GET 200 https://registry.npmjs.org/@google-cloud%2fprojectify 48ms (cache revalidated)
462 silly packumentCache full:https://registry.npmjs.org/@google-cloud%2fprojectify set size:74040 disposed:false
463 silly fetch manifest @google-cloud/precise-date@^5.0.0
464 silly packumentCache full:https://registry.npmjs.org/@google-cloud%2fprecise-date cache-miss
465 http fetch GET 200 https://registry.npmjs.org/@google-cloud%2fprecise-date 37ms (cache revalidated)
466 silly packumentCache full:https://registry.npmjs.org/@google-cloud%2fprecise-date set size:58219 disposed:false
467 silly fetch manifest @opentelemetry/semantic-conventions@~1.39.0
468 silly packumentCache full:https://registry.npmjs.org/@opentelemetry%2fsemantic-conventions cache-miss
469 http fetch GET 200 https://registry.npmjs.org/@opentelemetry%2fsemantic-conventions 40ms (cache revalidated)
470 silly packumentCache full:https://registry.npmjs.org/@opentelemetry%2fsemantic-conventions set size:428824 disposed:false
471 silly fetch manifest @inquirer/input@^4.3.1
472 silly packumentCache full:https://registry.npmjs.org/@inquirer%2finput cache-miss
473 http fetch GET 200 https://registry.npmjs.org/@inquirer%2finput 36ms (cache revalidated)
474 silly packumentCache full:https://registry.npmjs.org/@inquirer%2finput set size:319406 disposed:false
475 silly fetch manifest @inquirer/editor@^4.2.23
476 silly packumentCache full:https://registry.npmjs.org/@inquirer%2feditor cache-miss
477 http fetch GET 200 https://registry.npmjs.org/@inquirer%2feditor 37ms (cache revalidated)
478 silly packumentCache full:https://registry.npmjs.org/@inquirer%2feditor set size:322894 disposed:false
479 silly fetch manifest @inquirer/expand@^4.0.23
480 silly packumentCache full:https://registry.npmjs.org/@inquirer%2fexpand cache-miss
481 http fetch GET 200 https://registry.npmjs.org/@inquirer%2fexpand 35ms (cache revalidated)
482 silly packumentCache full:https://registry.npmjs.org/@inquirer%2fexpand set size:322112 disposed:false
483 silly fetch manifest @inquirer/number@^3.0.23
484 silly packumentCache full:https://registry.npmjs.org/@inquirer%2fnumber cache-miss
485 http fetch GET 200 https://registry.npmjs.org/@inquirer%2fnumber 161ms (cache revalidated)
486 silly packumentCache full:https://registry.npmjs.org/@inquirer%2fnumber set size:142567 disposed:false
487 silly fetch manifest @inquirer/search@^3.2.2
488 silly packumentCache full:https://registry.npmjs.org/@inquirer%2fsearch cache-miss
489 http fetch GET 200 https://registry.npmjs.org/@inquirer%2fsearch 37ms (cache revalidated)
490 silly packumentCache full:https://registry.npmjs.org/@inquirer%2fsearch set size:142958 disposed:false
491 silly fetch manifest @inquirer/select@^4.4.2
492 silly packumentCache full:https://registry.npmjs.org/@inquirer%2fselect cache-miss
493 http fetch GET 200 https://registry.npmjs.org/@inquirer%2fselect 38ms (cache revalidated)
494 silly packumentCache full:https://registry.npmjs.org/@inquirer%2fselect set size:335462 disposed:false
495 silly fetch manifest @inquirer/confirm@^5.1.21
496 silly packumentCache full:https://registry.npmjs.org/@inquirer%2fconfirm cache-miss
497 http fetch GET 200 https://registry.npmjs.org/@inquirer%2fconfirm 42ms (cache revalidated)
498 silly packumentCache full:https://registry.npmjs.org/@inquirer%2fconfirm set size:320882 disposed:false
499 silly fetch manifest @inquirer/rawlist@^4.1.11
500 silly packumentCache full:https://registry.npmjs.org/@inquirer%2frawlist cache-miss
501 http fetch GET 200 https://registry.npmjs.org/@inquirer%2frawlist 36ms (cache revalidated)
502 silly packumentCache full:https://registry.npmjs.org/@inquirer%2frawlist set size:288948 disposed:false
503 silly fetch manifest @inquirer/checkbox@^4.3.2
504 silly packumentCache full:https://registry.npmjs.org/@inquirer%2fcheckbox cache-miss
505 http fetch GET 200 https://registry.npmjs.org/@inquirer%2fcheckbox 37ms (cache revalidated)
506 silly packumentCache full:https://registry.npmjs.org/@inquirer%2fcheckbox set size:346573 disposed:false
507 silly fetch manifest @inquirer/password@^4.0.23
508 silly packumentCache full:https://registry.npmjs.org/@inquirer%2fpassword cache-miss
509 http fetch GET 200 https://registry.npmjs.org/@inquirer%2fpassword 36ms (cache revalidated)
510 silly packumentCache full:https://registry.npmjs.org/@inquirer%2fpassword set size:318894 disposed:false
511 silly fetch manifest zod@^3.25 || ^4.0
512 silly packumentCache full:https://registry.npmjs.org/zod cache-miss
513 http cache https://registry.npmjs.org/zod 10ms (cache hit)
514 silly packumentCache full:https://registry.npmjs.org/zod set size:3721026 disposed:false
515 silly fetch manifest hono@^4.11.4
516 silly packumentCache full:https://registry.npmjs.org/hono cache-miss
517 http fetch GET 200 https://registry.npmjs.org/hono 132ms (cache updated)
518 silly packumentCache full:https://registry.npmjs.org/hono set size:undefined disposed:false
519 silly fetch manifest jose@^6.1.3
520 silly packumentCache full:https://registry.npmjs.org/jose cache-miss
521 http fetch GET 200 https://registry.npmjs.org/jose 71ms (cache updated)
522 silly packumentCache full:https://registry.npmjs.org/jose set size:undefined disposed:false
523 silly fetch manifest express@^5.2.1
524 silly packumentCache full:https://registry.npmjs.org/express cache-miss
525 http cache https://registry.npmjs.org/express 4ms (cache hit)
526 silly packumentCache full:https://registry.npmjs.org/express set size:804975 disposed:false
527 silly fetch manifest raw-body@^3.0.0
528 silly packumentCache full:https://registry.npmjs.org/raw-body cache-miss
529 http fetch GET 200 https://registry.npmjs.org/raw-body 25ms (cache revalidated)
530 silly packumentCache full:https://registry.npmjs.org/raw-body set size:120042 disposed:false
531 silly fetch manifest ajv-formats@^3.0.1
532 silly packumentCache full:https://registry.npmjs.org/ajv-formats cache-hit
533 silly fetch manifest eventsource@^3.0.2
534 silly packumentCache full:https://registry.npmjs.org/eventsource cache-miss
535 http fetch GET 200 https://registry.npmjs.org/eventsource 32ms (cache updated)
536 silly packumentCache full:https://registry.npmjs.org/eventsource set size:undefined disposed:false
537 silly fetch manifest content-type@^1.0.5
538 silly packumentCache full:https://registry.npmjs.org/content-type cache-miss
539 http fetch GET 200 https://registry.npmjs.org/content-type 25ms (cache updated)
540 silly packumentCache full:https://registry.npmjs.org/content-type set size:undefined disposed:false
541 silly fetch manifest pkce-challenge@^5.0.0
542 silly packumentCache full:https://registry.npmjs.org/pkce-challenge cache-miss
543 http fetch GET 200 https://registry.npmjs.org/pkce-challenge 25ms (cache revalidated)
544 silly packumentCache full:https://registry.npmjs.org/pkce-challenge set size:37734 disposed:false
545 silly fetch manifest @hono/node-server@^1.19.9 || ^2.0.5
546 silly packumentCache full:https://registry.npmjs.org/@hono%2fnode-server cache-miss
547 http fetch GET 200 https://registry.npmjs.org/@hono%2fnode-server 44ms (cache updated)
548 silly packumentCache full:https://registry.npmjs.org/@hono%2fnode-server set size:undefined disposed:false
549 silly fetch manifest json-schema-typed@^8.0.2
550 silly packumentCache full:https://registry.npmjs.org/json-schema-typed cache-miss
551 http fetch GET 200 https://registry.npmjs.org/json-schema-typed 25ms (cache revalidated)
552 silly packumentCache full:https://registry.npmjs.org/json-schema-typed set size:26165 disposed:false
553 silly fetch manifest eventsource-parser@^3.0.0
554 silly packumentCache full:https://registry.npmjs.org/eventsource-parser cache-miss
555 http fetch GET 200 https://registry.npmjs.org/eventsource-parser 23ms (cache revalidated)
556 silly packumentCache full:https://registry.npmjs.org/eventsource-parser set size:85515 disposed:false
557 silly fetch manifest express-rate-limit@^8.2.1
558 silly packumentCache full:https://registry.npmjs.org/express-rate-limit cache-miss
559 http fetch GET 200 https://registry.npmjs.org/express-rate-limit 24ms (cache revalidated)
560 silly packumentCache full:https://registry.npmjs.org/express-rate-limit set size:456657 disposed:false
561 silly fetch manifest zod-to-json-schema@^3.25.1
562 silly packumentCache full:https://registry.npmjs.org/zod-to-json-schema cache-miss
563 http fetch GET 200 https://registry.npmjs.org/zod-to-json-schema 24ms (cache revalidated)
564 silly packumentCache full:https://registry.npmjs.org/zod-to-json-schema set size:309584 disposed:false
565 silly fetch manifest event-target-shim@^5.0.0
566 silly packumentCache full:https://registry.npmjs.org/event-target-shim cache-miss
567 http fetch GET 200 https://registry.npmjs.org/event-target-shim 23ms (cache revalidated)
568 silly packumentCache full:https://registry.npmjs.org/event-target-shim set size:103601 disposed:false
569 silly fetch manifest fast-deep-equal@^3.1.3
570 silly packumentCache full:https://registry.npmjs.org/fast-deep-equal cache-miss
571 http fetch GET 200 https://registry.npmjs.org/fast-deep-equal 25ms (cache revalidated)
572 silly packumentCache full:https://registry.npmjs.org/fast-deep-equal set size:48634 disposed:false
573 silly fetch manifest fast-uri@^3.0.1
574 silly packumentCache full:https://registry.npmjs.org/fast-uri cache-miss
575 http fetch GET 200 https://registry.npmjs.org/fast-uri 22ms (cache revalidated)
576 silly packumentCache full:https://registry.npmjs.org/fast-uri set size:91614 disposed:false
577 silly fetch manifest json-schema-traverse@^1.0.0
578 silly packumentCache full:https://registry.npmjs.org/json-schema-traverse cache-miss
579 http fetch GET 200 https://registry.npmjs.org/json-schema-traverse 23ms (cache revalidated)
580 silly packumentCache full:https://registry.npmjs.org/json-schema-traverse set size:23537 disposed:false
581 silly fetch manifest require-from-string@^2.0.2
582 silly packumentCache full:https://registry.npmjs.org/require-from-string cache-miss
583 http fetch GET 200 https://registry.npmjs.org/require-from-string 25ms (cache revalidated)
584 silly packumentCache full:https://registry.npmjs.org/require-from-string set size:15128 disposed:false
585 silly fetch manifest async@^3.2.4
586 silly packumentCache full:https://registry.npmjs.org/async cache-miss
587 http fetch GET 200 https://registry.npmjs.org/async 24ms (cache revalidated)
588 silly packumentCache full:https://registry.npmjs.org/async set size:230482 disposed:false
589 silly fetch manifest tar-stream@^3.0.0
590 silly packumentCache full:https://registry.npmjs.org/tar-stream cache-miss
591 http fetch GET 200 https://registry.npmjs.org/tar-stream 23ms (cache revalidated)
592 silly packumentCache full:https://registry.npmjs.org/tar-stream set size:137875 disposed:false
593 silly fetch manifest zip-stream@^6.0.1
594 silly packumentCache full:https://registry.npmjs.org/zip-stream cache-miss
595 http fetch GET 200 https://registry.npmjs.org/zip-stream 25ms (cache revalidated)
596 silly packumentCache full:https://registry.npmjs.org/zip-stream set size:109574 disposed:false
597 silly fetch manifest buffer-crc32@^1.0.0
598 silly packumentCache full:https://registry.npmjs.org/buffer-crc32 cache-miss
599 http fetch GET 200 https://registry.npmjs.org/buffer-crc32 24ms (cache revalidated)
600 silly packumentCache full:https://registry.npmjs.org/buffer-crc32 set size:58100 disposed:false
601 silly fetch manifest readdir-glob@^1.1.2
602 silly packumentCache full:https://registry.npmjs.org/readdir-glob cache-miss
603 http fetch GET 200 https://registry.npmjs.org/readdir-glob 25ms (cache revalidated)
604 silly packumentCache full:https://registry.npmjs.org/readdir-glob set size:30196 disposed:false
605 silly fetch manifest archiver-utils@^5.0.2
606 silly packumentCache full:https://registry.npmjs.org/archiver-utils cache-miss
607 http fetch GET 200 https://registry.npmjs.org/archiver-utils 23ms (cache revalidated)
608 silly packumentCache full:https://registry.npmjs.org/archiver-utils set size:31398 disposed:false
609 silly fetch manifest readable-stream@^4.0.0
610 silly packumentCache full:https://registry.npmjs.org/readable-stream cache-miss
611 http fetch GET 200 https://registry.npmjs.org/readable-stream 25ms (cache revalidated)
612 silly packumentCache full:https://registry.npmjs.org/readable-stream set size:261096 disposed:false
613 silly fetch manifest qs@~6.15.1
614 silly packumentCache full:https://registry.npmjs.org/qs cache-miss
615 http fetch GET 200 https://registry.npmjs.org/qs 27ms (cache revalidated)
616 silly packumentCache full:https://registry.npmjs.org/qs set size:360318 disposed:false
617 silly fetch manifest depd@2.0.0
618 silly packumentCache full:https://registry.npmjs.org/depd cache-miss
619 http fetch GET 200 https://registry.npmjs.org/depd 23ms (cache revalidated)
620 silly packumentCache full:https://registry.npmjs.org/depd set size:40182 disposed:false
621 silly fetch manifest bytes@~3.1.2
622 silly packumentCache full:https://registry.npmjs.org/bytes cache-miss
623 http fetch GET 200 https://registry.npmjs.org/bytes 23ms (cache revalidated)
624 silly packumentCache full:https://registry.npmjs.org/bytes set size:37018 disposed:false
625 silly fetch manifest debug@2.6.9
626 silly packumentCache full:https://registry.npmjs.org/debug cache-miss
627 http fetch GET 200 https://registry.npmjs.org/debug 22ms (cache revalidated)
628 silly packumentCache full:https://registry.npmjs.org/debug set size:195840 disposed:false
629 silly fetch manifest unpipe@~1.0.0
630 silly packumentCache full:https://registry.npmjs.org/unpipe cache-miss
631 http fetch GET 200 https://registry.npmjs.org/unpipe 23ms (cache revalidated)
632 silly packumentCache full:https://registry.npmjs.org/unpipe set size:3609 disposed:false
633 silly fetch manifest destroy@~1.2.0
634 silly packumentCache full:https://registry.npmjs.org/destroy cache-miss
635 http fetch GET 200 https://registry.npmjs.org/destroy 22ms (cache revalidated)
636 silly packumentCache full:https://registry.npmjs.org/destroy set size:15738 disposed:false
637 silly fetch manifest type-is@~1.6.18
638 silly packumentCache full:https://registry.npmjs.org/type-is cache-miss
639 http fetch GET 200 https://registry.npmjs.org/type-is 24ms (cache revalidated)
640 silly packumentCache full:https://registry.npmjs.org/type-is set size:88614 disposed:false
641 silly fetch manifest raw-body@~2.5.3
642 silly packumentCache full:https://registry.npmjs.org/raw-body cache-hit
643 silly fetch manifest iconv-lite@~0.4.24
644 silly packumentCache full:https://registry.npmjs.org/iconv-lite cache-miss
645 http fetch GET 200 https://registry.npmjs.org/iconv-lite 23ms (cache revalidated)
646 silly packumentCache full:https://registry.npmjs.org/iconv-lite set size:126462 disposed:false
647 silly fetch manifest http-errors@~2.0.1
648 silly packumentCache full:https://registry.npmjs.org/http-errors cache-miss
649 http fetch GET 200 https://registry.npmjs.org/http-errors 24ms (cache revalidated)
650 silly packumentCache full:https://registry.npmjs.org/http-errors set size:71987 disposed:false
651 silly fetch manifest on-finished@~2.4.1
652 silly packumentCache full:https://registry.npmjs.org/on-finished cache-miss
653 http fetch GET 200 https://registry.npmjs.org/on-finished 22ms (cache revalidated)
654 silly packumentCache full:https://registry.npmjs.org/on-finished set size:23212 disposed:false
655 silly fetch manifest content-type@~1.0.5
656 silly packumentCache full:https://registry.npmjs.org/content-type cache-miss
657 http cache https://registry.npmjs.org/content-type 2ms (cache hit)
658 silly packumentCache full:https://registry.npmjs.org/content-type set size:21479 disposed:false
659 silly fetch manifest braces@~3.0.2
660 silly packumentCache full:https://registry.npmjs.org/braces cache-miss
661 http fetch GET 200 https://registry.npmjs.org/braces 27ms (cache revalidated)
662 silly packumentCache full:https://registry.npmjs.org/braces set size:114529 disposed:false
663 silly fetch manifest is-glob@~4.0.1
664 silly packumentCache full:https://registry.npmjs.org/is-glob cache-miss
665 http fetch GET 200 https://registry.npmjs.org/is-glob 22ms (cache revalidated)
666 silly packumentCache full:https://registry.npmjs.org/is-glob set size:40530 disposed:false
667 silly fetch manifest anymatch@~3.1.2
668 silly packumentCache full:https://registry.npmjs.org/anymatch cache-miss
669 http fetch GET 200 https://registry.npmjs.org/anymatch 22ms (cache revalidated)
670 silly packumentCache full:https://registry.npmjs.org/anymatch set size:42974 disposed:false
671 silly fetch manifest readdirp@~3.6.0
672 silly packumentCache full:https://registry.npmjs.org/readdirp cache-miss
673 http fetch GET 200 https://registry.npmjs.org/readdirp 28ms (cache revalidated)
674 silly packumentCache full:https://registry.npmjs.org/readdirp set size:110119 disposed:false
675 silly fetch manifest glob-parent@~5.1.2
676 silly packumentCache full:https://registry.npmjs.org/glob-parent cache-miss
677 http fetch GET 200 https://registry.npmjs.org/glob-parent 25ms (cache revalidated)
678 silly packumentCache full:https://registry.npmjs.org/glob-parent set size:42445 disposed:false
679 silly fetch manifest is-binary-path@~2.1.0
680 silly packumentCache full:https://registry.npmjs.org/is-binary-path cache-miss
681 http fetch GET 200 https://registry.npmjs.org/is-binary-path 27ms (cache revalidated)
682 silly packumentCache full:https://registry.npmjs.org/is-binary-path set size:13475 disposed:false
683 silly fetch manifest normalize-path@~3.0.0
684 silly packumentCache full:https://registry.npmjs.org/normalize-path cache-miss
685 http fetch GET 200 https://registry.npmjs.org/normalize-path 26ms (cache revalidated)
686 silly packumentCache full:https://registry.npmjs.org/normalize-path set size:28713 disposed:false
687 silly fetch manifest fsevents@~2.3.2
688 silly packumentCache full:https://registry.npmjs.org/fsevents cache-miss
689 http fetch GET 200 https://registry.npmjs.org/fsevents 24ms (cache revalidated)
690 silly packumentCache full:https://registry.npmjs.org/fsevents set size:182472 disposed:false
691 silly fetch manifest json-parse-helpfulerror@^1.0.3
692 silly packumentCache full:https://registry.npmjs.org/json-parse-helpfulerror cache-miss
693 http fetch GET 200 https://registry.npmjs.org/json-parse-helpfulerror 25ms (cache revalidated)
694 silly packumentCache full:https://registry.npmjs.org/json-parse-helpfulerror set size:6012 disposed:false
695 silly fetch manifest string-width@^4.2.0
696 silly packumentCache full:https://registry.npmjs.org/string-width cache-miss
697 http fetch GET 200 https://registry.npmjs.org/string-width 29ms (cache revalidated)
698 silly packumentCache full:https://registry.npmjs.org/string-width set size:72458 disposed:false
699 silly fetch manifest @colors/colors@1.5.0
700 silly packumentCache full:https://registry.npmjs.org/@colors%2fcolors cache-miss
701 http fetch GET 200 https://registry.npmjs.org/@colors%2fcolors 54ms (cache revalidated)
702 silly packumentCache full:https://registry.npmjs.org/@colors%2fcolors set size:12042 disposed:false
703 silly fetch manifest dot-prop@^5.2.0
704 silly packumentCache full:https://registry.npmjs.org/dot-prop cache-miss
705 http fetch GET 200 https://registry.npmjs.org/dot-prop 43ms (cache revalidated)
706 silly packumentCache full:https://registry.npmjs.org/dot-prop set size:77505 disposed:false
707 silly fetch manifest make-dir@^3.0.0
708 silly packumentCache full:https://registry.npmjs.org/make-dir cache-miss
709 http fetch GET 200 https://registry.npmjs.org/make-dir 30ms (cache revalidated)
710 silly packumentCache full:https://registry.npmjs.org/make-dir set size:34889 disposed:false
711 silly fetch manifest graceful-fs@^4.1.2
712 silly packumentCache full:https://registry.npmjs.org/graceful-fs cache-miss
713 http fetch GET 200 https://registry.npmjs.org/graceful-fs 22ms (cache revalidated)
714 silly packumentCache full:https://registry.npmjs.org/graceful-fs set size:124285 disposed:false
715 silly fetch manifest xdg-basedir@^4.0.0
716 silly packumentCache full:https://registry.npmjs.org/xdg-basedir cache-miss
717 http fetch GET 200 https://registry.npmjs.org/xdg-basedir 24ms (cache revalidated)
718 silly packumentCache full:https://registry.npmjs.org/xdg-basedir set size:19771 disposed:false
719 silly fetch manifest unique-string@^2.0.0
720 silly packumentCache full:https://registry.npmjs.org/unique-string cache-miss
721 http fetch GET 200 https://registry.npmjs.org/unique-string 153ms (cache revalidated)
722 silly packumentCache full:https://registry.npmjs.org/unique-string set size:8164 disposed:false
723 silly fetch manifest write-file-atomic@^3.0.0
724 silly packumentCache full:https://registry.npmjs.org/write-file-atomic cache-miss
725 http fetch GET 200 https://registry.npmjs.org/write-file-atomic 24ms (cache revalidated)
726 silly packumentCache full:https://registry.npmjs.org/write-file-atomic set size:82722 disposed:false
727 silly fetch manifest object-assign@^4
728 silly packumentCache full:https://registry.npmjs.org/object-assign cache-miss
729 http fetch GET 200 https://registry.npmjs.org/object-assign 27ms (cache revalidated)
730 silly packumentCache full:https://registry.npmjs.org/object-assign set size:28988 disposed:false
731 silly fetch manifest vary@^1
732 silly packumentCache full:https://registry.npmjs.org/vary cache-miss
733 http fetch GET 200 https://registry.npmjs.org/vary 25ms (cache revalidated)
734 silly packumentCache full:https://registry.npmjs.org/vary set size:15994 disposed:false
735 silly fetch manifest cross-spawn@^7.0.1
736 silly packumentCache full:https://registry.npmjs.org/cross-spawn cache-hit
737 silly fetch manifest which@^2.0.1
738 silly packumentCache full:https://registry.npmjs.org/which cache-miss
739 http fetch GET 200 https://registry.npmjs.org/which 25ms (cache revalidated)
740 silly packumentCache full:https://registry.npmjs.org/which set size:70087 disposed:false
741 silly fetch manifest path-key@^3.1.0
742 silly packumentCache full:https://registry.npmjs.org/path-key cache-miss
743 http fetch GET 200 https://registry.npmjs.org/path-key 23ms (cache revalidated)
744 silly packumentCache full:https://registry.npmjs.org/path-key set size:16975 disposed:false
745 silly fetch manifest shebang-command@^2.0.0
746 silly packumentCache full:https://registry.npmjs.org/shebang-command cache-miss
747 http fetch GET 200 https://registry.npmjs.org/shebang-command 25ms (cache revalidated)
748 silly packumentCache full:https://registry.npmjs.org/shebang-command set size:8525 disposed:false
749 silly fetch manifest @apidevtools/json-schema-ref-parser@^9.0.3
750 silly packumentCache full:https://registry.npmjs.org/@apidevtools%2fjson-schema-ref-parser cache-miss
751 http fetch GET 200 https://registry.npmjs.org/@apidevtools%2fjson-schema-ref-parser 179ms (cache updated)
752 silly packumentCache full:https://registry.npmjs.org/@apidevtools%2fjson-schema-ref-parser set size:undefined disposed:false
753 silly fetch manifest ajv-formats@^2.1.0
754 silly packumentCache full:https://registry.npmjs.org/ajv-formats cache-hit
755 silly fetch manifest content-type@^1.0.4
756 silly packumentCache full:https://registry.npmjs.org/content-type cache-hit
757 silly fetch manifest deep-freeze@0.0.1
758 silly packumentCache full:https://registry.npmjs.org/deep-freeze cache-miss
759 http fetch GET 200 https://registry.npmjs.org/deep-freeze 25ms (cache revalidated)
760 silly packumentCache full:https://registry.npmjs.org/deep-freeze set size:3226 disposed:false
761 silly fetch manifest events-listener@^1.1.0
762 silly packumentCache full:https://registry.npmjs.org/events-listener cache-miss
763 http fetch GET 200 https://registry.npmjs.org/events-listener 22ms (cache revalidated)
764 silly packumentCache full:https://registry.npmjs.org/events-listener set size:11001 disposed:false
765 silly fetch manifest glob@^10.3.10
766 silly packumentCache full:https://registry.npmjs.org/glob cache-hit
767 silly fetch manifest json-ptr@^3.0.1
768 silly packumentCache full:https://registry.npmjs.org/json-ptr cache-miss
769 http fetch GET 200 https://registry.npmjs.org/json-ptr 26ms (cache revalidated)
770 silly packumentCache full:https://registry.npmjs.org/json-ptr set size:1448490 disposed:false
771 silly fetch manifest lodash@^4.17.11
772 silly packumentCache full:https://registry.npmjs.org/lodash cache-miss
773 http cache https://registry.npmjs.org/lodash 4ms (cache hit)
774 silly packumentCache full:https://registry.npmjs.org/lodash set size:247652 disposed:false
775 silly fetch manifest openapi3-ts@^3.1.1
776 silly packumentCache full:https://registry.npmjs.org/openapi3-ts cache-miss
777 http fetch GET 200 https://registry.npmjs.org/openapi3-ts 24ms (cache revalidated)
778 silly packumentCache full:https://registry.npmjs.org/openapi3-ts set size:159478 disposed:false
779 silly fetch manifest promise-breaker@^6.0.0
780 silly packumentCache full:https://registry.npmjs.org/promise-breaker cache-miss
781 http fetch GET 200 https://registry.npmjs.org/promise-breaker 24ms (cache revalidated)
782 silly packumentCache full:https://registry.npmjs.org/promise-breaker set size:71308 disposed:false
783 silly fetch manifest qs@^6.6.0
784 silly packumentCache full:https://registry.npmjs.org/qs cache-hit
785 silly fetch manifest raw-body@^2.3.3
786 silly packumentCache full:https://registry.npmjs.org/raw-body cache-hit
787 silly fetch manifest semver@^7.0.0
788 silly packumentCache full:https://registry.npmjs.org/semver cache-hit
789 silly fetch manifest etag@~1.8.1
790 silly packumentCache full:https://registry.npmjs.org/etag cache-miss
791 http fetch GET 200 https://registry.npmjs.org/etag 22ms (cache revalidated)
792 silly packumentCache full:https://registry.npmjs.org/etag set size:30032 disposed:false
793 silly fetch manifest send@~0.19.0
794 silly packumentCache full:https://registry.npmjs.org/send cache-miss
795 http fetch GET 200 https://registry.npmjs.org/send 22ms (cache revalidated)
796 silly packumentCache full:https://registry.npmjs.org/send set size:152810 disposed:false
797 silly fetch manifest vary@~1.1.2
798 silly packumentCache full:https://registry.npmjs.org/vary cache-hit
799 silly fetch manifest fresh@~0.5.2
800 silly packumentCache full:https://registry.npmjs.org/fresh cache-miss
801 http fetch GET 200 https://registry.npmjs.org/fresh 23ms (cache revalidated)
802 silly packumentCache full:https://registry.npmjs.org/fresh set size:25427 disposed:false
803 silly fetch manifest cookie@~0.7.1
804 silly packumentCache full:https://registry.npmjs.org/cookie cache-miss
805 http fetch GET 200 https://registry.npmjs.org/cookie 21ms (cache revalidated)
806 silly packumentCache full:https://registry.npmjs.org/cookie set size:78274 disposed:false
807 silly fetch manifest accepts@~1.3.8
808 silly packumentCache full:https://registry.npmjs.org/accepts cache-miss
809 http fetch GET 200 https://registry.npmjs.org/accepts 23ms (cache revalidated)
810 silly packumentCache full:https://registry.npmjs.org/accepts set size:77054 disposed:false
811 silly fetch manifest methods@~1.1.2
812 silly packumentCache full:https://registry.npmjs.org/methods cache-miss
813 http fetch GET 200 https://registry.npmjs.org/methods 23ms (cache revalidated)
814 silly packumentCache full:https://registry.npmjs.org/methods set size:12600 disposed:false
815 silly fetch manifest parseurl@~1.3.3
816 silly packumentCache full:https://registry.npmjs.org/parseurl cache-miss
817 http fetch GET 200 https://registry.npmjs.org/parseurl 22ms (cache revalidated)
818 silly packumentCache full:https://registry.npmjs.org/parseurl set size:24148 disposed:false
819 silly fetch manifest statuses@~2.0.1
820 silly packumentCache full:https://registry.npmjs.org/statuses cache-miss
821 http fetch GET 200 https://registry.npmjs.org/statuses 22ms (cache revalidated)
822 silly packumentCache full:https://registry.npmjs.org/statuses set size:37117 disposed:false
823 silly fetch manifest encodeurl@~2.0.0
824 silly packumentCache full:https://registry.npmjs.org/encodeurl cache-miss
825 http fetch GET 200 https://registry.npmjs.org/encodeurl 21ms (cache revalidated)
826 silly packumentCache full:https://registry.npmjs.org/encodeurl set size:12296 disposed:false
827 silly fetch manifest proxy-addr@~2.0.7
828 silly packumentCache full:https://registry.npmjs.org/proxy-addr cache-miss
829 http fetch GET 200 https://registry.npmjs.org/proxy-addr 23ms (cache revalidated)
830 silly packumentCache full:https://registry.npmjs.org/proxy-addr set size:61619 disposed:false
831 silly fetch manifest escape-html@~1.0.3
832 silly packumentCache full:https://registry.npmjs.org/escape-html cache-miss
833 http fetch GET 200 https://registry.npmjs.org/escape-html 25ms (cache revalidated)
834 silly packumentCache full:https://registry.npmjs.org/escape-html set size:7345 disposed:false
835 silly fetch manifest http-errors@~2.0.0
836 silly packumentCache full:https://registry.npmjs.org/http-errors cache-hit
837 silly fetch manifest safe-buffer@5.2.1
838 silly packumentCache full:https://registry.npmjs.org/safe-buffer cache-miss
839 http fetch GET 200 https://registry.npmjs.org/safe-buffer 22ms (cache revalidated)
840 silly packumentCache full:https://registry.npmjs.org/safe-buffer set size:41183 disposed:false
841 silly fetch manifest utils-merge@1.0.1
842 silly packumentCache full:https://registry.npmjs.org/utils-merge cache-miss
843 http fetch GET 200 https://registry.npmjs.org/utils-merge 24ms (cache revalidated)
844 silly packumentCache full:https://registry.npmjs.org/utils-merge set size:5237 disposed:false
845 silly fetch manifest content-type@~1.0.4
846 silly packumentCache full:https://registry.npmjs.org/content-type cache-hit
847 silly fetch manifest finalhandler@~1.3.1
848 silly packumentCache full:https://registry.npmjs.org/finalhandler cache-miss
849 http fetch GET 200 https://registry.npmjs.org/finalhandler 24ms (cache revalidated)
850 silly packumentCache full:https://registry.npmjs.org/finalhandler set size:79291 disposed:false
851 silly fetch manifest range-parser@~1.2.1
852 silly packumentCache full:https://registry.npmjs.org/range-parser cache-miss
853 http fetch GET 200 https://registry.npmjs.org/range-parser 23ms (cache revalidated)
854 silly packumentCache full:https://registry.npmjs.org/range-parser set size:24852 disposed:false
855 silly fetch manifest serve-static@~1.16.2
856 silly packumentCache full:https://registry.npmjs.org/serve-static cache-miss
857 http fetch GET 200 https://registry.npmjs.org/serve-static 26ms (cache revalidated)
858 silly packumentCache full:https://registry.npmjs.org/serve-static set size:150391 disposed:false
859 silly fetch manifest array-flatten@1.1.1
860 silly packumentCache full:https://registry.npmjs.org/array-flatten cache-miss
861 http fetch GET 200 https://registry.npmjs.org/array-flatten 24ms (cache revalidated)
862 silly packumentCache full:https://registry.npmjs.org/array-flatten set size:24005 disposed:false
863 silly fetch manifest path-to-regexp@~0.1.12
864 silly packumentCache full:https://registry.npmjs.org/path-to-regexp cache-miss
865 http fetch GET 200 https://registry.npmjs.org/path-to-regexp 23ms (cache revalidated)
866 silly packumentCache full:https://registry.npmjs.org/path-to-regexp set size:216334 disposed:false
867 silly fetch manifest setprototypeof@1.2.0
868 silly packumentCache full:https://registry.npmjs.org/setprototypeof cache-miss
869 http fetch GET 200 https://registry.npmjs.org/setprototypeof 24ms (cache revalidated)
870 silly packumentCache full:https://registry.npmjs.org/setprototypeof set size:14532 disposed:false
871 silly fetch manifest cookie-signature@~1.0.6
872 silly packumentCache full:https://registry.npmjs.org/cookie-signature cache-miss
873 http fetch GET 200 https://registry.npmjs.org/cookie-signature 23ms (cache revalidated)
874 silly packumentCache full:https://registry.npmjs.org/cookie-signature set size:21777 disposed:false
875 silly fetch manifest merge-descriptors@1.0.3
876 silly packumentCache full:https://registry.npmjs.org/merge-descriptors cache-miss
877 http fetch GET 200 https://registry.npmjs.org/merge-descriptors 25ms (cache revalidated)
878 silly packumentCache full:https://registry.npmjs.org/merge-descriptors set size:16527 disposed:false
879 silly fetch manifest content-disposition@~0.5.4
880 silly packumentCache full:https://registry.npmjs.org/content-disposition cache-miss
881 http fetch GET 200 https://registry.npmjs.org/content-disposition 31ms (cache updated)
882 silly packumentCache full:https://registry.npmjs.org/content-disposition set size:undefined disposed:false
883 silly fetch manifest hasown@^2.0.4
884 silly packumentCache full:https://registry.npmjs.org/hasown cache-miss
885 http fetch GET 200 https://registry.npmjs.org/hasown 24ms (cache revalidated)
886 silly packumentCache full:https://registry.npmjs.org/hasown set size:18361 disposed:false
887 silly fetch manifest asynckit@^0.4.0
888 silly packumentCache full:https://registry.npmjs.org/asynckit cache-miss
889 http fetch GET 200 https://registry.npmjs.org/asynckit 28ms (cache revalidated)
890 silly packumentCache full:https://registry.npmjs.org/asynckit set size:18932 disposed:false
891 silly fetch manifest mime-types@^2.1.35
892 silly packumentCache full:https://registry.npmjs.org/mime-types cache-miss
893 http fetch GET 200 https://registry.npmjs.org/mime-types 26ms (cache revalidated)
894 silly packumentCache full:https://registry.npmjs.org/mime-types set size:139110 disposed:false
895 silly fetch manifest combined-stream@^1.0.8
896 silly packumentCache full:https://registry.npmjs.org/combined-stream cache-miss
897 http fetch GET 200 https://registry.npmjs.org/combined-stream 33ms (cache revalidated)
898 silly packumentCache full:https://registry.npmjs.org/combined-stream set size:40337 disposed:false
899 silly fetch manifest es-set-tostringtag@^2.1.0
900 silly packumentCache full:https://registry.npmjs.org/es-set-tostringtag cache-miss
901 http fetch GET 200 https://registry.npmjs.org/es-set-tostringtag 25ms (cache revalidated)
902 silly packumentCache full:https://registry.npmjs.org/es-set-tostringtag set size:22094 disposed:false
903 silly fetch manifest jsonfile@^6.0.1
904 silly packumentCache full:https://registry.npmjs.org/jsonfile cache-miss
905 http fetch GET 200 https://registry.npmjs.org/jsonfile 23ms (cache revalidated)
906 silly packumentCache full:https://registry.npmjs.org/jsonfile set size:53210 disposed:false
907 silly fetch manifest graceful-fs@^4.2.0
908 silly packumentCache full:https://registry.npmjs.org/graceful-fs cache-hit
909 silly fetch manifest universalify@^2.0.0
910 silly packumentCache full:https://registry.npmjs.org/universalify cache-miss
911 http fetch GET 200 https://registry.npmjs.org/universalify 26ms (cache revalidated)
912 silly packumentCache full:https://registry.npmjs.org/universalify set size:19431 disposed:false
913 silly fetch manifest uuid@^9.0.1
914 silly packumentCache full:https://registry.npmjs.org/uuid cache-miss
915 http fetch GET 200 https://registry.npmjs.org/uuid 25ms (cache revalidated)
916 silly packumentCache full:https://registry.npmjs.org/uuid set size:256419 disposed:false
917 silly fetch manifest is-stream@^2.0.0
918 silly packumentCache full:https://registry.npmjs.org/is-stream cache-miss
919 http fetch GET 200 https://registry.npmjs.org/is-stream 27ms (cache revalidated)
920 silly packumentCache full:https://registry.npmjs.org/is-stream set size:18582 disposed:false
921 silly fetch manifest node-fetch@^2.6.9
922 silly packumentCache full:https://registry.npmjs.org/node-fetch cache-hit
923 silly fetch manifest https-proxy-agent@^7.0.1
924 silly packumentCache full:https://registry.npmjs.org/https-proxy-agent cache-miss
925 http fetch GET 200 https://registry.npmjs.org/https-proxy-agent 26ms (cache revalidated)
926 silly packumentCache full:https://registry.npmjs.org/https-proxy-agent set size:83792 disposed:false
927 silly fetch manifest minipass@^7.1.2
928 silly packumentCache full:https://registry.npmjs.org/minipass cache-miss
929 http fetch GET 200 https://registry.npmjs.org/minipass 36ms (cache revalidated)
930 silly packumentCache full:https://registry.npmjs.org/minipass set size:276925 disposed:false
931 silly fetch manifest jackspeak@^3.1.2
932 silly packumentCache full:https://registry.npmjs.org/jackspeak cache-miss
933 http fetch GET 200 https://registry.npmjs.org/jackspeak 27ms (cache revalidated)
934 silly packumentCache full:https://registry.npmjs.org/jackspeak set size:204267 disposed:false
935 silly fetch manifest minimatch@^9.0.4
936 silly packumentCache full:https://registry.npmjs.org/minimatch cache-hit
937 silly fetch manifest path-scurry@^1.11.1
938 silly packumentCache full:https://registry.npmjs.org/path-scurry cache-miss
939 http fetch GET 200 https://registry.npmjs.org/path-scurry 26ms (cache revalidated)
940 silly packumentCache full:https://registry.npmjs.org/path-scurry set size:117612 disposed:false
941 silly fetch manifest foreground-child@^3.1.0
942 silly packumentCache full:https://registry.npmjs.org/foreground-child cache-miss
943 http fetch GET 200 https://registry.npmjs.org/foreground-child 26ms (cache revalidated)
944 silly packumentCache full:https://registry.npmjs.org/foreground-child set size:71503 disposed:false
945 silly fetch manifest package-json-from-dist@^1.0.0
946 silly packumentCache full:https://registry.npmjs.org/package-json-from-dist cache-miss
947 http fetch GET 200 https://registry.npmjs.org/package-json-from-dist 154ms (cache revalidated)
948 silly packumentCache full:https://registry.npmjs.org/package-json-from-dist set size:8854 disposed:false
949 silly fetch manifest jws@^4.0.0
950 silly packumentCache full:https://registry.npmjs.org/jws cache-miss
951 http fetch GET 200 https://registry.npmjs.org/jws 24ms (cache revalidated)
952 silly packumentCache full:https://registry.npmjs.org/jws set size:48740 disposed:false
953 silly fetch manifest gtoken@^7.0.0
954 silly packumentCache full:https://registry.npmjs.org/gtoken cache-miss
955 http fetch GET 200 https://registry.npmjs.org/gtoken 155ms (cache revalidated)
956 silly packumentCache full:https://registry.npmjs.org/gtoken set size:155604 disposed:false
957 silly fetch manifest base64-js@^1.3.0
958 silly packumentCache full:https://registry.npmjs.org/base64-js cache-miss
959 http fetch GET 200 https://registry.npmjs.org/base64-js 25ms (cache revalidated)
960 silly packumentCache full:https://registry.npmjs.org/base64-js set size:41270 disposed:false
961 silly fetch manifest gcp-metadata@^6.1.0
962 silly packumentCache full:https://registry.npmjs.org/gcp-metadata cache-miss
963 http fetch GET 200 https://registry.npmjs.org/gcp-metadata 31ms (cache revalidated)
964 silly packumentCache full:https://registry.npmjs.org/gcp-metadata set size:210123 disposed:false
965 silly fetch manifest ecdsa-sig-formatter@^1.0.11
966 silly packumentCache full:https://registry.npmjs.org/ecdsa-sig-formatter cache-miss
967 http fetch GET 200 https://registry.npmjs.org/ecdsa-sig-formatter 33ms (cache revalidated)
968 silly packumentCache full:https://registry.npmjs.org/ecdsa-sig-formatter set size:23546 disposed:false
969 silly fetch manifest argparse@^2.0.1
970 silly packumentCache full:https://registry.npmjs.org/argparse cache-miss
971 http fetch GET 200 https://registry.npmjs.org/argparse 29ms (cache revalidated)
972 silly packumentCache full:https://registry.npmjs.org/argparse set size:51348 disposed:false
973 silly fetch manifest ms@^2.1.1
974 silly packumentCache full:https://registry.npmjs.org/ms cache-miss
975 http fetch GET 200 https://registry.npmjs.org/ms 27ms (cache revalidated)
976 silly packumentCache full:https://registry.npmjs.org/ms set size:92208 disposed:false
977 silly fetch manifest jws@^4.0.1
978 silly packumentCache full:https://registry.npmjs.org/jws cache-hit
979 silly fetch manifest semver@^7.5.4
980 silly packumentCache full:https://registry.npmjs.org/semver cache-hit
981 silly fetch manifest lodash.once@^4.0.0
982 silly packumentCache full:https://registry.npmjs.org/lodash.once cache-miss
983 http fetch GET 200 https://registry.npmjs.org/lodash.once 27ms (cache revalidated)
984 silly packumentCache full:https://registry.npmjs.org/lodash.once set size:23407 disposed:false
985 silly fetch manifest lodash.includes@^4.3.0
986 silly packumentCache full:https://registry.npmjs.org/lodash.includes cache-miss
987 http fetch GET 200 https://registry.npmjs.org/lodash.includes 28ms (cache revalidated)
988 silly packumentCache full:https://registry.npmjs.org/lodash.includes set size:27594 disposed:false
989 silly fetch manifest lodash.isnumber@^3.0.3
990 silly packumentCache full:https://registry.npmjs.org/lodash.isnumber cache-miss
991 http fetch GET 200 https://registry.npmjs.org/lodash.isnumber 28ms (cache revalidated)
992 silly packumentCache full:https://registry.npmjs.org/lodash.isnumber set size:21368 disposed:false
993 silly fetch manifest lodash.isstring@^4.0.1
994 silly packumentCache full:https://registry.npmjs.org/lodash.isstring cache-miss
995 http fetch GET 200 https://registry.npmjs.org/lodash.isstring 25ms (cache revalidated)
996 silly packumentCache full:https://registry.npmjs.org/lodash.isstring set size:21368 disposed:false
997 silly fetch manifest lodash.isboolean@^3.0.3
998 silly packumentCache full:https://registry.npmjs.org/lodash.isboolean cache-miss
999 http fetch GET 200 https://registry.npmjs.org/lodash.isboolean 28ms (cache revalidated)
1000 silly packumentCache full:https://registry.npmjs.org/lodash.isboolean set size:21437 disposed:false
1001 silly fetch manifest lodash.isinteger@^4.0.4
1002 silly packumentCache full:https://registry.npmjs.org/lodash.isinteger cache-miss
1003 http fetch GET 200 https://registry.npmjs.org/lodash.isinteger 26ms (cache revalidated)
1004 silly packumentCache full:https://registry.npmjs.org/lodash.isinteger set size:10827 disposed:false
1005 silly fetch manifest lodash.isplainobject@^4.0.6
1006 silly packumentCache full:https://registry.npmjs.org/lodash.isplainobject cache-miss
1007 http fetch GET 200 https://registry.npmjs.org/lodash.isplainobject 26ms (cache revalidated)
1008 silly packumentCache full:https://registry.npmjs.org/lodash.isplainobject set size:38531 disposed:false
1009 silly fetch manifest libsodium@^0.7.16
1010 silly packumentCache full:https://registry.npmjs.org/libsodium cache-miss
1011 http fetch GET 200 https://registry.npmjs.org/libsodium 26ms (cache revalidated)
1012 silly packumentCache full:https://registry.npmjs.org/libsodium set size:89062 disposed:false
1013 silly fetch manifest ansi-escapes@^7.0.0
1014 silly packumentCache full:https://registry.npmjs.org/ansi-escapes cache-miss
1015 http fetch GET 200 https://registry.npmjs.org/ansi-escapes 28ms (cache revalidated)
1016 silly packumentCache full:https://registry.npmjs.org/ansi-escapes set size:70915 disposed:false
1017 silly fetch manifest ansi-regex@^6.1.0
1018 silly packumentCache full:https://registry.npmjs.org/ansi-regex cache-miss
1019 http fetch GET 200 https://registry.npmjs.org/ansi-regex 29ms (cache revalidated)
1020 silly packumentCache full:https://registry.npmjs.org/ansi-regex set size:48203 disposed:false
1021 silly fetch manifest chalk@^5.4.1
1022 silly packumentCache full:https://registry.npmjs.org/chalk cache-miss
1023 http fetch GET 200 https://registry.npmjs.org/chalk 25ms (cache revalidated)
1024 silly packumentCache full:https://registry.npmjs.org/chalk set size:134775 disposed:false
1025 silly fetch manifest cli-highlight@^2.1.11
1026 silly packumentCache full:https://registry.npmjs.org/cli-highlight cache-miss
1027 http fetch GET 200 https://registry.npmjs.org/cli-highlight 32ms (cache revalidated)
1028 silly packumentCache full:https://registry.npmjs.org/cli-highlight set size:82544 disposed:false
1029 silly fetch manifest node-emoji@^2.2.0
1030 silly packumentCache full:https://registry.npmjs.org/node-emoji cache-miss
1031 http fetch GET 200 https://registry.npmjs.org/node-emoji 28ms (cache revalidated)
1032 silly packumentCache full:https://registry.npmjs.org/node-emoji set size:88366 disposed:false
1033 silly fetch manifest supports-hyperlinks@^3.1.0
1034 silly packumentCache full:https://registry.npmjs.org/supports-hyperlinks cache-miss
1035 http fetch GET 200 https://registry.npmjs.org/supports-hyperlinks 24ms (cache revalidated)
1036 silly packumentCache full:https://registry.npmjs.org/supports-hyperlinks set size:38477 disposed:false
1037 silly fetch manifest brace-expansion@^1.1.7
1038 silly packumentCache full:https://registry.npmjs.org/brace-expansion cache-miss
1039 http fetch GET 200 https://registry.npmjs.org/brace-expansion 23ms (cache revalidated)
1040 silly packumentCache full:https://registry.npmjs.org/brace-expansion set size:101024 disposed:false
1041 silly fetch manifest basic-auth@~2.0.1
1042 silly packumentCache full:https://registry.npmjs.org/basic-auth cache-miss
1043 http fetch GET 200 https://registry.npmjs.org/basic-auth 22ms (cache revalidated)
1044 silly packumentCache full:https://registry.npmjs.org/basic-auth set size:24387 disposed:false
1045 silly fetch manifest depd@~2.0.0
1046 silly packumentCache full:https://registry.npmjs.org/depd cache-hit
1047 silly fetch manifest on-headers@~1.1.0
1048 silly packumentCache full:https://registry.npmjs.org/on-headers cache-miss
1049 http fetch GET 200 https://registry.npmjs.org/on-headers 150ms (cache revalidated)
1050 silly packumentCache full:https://registry.npmjs.org/on-headers set size:13226 disposed:false
1051 silly fetch manifest whatwg-url@^5.0.0
1052 silly packumentCache full:https://registry.npmjs.org/whatwg-url cache-miss
1053 http fetch GET 200 https://registry.npmjs.org/whatwg-url 25ms (cache revalidated)
1054 silly packumentCache full:https://registry.npmjs.org/whatwg-url set size:177251 disposed:false
1055 silly fetch manifest is-wsl@^1.1.0
1056 silly packumentCache full:https://registry.npmjs.org/is-wsl cache-miss
1057 http fetch GET 200 https://registry.npmjs.org/is-wsl 25ms (cache revalidated)
1058 silly packumentCache full:https://registry.npmjs.org/is-wsl set size:20683 disposed:false
1059 silly fetch manifest bl@^4.1.0
1060 silly packumentCache full:https://registry.npmjs.org/bl cache-miss
1061 http fetch GET 200 https://registry.npmjs.org/bl 25ms (cache revalidated)
1062 silly packumentCache full:https://registry.npmjs.org/bl set size:237796 disposed:false
1063 silly fetch manifest chalk@^4.1.0
1064 silly packumentCache full:https://registry.npmjs.org/chalk cache-hit
1065 silly fetch manifest wcwidth@^1.0.1
1066 silly packumentCache full:https://registry.npmjs.org/wcwidth cache-miss
1067 http fetch GET 200 https://registry.npmjs.org/wcwidth 25ms (cache revalidated)
1068 silly packumentCache full:https://registry.npmjs.org/wcwidth set size:5904 disposed:false
1069 silly fetch manifest cli-cursor@^3.1.0
1070 silly packumentCache full:https://registry.npmjs.org/cli-cursor cache-miss
1071 http fetch GET 200 https://registry.npmjs.org/cli-cursor 31ms (cache revalidated)
1072 silly packumentCache full:https://registry.npmjs.org/cli-cursor set size:18913 disposed:false
1073 silly fetch manifest strip-ansi@^6.0.0
1074 silly packumentCache full:https://registry.npmjs.org/strip-ansi cache-miss
1075 http fetch GET 200 https://registry.npmjs.org/strip-ansi 26ms (cache revalidated)
1076 silly packumentCache full:https://registry.npmjs.org/strip-ansi set size:44998 disposed:false
1077 silly fetch manifest log-symbols@^4.1.0
1078 silly packumentCache full:https://registry.npmjs.org/log-symbols cache-miss
1079 http fetch GET 200 https://registry.npmjs.org/log-symbols 150ms (cache revalidated)
1080 silly packumentCache full:https://registry.npmjs.org/log-symbols set size:31977 disposed:false
1081 silly fetch manifest cli-spinners@^2.5.0
1082 silly packumentCache full:https://registry.npmjs.org/cli-spinners cache-miss
1083 http fetch GET 200 https://registry.npmjs.org/cli-spinners 25ms (cache revalidated)
1084 silly packumentCache full:https://registry.npmjs.org/cli-spinners set size:67473 disposed:false
1085 silly fetch manifest is-interactive@^1.0.0
1086 silly packumentCache full:https://registry.npmjs.org/is-interactive cache-miss
1087 http fetch GET 200 https://registry.npmjs.org/is-interactive 26ms (cache revalidated)
1088 silly packumentCache full:https://registry.npmjs.org/is-interactive set size:10692 disposed:false
1089 silly fetch manifest is-unicode-supported@^0.1.0
1090 silly packumentCache full:https://registry.npmjs.org/is-unicode-supported cache-miss
1091 http fetch GET 200 https://registry.npmjs.org/is-unicode-supported 23ms (cache revalidated)
1092 silly packumentCache full:https://registry.npmjs.org/is-unicode-supported set size:19461 disposed:false
1093 silly fetch manifest pgpass@1.0.5
1094 silly packumentCache full:https://registry.npmjs.org/pgpass cache-miss
1095 http fetch GET 200 https://registry.npmjs.org/pgpass 27ms (cache revalidated)
1096 silly packumentCache full:https://registry.npmjs.org/pgpass set size:28590 disposed:false
1097 silly fetch manifest pg-pool@^3.14.0
1098 silly packumentCache full:https://registry.npmjs.org/pg-pool cache-miss
1099 http fetch GET 200 https://registry.npmjs.org/pg-pool 25ms (cache revalidated)
1100 silly packumentCache full:https://registry.npmjs.org/pg-pool set size:132010 disposed:false
1101 silly fetch manifest pg-types@2.2.0
1102 silly packumentCache full:https://registry.npmjs.org/pg-types cache-miss
1103 http fetch GET 200 https://registry.npmjs.org/pg-types 25ms (cache revalidated)
1104 silly packumentCache full:https://registry.npmjs.org/pg-types set size:51397 disposed:false
1105 silly fetch manifest pg-protocol@^1.16.0
1106 silly packumentCache full:https://registry.npmjs.org/pg-protocol cache-miss
1107 http fetch GET 200 https://registry.npmjs.org/pg-protocol 23ms (cache revalidated)
1108 silly packumentCache full:https://registry.npmjs.org/pg-protocol set size:57363 disposed:false
1109 silly fetch manifest pg-connection-string@^2.14.0
1110 silly packumentCache full:https://registry.npmjs.org/pg-connection-string cache-miss
1111 http fetch GET 200 https://registry.npmjs.org/pg-connection-string 24ms (cache revalidated)
1112 silly packumentCache full:https://registry.npmjs.org/pg-connection-string set size:78715 disposed:false
1113 silly fetch manifest pg-cloudflare@^1.4.0
1114 silly packumentCache full:https://registry.npmjs.org/pg-cloudflare cache-miss
1115 http fetch GET 200 https://registry.npmjs.org/pg-cloudflare 25ms (cache revalidated)
1116 silly packumentCache full:https://registry.npmjs.org/pg-cloudflare set size:22655 disposed:false
1117 silly fetch manifest async@^3.2.6
1118 silly packumentCache full:https://registry.npmjs.org/async cache-hit
1119 silly fetch manifest debug@^4.3.6
1120 silly packumentCache full:https://registry.npmjs.org/debug cache-hit
1121 silly fetch manifest debug@^4.3.4
1122 silly packumentCache full:https://registry.npmjs.org/debug cache-hit
1123 silly fetch manifest lru-cache@^7.14.1
1124 silly packumentCache full:https://registry.npmjs.org/lru-cache cache-miss
1125 http fetch GET 200 https://registry.npmjs.org/lru-cache 23ms (cache revalidated)
1126 silly packumentCache full:https://registry.npmjs.org/lru-cache set size:460407 disposed:false
1127 silly fetch manifest agent-base@^7.1.2
1128 silly packumentCache full:https://registry.npmjs.org/agent-base cache-miss
1129 http fetch GET 200 https://registry.npmjs.org/agent-base 22ms (cache revalidated)
1130 silly packumentCache full:https://registry.npmjs.org/agent-base set size:72085 disposed:false
1131 silly fetch manifest proxy-from-env@^1.1.0
1132 silly packumentCache full:https://registry.npmjs.org/proxy-from-env cache-miss
1133 http fetch GET 200 https://registry.npmjs.org/proxy-from-env 147ms (cache revalidated)
1134 silly packumentCache full:https://registry.npmjs.org/proxy-from-env set size:21422 disposed:false
1135 silly fetch manifest pac-proxy-agent@^7.1.0
1136 silly packumentCache full:https://registry.npmjs.org/pac-proxy-agent cache-miss
1137 http fetch GET 200 https://registry.npmjs.org/pac-proxy-agent 152ms (cache revalidated)
1138 silly packumentCache full:https://registry.npmjs.org/pac-proxy-agent set size:69698 disposed:false
1139 silly fetch manifest http-proxy-agent@^7.0.1
1140 silly packumentCache full:https://registry.npmjs.org/http-proxy-agent cache-miss
1141 http fetch GET 200 https://registry.npmjs.org/http-proxy-agent 33ms (cache revalidated)
1142 silly packumentCache full:https://registry.npmjs.org/http-proxy-agent set size:57253 disposed:false
1143 silly fetch manifest https-proxy-agent@^7.0.6
1144 silly packumentCache full:https://registry.npmjs.org/https-proxy-agent cache-hit
1145 silly fetch manifest socks-proxy-agent@^8.0.5
1146 silly packumentCache full:https://registry.npmjs.org/socks-proxy-agent cache-miss
1147 http fetch GET 200 https://registry.npmjs.org/socks-proxy-agent 23ms (cache revalidated)
1148 silly packumentCache full:https://registry.npmjs.org/socks-proxy-agent set size:108698 disposed:false
1149 silly fetch manifest nearley@^2.20.1
1150 silly packumentCache full:https://registry.npmjs.org/nearley cache-miss
1151 http fetch GET 200 https://registry.npmjs.org/nearley 152ms (cache revalidated)
1152 silly packumentCache full:https://registry.npmjs.org/nearley set size:210822 disposed:false
1153 silly fetch manifest is-url@^1.2.2
1154 silly packumentCache full:https://registry.npmjs.org/is-url cache-miss
1155 http fetch GET 200 https://registry.npmjs.org/is-url 23ms (cache revalidated)
1156 silly packumentCache full:https://registry.npmjs.org/is-url set size:11343 disposed:false
1157 silly fetch manifest router@^2.0.0
1158 silly packumentCache full:https://registry.npmjs.org/router cache-miss
1159 http fetch GET 200 https://registry.npmjs.org/router 24ms (cache revalidated)
1160 silly packumentCache full:https://registry.npmjs.org/router set size:116499 disposed:false
1161 silly fetch manifest connect@^3.7.0
1162 silly packumentCache full:https://registry.npmjs.org/connect cache-miss
1163 http fetch GET 200 https://registry.npmjs.org/connect 26ms (cache revalidated)
1164 silly packumentCache full:https://registry.npmjs.org/connect set size:438385 disposed:false
1165 silly fetch manifest destroy@^1.0.4
1166 silly packumentCache full:https://registry.npmjs.org/destroy cache-hit
1167 silly fetch manifest commander@^10.0.0
1168 silly packumentCache full:https://registry.npmjs.org/commander cache-hit
1169 silly fetch manifest join-path@^1.1.1
1170 silly packumentCache full:https://registry.npmjs.org/join-path cache-miss
1171 http fetch GET 200 https://registry.npmjs.org/join-path 38ms (cache revalidated)
1172 silly packumentCache full:https://registry.npmjs.org/join-path set size:6792 disposed:false
1173 silly fetch manifest minimatch@^6.1.6
1174 silly packumentCache full:https://registry.npmjs.org/minimatch cache-hit
1175 silly fetch manifest on-headers@^1.0.0
1176 silly packumentCache full:https://registry.npmjs.org/on-headers cache-hit
1177 silly fetch manifest compression@^1.7.0
1178 silly packumentCache full:https://registry.npmjs.org/compression cache-miss
1179 http fetch GET 200 https://registry.npmjs.org/compression 24ms (cache revalidated)
1180 silly packumentCache full:https://registry.npmjs.org/compression set size:98424 disposed:false
1181 silly fetch manifest on-finished@^2.2.0
1182 silly packumentCache full:https://registry.npmjs.org/on-finished cache-hit
1183 silly fetch manifest glob-slasher@^1.0.1
1184 silly packumentCache full:https://registry.npmjs.org/glob-slasher cache-miss
1185 http fetch GET 200 https://registry.npmjs.org/glob-slasher 24ms (cache revalidated)
1186 silly packumentCache full:https://registry.npmjs.org/glob-slasher set size:4547 disposed:false
1187 silly fetch manifest path-to-regexp@^1.9.0
1188 silly packumentCache full:https://registry.npmjs.org/path-to-regexp cache-hit
1189 silly fetch manifest basic-auth-connect@^1.1.0
1190 silly packumentCache full:https://registry.npmjs.org/basic-auth-connect cache-miss
1191 http fetch GET 200 https://registry.npmjs.org/basic-auth-connect 35ms (cache revalidated)
1192 silly packumentCache full:https://registry.npmjs.org/basic-auth-connect set size:5161 disposed:false
1193 silly fetch manifest re2@^1.17.7
1194 silly packumentCache full:https://registry.npmjs.org/re2 cache-miss
1195 http fetch GET 200 https://registry.npmjs.org/re2 26ms (cache revalidated)
1196 silly packumentCache full:https://registry.npmjs.org/re2 set size:255379 disposed:false
1197 silly fetch manifest chownr@^3.0.0
1198 silly packumentCache full:https://registry.npmjs.org/chownr cache-miss
1199 http fetch GET 200 https://registry.npmjs.org/chownr 23ms (cache revalidated)
1200 silly packumentCache full:https://registry.npmjs.org/chownr set size:22157 disposed:false
1201 silly fetch manifest yallist@^5.0.0
1202 silly packumentCache full:https://registry.npmjs.org/yallist cache-miss
1203 http fetch GET 200 https://registry.npmjs.org/yallist 27ms (cache revalidated)
1204 silly packumentCache full:https://registry.npmjs.org/yallist set size:34610 disposed:false
1205 silly fetch manifest minizlib@^3.1.0
1206 silly packumentCache full:https://registry.npmjs.org/minizlib cache-miss
1207 http fetch GET 200 https://registry.npmjs.org/minizlib 27ms (cache revalidated)
1208 silly packumentCache full:https://registry.npmjs.org/minizlib set size:62862 disposed:false
1209 silly fetch manifest @isaacs/fs-minipass@^4.0.0
1210 silly packumentCache full:https://registry.npmjs.org/@isaacs%2ffs-minipass cache-miss
1211 http fetch GET 200 https://registry.npmjs.org/@isaacs%2ffs-minipass 49ms (cache revalidated)
1212 silly packumentCache full:https://registry.npmjs.org/@isaacs%2ffs-minipass set size:7912 disposed:false
1213 silly fetch manifest debug@4.3.1
1214 silly packumentCache full:https://registry.npmjs.org/debug cache-hit
1215 silly fetch manifest is2@2.0.1
1216 silly packumentCache full:https://registry.npmjs.org/is2 cache-miss
1217 http fetch GET 200 https://registry.npmjs.org/is2 26ms (cache revalidated)
1218 silly packumentCache full:https://registry.npmjs.org/is2 set size:60262 disposed:false
1219 silly fetch manifest debug@^4.3.1
1220 silly packumentCache full:https://registry.npmjs.org/debug cache-hit
1221 silly fetch manifest uuid@^14.0.0
1222 silly packumentCache full:https://registry.npmjs.org/uuid cache-hit
1223 silly fetch manifest boxen@^5.0.0
1224 silly packumentCache full:https://registry.npmjs.org/boxen cache-miss
1225 http fetch GET 200 https://registry.npmjs.org/boxen 150ms (cache revalidated)
1226 silly packumentCache full:https://registry.npmjs.org/boxen set size:96237 disposed:false
1227 silly fetch manifest has-yarn@^2.1.0
1228 silly packumentCache full:https://registry.npmjs.org/has-yarn cache-miss
1229 http fetch GET 200 https://registry.npmjs.org/has-yarn 151ms (cache revalidated)
1230 silly packumentCache full:https://registry.npmjs.org/has-yarn set size:12720 disposed:false
1231 silly fetch manifest import-lazy@^2.1.0
1232 silly packumentCache full:https://registry.npmjs.org/import-lazy cache-miss
1233 http fetch GET 200 https://registry.npmjs.org/import-lazy 30ms (cache revalidated)
1234 silly packumentCache full:https://registry.npmjs.org/import-lazy set size:9891 disposed:false
1235 silly fetch manifest is-ci@^2.0.0
1236 silly packumentCache full:https://registry.npmjs.org/is-ci cache-miss
1237 http fetch GET 200 https://registry.npmjs.org/is-ci 151ms (cache revalidated)
1238 silly packumentCache full:https://registry.npmjs.org/is-ci set size:35380 disposed:false
1239 silly fetch manifest is-installed-globally@^0.4.0
1240 silly packumentCache full:https://registry.npmjs.org/is-installed-globally cache-miss
1241 http fetch GET 200 https://registry.npmjs.org/is-installed-globally 153ms (cache revalidated)
1242 silly packumentCache full:https://registry.npmjs.org/is-installed-globally set size:19693 disposed:false
1243 silly fetch manifest is-npm@^5.0.0
1244 silly packumentCache full:https://registry.npmjs.org/is-npm cache-miss
1245 http fetch GET 200 https://registry.npmjs.org/is-npm 23ms (cache revalidated)
1246 silly packumentCache full:https://registry.npmjs.org/is-npm set size:19322 disposed:false
1247 silly fetch manifest is-yarn-global@^0.3.0
1248 silly packumentCache full:https://registry.npmjs.org/is-yarn-global cache-miss
1249 http fetch GET 200 https://registry.npmjs.org/is-yarn-global 152ms (cache revalidated)
1250 silly packumentCache full:https://registry.npmjs.org/is-yarn-global set size:10545 disposed:false
1251 silly fetch manifest isomorphic-fetch@^3.0.0
1252 silly packumentCache full:https://registry.npmjs.org/isomorphic-fetch cache-miss
1253 http fetch GET 200 https://registry.npmjs.org/isomorphic-fetch 25ms (cache revalidated)
1254 silly packumentCache full:https://registry.npmjs.org/isomorphic-fetch set size:45618 disposed:false
1255 silly fetch manifest pupa@^2.1.1
1256 silly packumentCache full:https://registry.npmjs.org/pupa cache-miss
1257 http fetch GET 200 https://registry.npmjs.org/pupa 25ms (cache revalidated)
1258 silly packumentCache full:https://registry.npmjs.org/pupa set size:27054 disposed:false
1259 silly fetch manifest registry-auth-token@^5.0.1
1260 silly packumentCache full:https://registry.npmjs.org/registry-auth-token cache-miss
1261 http fetch GET 200 https://registry.npmjs.org/registry-auth-token 152ms (cache revalidated)
1262 silly packumentCache full:https://registry.npmjs.org/registry-auth-token set size:64303 disposed:false
1263 silly fetch manifest registry-url@^5.1.0
1264 silly packumentCache full:https://registry.npmjs.org/registry-url cache-miss
1265 http fetch GET 200 https://registry.npmjs.org/registry-url 160ms (cache revalidated)
1266 silly packumentCache full:https://registry.npmjs.org/registry-url set size:35136 disposed:false
1267 silly fetch manifest semver-diff@^3.1.1
1268 silly packumentCache full:https://registry.npmjs.org/semver-diff cache-miss
1269 http fetch GET 200 https://registry.npmjs.org/semver-diff 26ms (cache revalidated)
1270 silly packumentCache full:https://registry.npmjs.org/semver-diff set size:20386 disposed:false
1271 silly fetch manifest async@^3.2.3
1272 silly packumentCache full:https://registry.npmjs.org/async cache-hit
1273 silly fetch manifest logform@^2.7.0
1274 silly packumentCache full:https://registry.npmjs.org/logform cache-miss
1275 http fetch GET 200 https://registry.npmjs.org/logform 27ms (cache revalidated)
1276 silly packumentCache full:https://registry.npmjs.org/logform set size:101534 disposed:false
1277 silly fetch manifest one-time@^1.0.0
1278 silly packumentCache full:https://registry.npmjs.org/one-time cache-miss
1279 http fetch GET 200 https://registry.npmjs.org/one-time 27ms (cache revalidated)
1280 silly packumentCache full:https://registry.npmjs.org/one-time set size:12254 disposed:false
1281 silly fetch manifest stack-trace@0.0.x
1282 silly packumentCache full:https://registry.npmjs.org/stack-trace cache-miss
1283 http fetch GET 200 https://registry.npmjs.org/stack-trace 24ms (cache revalidated)
1284 silly packumentCache full:https://registry.npmjs.org/stack-trace set size:26231 disposed:false
1285 silly fetch manifest @colors/colors@^1.6.0
1286 silly packumentCache full:https://registry.npmjs.org/@colors%2fcolors cache-hit
1287 silly fetch manifest readable-stream@^3.4.0
1288 silly packumentCache full:https://registry.npmjs.org/readable-stream cache-hit
1289 silly fetch manifest @dabh/diagnostics@^2.0.8
1290 silly packumentCache full:https://registry.npmjs.org/@dabh%2fdiagnostics cache-miss
1291 http fetch GET 200 https://registry.npmjs.org/@dabh%2fdiagnostics 165ms (cache revalidated)
1292 silly packumentCache full:https://registry.npmjs.org/@dabh%2fdiagnostics set size:34310 disposed:false
1293 silly fetch manifest winston-transport@^4.9.0
1294 silly packumentCache full:https://registry.npmjs.org/winston-transport cache-hit
1295 silly fetch manifest safe-stable-stringify@^2.3.1
1296 silly packumentCache full:https://registry.npmjs.org/safe-stable-stringify cache-miss
1297 http fetch GET 200 https://registry.npmjs.org/safe-stable-stringify 23ms (cache revalidated)
1298 silly packumentCache full:https://registry.npmjs.org/safe-stable-stringify set size:45091 disposed:false
1299 silly fetch manifest readable-stream@^3.6.2
1300 silly packumentCache full:https://registry.npmjs.org/readable-stream cache-hit
1301 silly placeDep node_modules/firebase-tools @googleapis/sqladmin@37.0.0 OK for: @google-cloud/cloud-sql-connector@1.11.3 want: ^37.0.0
1302 silly placeDep node_modules/firebase-tools/node_modules/@google-cloud/cloud-sql-connector gaxios@7.3.1 OK for: @google-cloud/cloud-sql-connector@1.11.3 want: ^7.1.4
1303 silly placeDep node_modules/firebase-tools/node_modules/@google-cloud/cloud-sql-connector google-auth-library@10.9.1 OK for: @google-cloud/cloud-sql-connector@1.11.3 want: ^10.6.2
1304 silly placeDep node_modules/firebase-tools p-throttle@8.1.0 OK for: @google-cloud/cloud-sql-connector@1.11.3 want: ^8.1.0
1305 silly fetch manifest googleapis-common@^8.0.0
1306 silly packumentCache full:https://registry.npmjs.org/googleapis-common cache-miss
1307 http fetch GET 200 https://registry.npmjs.org/googleapis-common 23ms (cache revalidated)
1308 silly packumentCache full:https://registry.npmjs.org/googleapis-common set size:248323 disposed:false
1309 silly fetch manifest node-fetch@^3.3.2
1310 silly packumentCache full:https://registry.npmjs.org/node-fetch cache-hit
1311 silly fetch manifest gcp-metadata@8.1.2
1312 silly packumentCache full:https://registry.npmjs.org/gcp-metadata cache-hit
1313 silly fetch manifest google-logging-utils@1.1.3
1314 silly packumentCache full:https://registry.npmjs.org/google-logging-utils cache-hit
1315 silly placeDep node_modules/firebase-tools @google-cloud/paginator@6.1.0 OK for: @google-cloud/pubsub@5.3.1 want: ^6.0.0
1316 silly placeDep node_modules/firebase-tools @google-cloud/precise-date@5.2.0 OK for: @google-cloud/pubsub@5.3.1 want: ^5.0.0
1317 silly placeDep node_modules/firebase-tools @google-cloud/projectify@5.2.0 OK for: @google-cloud/pubsub@5.3.1 want: ^5.0.0
1318 silly placeDep node_modules/firebase-tools @google-cloud/promisify@5.1.0 OK for: @google-cloud/pubsub@5.3.1 want: ^5.0.0
1319 silly placeDep node_modules/firebase-tools @opentelemetry/api@1.9.1 OK for: @google-cloud/pubsub@5.3.1 want: ~1.9.0
1320 silly placeDep node_modules/firebase-tools @opentelemetry/core@1.30.1 OK for: @google-cloud/pubsub@5.3.1 want: ^1.30.1
1321 silly placeDep node_modules/firebase-tools @opentelemetry/semantic-conventions@1.39.0 OK for: @google-cloud/pubsub@5.3.1 want: ~1.39.0
1322 silly placeDep node_modules/firebase-tools arrify@2.0.1 OK for: @google-cloud/pubsub@5.3.1 want: ^2.0.0
1323 silly placeDep node_modules/firebase-tools extend@3.0.2 OK for: @google-cloud/pubsub@5.3.1 want: ^3.0.2
1324 silly placeDep node_modules/firebase-tools/node_modules/@google-cloud/pubsub google-auth-library@10.9.1 OK for: @google-cloud/pubsub@5.3.1 want: ^10.5.0
1325 silly placeDep node_modules/firebase-tools google-gax@5.0.8 OK for: @google-cloud/pubsub@5.3.1 want: ^5.0.5
1326 silly placeDep node_modules/firebase-tools google-logging-utils@1.2.0 OK for: @google-cloud/pubsub@5.3.1 want: ^1.1.3
1327 silly placeDep node_modules/firebase-tools heap-js@2.7.1 OK for: @google-cloud/pubsub@5.3.1 want: ^2.6.0
1328 silly placeDep node_modules/firebase-tools is-stream-ended@0.1.4 OK for: @google-cloud/pubsub@5.3.1 want: ^0.1.4
1329 silly placeDep node_modules/firebase-tools lodash.snakecase@4.1.1 OK for: @google-cloud/pubsub@5.3.1 want: ^4.1.1
1330 silly placeDep node_modules/firebase-tools long@5.3.2 OK for: @google-cloud/pubsub@5.3.1 want: ^5.3.1
1331 silly placeDep node_modules/firebase-tools p-defer@3.0.0 OK for: @google-cloud/pubsub@5.3.1 want: ^3.0.0
1332 silly fetch manifest @opentelemetry/semantic-conventions@1.28.0
1333 silly packumentCache full:https://registry.npmjs.org/@opentelemetry%2fsemantic-conventions cache-hit
1334 silly fetch manifest rimraf@^5.0.1
1335 silly packumentCache full:https://registry.npmjs.org/rimraf cache-miss
1336 http fetch GET 200 https://registry.npmjs.org/rimraf 22ms (cache revalidated)
1337 silly packumentCache full:https://registry.npmjs.org/rimraf set size:212626 disposed:false
1338 silly fetch manifest duplexify@^4.1.3
1339 silly packumentCache full:https://registry.npmjs.org/duplexify cache-miss
1340 http fetch GET 200 https://registry.npmjs.org/duplexify 26ms (cache revalidated)
1341 silly packumentCache full:https://registry.npmjs.org/duplexify set size:73064 disposed:false
1342 silly fetch manifest protobufjs@^7.5.4
1343 silly packumentCache full:https://registry.npmjs.org/protobufjs cache-miss
1344 http fetch GET 200 https://registry.npmjs.org/protobufjs 26ms (cache revalidated)
1345 silly packumentCache full:https://registry.npmjs.org/protobufjs set size:771492 disposed:false
1346 silly fetch manifest object-hash@^3.0.0
1347 silly packumentCache full:https://registry.npmjs.org/object-hash cache-miss
1348 http fetch GET 200 https://registry.npmjs.org/object-hash 29ms (cache revalidated)
1349 silly packumentCache full:https://registry.npmjs.org/object-hash set size:100564 disposed:false
1350 silly fetch manifest @grpc/grpc-js@^1.12.6
1351 silly packumentCache full:https://registry.npmjs.org/@grpc%2fgrpc-js cache-miss
1352 http fetch GET 200 https://registry.npmjs.org/@grpc%2fgrpc-js 78ms (cache revalidated)
1353 silly packumentCache full:https://registry.npmjs.org/@grpc%2fgrpc-js set size:674221 disposed:false
1354 silly fetch manifest retry-request@^8.0.2
1355 silly packumentCache full:https://registry.npmjs.org/retry-request cache-miss
1356 http fetch GET 200 https://registry.npmjs.org/retry-request 24ms (cache revalidated)
1357 silly packumentCache full:https://registry.npmjs.org/retry-request set size:97210 disposed:false
1358 silly fetch manifest @grpc/proto-loader@^0.8.0
1359 silly packumentCache full:https://registry.npmjs.org/@grpc%2fproto-loader cache-miss
1360 http fetch GET 200 https://registry.npmjs.org/@grpc%2fproto-loader 35ms (cache revalidated)
1361 silly packumentCache full:https://registry.npmjs.org/@grpc%2fproto-loader set size:218355 disposed:false
1362 silly fetch manifest google-auth-library@10.5.0
1363 silly packumentCache full:https://registry.npmjs.org/google-auth-library cache-hit
1364 silly fetch manifest proto3-json-serializer@3.0.4
1365 silly packumentCache full:https://registry.npmjs.org/proto3-json-serializer cache-miss
1366 http fetch GET 200 https://registry.npmjs.org/proto3-json-serializer 30ms (cache revalidated)
1367 silly packumentCache full:https://registry.npmjs.org/proto3-json-serializer set size:96615 disposed:false
1368 silly placeDep node_modules/firebase-tools googleapis-common@8.0.3 OK for: @googleapis/sqladmin@37.0.0 want: ^8.0.0
1369 silly fetch manifest qs@^6.7.0
1370 silly packumentCache full:https://registry.npmjs.org/qs cache-hit
1371 silly fetch manifest gaxios@7.1.3
1372 silly packumentCache full:https://registry.npmjs.org/gaxios cache-hit
1373 silly fetch manifest url-template@^2.0.8
1374 silly packumentCache full:https://registry.npmjs.org/url-template cache-miss
1375 http fetch GET 200 https://registry.npmjs.org/url-template 151ms (cache revalidated)
1376 silly packumentCache full:https://registry.npmjs.org/url-template set size:25205 disposed:false
1377 silly placeDep node_modules/firebase-tools @inquirer/checkbox@4.3.2 OK for: @inquirer/prompts@7.10.1 want: ^4.3.2
1378 silly placeDep node_modules/firebase-tools @inquirer/confirm@5.1.21 OK for: @inquirer/prompts@7.10.1 want: ^5.1.21
1379 silly placeDep node_modules/firebase-tools @inquirer/editor@4.2.23 OK for: @inquirer/prompts@7.10.1 want: ^4.2.23
1380 silly placeDep node_modules/firebase-tools @inquirer/expand@4.0.23 OK for: @inquirer/prompts@7.10.1 want: ^4.0.23
1381 silly placeDep node_modules/firebase-tools @inquirer/input@4.3.1 OK for: @inquirer/prompts@7.10.1 want: ^4.3.1
1382 silly placeDep node_modules/firebase-tools @inquirer/number@3.0.23 OK for: @inquirer/prompts@7.10.1 want: ^3.0.23
1383 silly placeDep node_modules/firebase-tools @inquirer/password@4.0.23 OK for: @inquirer/prompts@7.10.1 want: ^4.0.23
1384 silly placeDep node_modules/firebase-tools @inquirer/rawlist@4.1.11 OK for: @inquirer/prompts@7.10.1 want: ^4.1.11
1385 silly placeDep node_modules/firebase-tools @inquirer/search@3.2.2 OK for: @inquirer/prompts@7.10.1 want: ^3.2.2
1386 silly placeDep node_modules/firebase-tools @inquirer/select@4.4.2 OK for: @inquirer/prompts@7.10.1 want: ^4.4.2
1387 silly fetch manifest @inquirer/ansi@^1.0.2
1388 silly packumentCache full:https://registry.npmjs.org/@inquirer%2fansi cache-miss
1389 http fetch GET 200 https://registry.npmjs.org/@inquirer%2fansi 41ms (cache revalidated)
1390 silly packumentCache full:https://registry.npmjs.org/@inquirer%2fansi set size:29199 disposed:false
1391 silly fetch manifest @inquirer/core@^10.3.2
1392 silly packumentCache full:https://registry.npmjs.org/@inquirer%2fcore cache-miss
1393 http fetch GET 200 https://registry.npmjs.org/@inquirer%2fcore 37ms (cache revalidated)
1394 silly packumentCache full:https://registry.npmjs.org/@inquirer%2fcore set size:353358 disposed:false
1395 silly fetch manifest @inquirer/type@^3.0.10
1396 silly packumentCache full:https://registry.npmjs.org/@inquirer%2ftype cache-miss
1397 http fetch GET 200 https://registry.npmjs.org/@inquirer%2ftype 41ms (cache revalidated)
1398 silly packumentCache full:https://registry.npmjs.org/@inquirer%2ftype set size:119899 disposed:false
1399 silly fetch manifest yoctocolors-cjs@^2.1.3
1400 silly packumentCache full:https://registry.npmjs.org/yoctocolors-cjs cache-miss
1401 http fetch GET 200 https://registry.npmjs.org/yoctocolors-cjs 23ms (cache revalidated)
1402 silly packumentCache full:https://registry.npmjs.org/yoctocolors-cjs set size:12865 disposed:false
1403 silly fetch manifest @inquirer/figures@^1.0.15
1404 silly packumentCache full:https://registry.npmjs.org/@inquirer%2ffigures cache-miss
1405 http fetch GET 200 https://registry.npmjs.org/@inquirer%2ffigures 35ms (cache revalidated)
1406 silly packumentCache full:https://registry.npmjs.org/@inquirer%2ffigures set size:57318 disposed:false
1407 silly fetch manifest @inquirer/external-editor@^1.0.3
1408 silly packumentCache full:https://registry.npmjs.org/@inquirer%2fexternal-editor cache-miss
1409 http fetch GET 200 https://registry.npmjs.org/@inquirer%2fexternal-editor 44ms (cache revalidated)
1410 silly packumentCache full:https://registry.npmjs.org/@inquirer%2fexternal-editor set size:41046 disposed:false
1411 silly placeDep node_modules/firebase-tools @inquirer/ansi@1.0.2 OK for: @inquirer/checkbox@4.3.2 want: ^1.0.2
1412 silly placeDep node_modules/firebase-tools @inquirer/core@10.3.2 OK for: @inquirer/checkbox@4.3.2 want: ^10.3.2
1413 silly placeDep node_modules/firebase-tools @inquirer/figures@1.0.15 OK for: @inquirer/checkbox@4.3.2 want: ^1.0.15
1414 silly placeDep node_modules/firebase-tools @inquirer/type@3.0.10 OK for: @inquirer/checkbox@4.3.2 want: ^3.0.10
1415 silly placeDep node_modules/firebase-tools yoctocolors-cjs@2.1.3 OK for: @inquirer/checkbox@4.3.2 want: ^2.1.3
1416 silly fetch manifest cli-width@^4.1.0
1417 silly packumentCache full:https://registry.npmjs.org/cli-width cache-miss
1418 http fetch GET 200 https://registry.npmjs.org/cli-width 24ms (cache revalidated)
1419 silly packumentCache full:https://registry.npmjs.org/cli-width set size:24976 disposed:false
1420 silly fetch manifest wrap-ansi@^6.2.0
1421 silly packumentCache full:https://registry.npmjs.org/wrap-ansi cache-miss
1422 http fetch GET 200 https://registry.npmjs.org/wrap-ansi 25ms (cache revalidated)
1423 silly packumentCache full:https://registry.npmjs.org/wrap-ansi set size:55299 disposed:false
1424 silly fetch manifest mute-stream@^2.0.0
1425 silly packumentCache full:https://registry.npmjs.org/mute-stream cache-miss
1426 http fetch GET 200 https://registry.npmjs.org/mute-stream 24ms (cache revalidated)
1427 silly packumentCache full:https://registry.npmjs.org/mute-stream set size:24413 disposed:false
1428 silly fetch manifest signal-exit@^4.1.0
1429 silly packumentCache full:https://registry.npmjs.org/signal-exit cache-miss
1430 http fetch GET 200 https://registry.npmjs.org/signal-exit 22ms (cache revalidated)
1431 silly packumentCache full:https://registry.npmjs.org/signal-exit set size:53489 disposed:false
1432 silly placeDep node_modules/firebase-tools cli-width@4.1.0 OK for: @inquirer/core@10.3.2 want: ^4.1.0
1433 silly placeDep node_modules/firebase-tools mute-stream@2.0.0 OK for: @inquirer/core@10.3.2 want: ^2.0.0
1434 silly placeDep node_modules/firebase-tools signal-exit@4.1.0 OK for: @inquirer/core@10.3.2 want: ^4.1.0
1435 silly placeDep node_modules/firebase-tools wrap-ansi@6.2.0 OK for: @inquirer/core@10.3.2 want: ^6.2.0
1436 silly fetch manifest ansi-styles@^4.0.0
1437 silly packumentCache full:https://registry.npmjs.org/ansi-styles cache-miss
1438 http fetch GET 200 https://registry.npmjs.org/ansi-styles 26ms (cache revalidated)
1439 silly packumentCache full:https://registry.npmjs.org/ansi-styles set size:71772 disposed:false
1440 silly fetch manifest string-width@^4.1.0
1441 silly packumentCache full:https://registry.npmjs.org/string-width cache-hit
1442 silly placeDep node_modules/firebase-tools @inquirer/external-editor@1.0.3 OK for: @inquirer/editor@4.2.23 want: ^1.0.3
1443 silly fetch manifest chardet@^2.1.1
1444 silly packumentCache full:https://registry.npmjs.org/chardet cache-miss
1445 http fetch GET 200 https://registry.npmjs.org/chardet 22ms (cache revalidated)
1446 silly packumentCache full:https://registry.npmjs.org/chardet set size:73855 disposed:false
1447 silly fetch manifest iconv-lite@^0.7.0
1448 silly packumentCache full:https://registry.npmjs.org/iconv-lite cache-hit
1449 silly placeDep node_modules/firebase-tools chardet@2.2.0 OK for: @inquirer/external-editor@1.0.3 want: ^2.1.1
1450 silly placeDep node_modules/firebase-tools iconv-lite@0.7.3 OK for: @inquirer/external-editor@1.0.3 want: ^0.7.0
1451 silly fetch manifest safer-buffer@>= 2.1.2 < 3.0.0
1452 silly packumentCache full:https://registry.npmjs.org/safer-buffer cache-miss
1453 http fetch GET 200 https://registry.npmjs.org/safer-buffer 23ms (cache revalidated)
1454 silly packumentCache full:https://registry.npmjs.org/safer-buffer set size:18521 disposed:false
1455 silly placeDep node_modules/firebase-tools @hono/node-server@2.1.1 OK for: @modelcontextprotocol/sdk@1.30.0 want: ^1.19.9 || ^2.0.5
1456 silly placeDep node_modules/firebase-tools hono@4.13.2 OK for: @hono/node-server@2.1.1 want: ^4
1457 silly placeDep node_modules/firebase-tools content-type@1.0.5 OK for: @modelcontextprotocol/sdk@1.30.0 want: ^1.0.5
1458 silly placeDep node_modules/firebase-tools eventsource@3.0.7 OK for: @modelcontextprotocol/sdk@1.30.0 want: ^3.0.2
1459 silly placeDep node_modules/firebase-tools eventsource-parser@3.1.1 OK for: @modelcontextprotocol/sdk@1.30.0 want: ^3.0.0
1460 silly placeDep node_modules/firebase-tools/node_modules/@modelcontextprotocol/sdk express@5.2.1 OK for: @modelcontextprotocol/sdk@1.30.0 want: ^5.2.1
1461 silly placeDep node_modules/firebase-tools express-rate-limit@8.6.2 OK for: @modelcontextprotocol/sdk@1.30.0 want: ^8.2.1
1462 silly placeDep node_modules/firebase-tools jose@6.2.9 OK for: @modelcontextprotocol/sdk@1.30.0 want: ^6.1.3
1463 silly placeDep node_modules/firebase-tools json-schema-typed@8.0.2 OK for: @modelcontextprotocol/sdk@1.30.0 want: ^8.0.2
1464 silly placeDep node_modules/firebase-tools pkce-challenge@5.0.1 OK for: @modelcontextprotocol/sdk@1.30.0 want: ^5.0.0
1465 silly placeDep node_modules/firebase-tools raw-body@3.0.2 OK for: @modelcontextprotocol/sdk@1.30.0 want: ^3.0.0
1466 silly placeDep node_modules/firebase-tools zod-to-json-schema@3.25.2 OK for: @modelcontextprotocol/sdk@1.30.0 want: ^3.25.1
1467 silly fetch manifest eventsource-parser@^3.0.1
1468 silly packumentCache full:https://registry.npmjs.org/eventsource-parser cache-hit
1469 silly fetch manifest qs@^6.14.0
1470 silly packumentCache full:https://registry.npmjs.org/qs cache-hit
1471 silly fetch manifest depd@^2.0.0
1472 silly packumentCache full:https://registry.npmjs.org/depd cache-hit
1473 silly fetch manifest etag@^1.8.1
1474 silly packumentCache full:https://registry.npmjs.org/etag cache-hit
1475 silly fetch manifest once@^1.4.0
1476 silly packumentCache full:https://registry.npmjs.org/once cache-miss
1477 http fetch GET 200 https://registry.npmjs.org/once 34ms (cache revalidated)
1478 silly packumentCache full:https://registry.npmjs.org/once set size:11752 disposed:false
1479 silly fetch manifest send@^1.1.0
1480 silly packumentCache full:https://registry.npmjs.org/send cache-hit
1481 silly fetch manifest vary@^1.1.2
1482 silly packumentCache full:https://registry.npmjs.org/vary cache-hit
1483 silly fetch manifest debug@^4.4.0
1484 silly packumentCache full:https://registry.npmjs.org/debug cache-hit
1485 silly fetch manifest fresh@^2.0.0
1486 silly packumentCache full:https://registry.npmjs.org/fresh cache-hit
1487 silly fetch manifest cookie@^0.7.1
1488 silly packumentCache full:https://registry.npmjs.org/cookie cache-hit
1489 silly fetch manifest router@^2.2.0
1490 silly packumentCache full:https://registry.npmjs.org/router cache-hit
1491 silly fetch manifest accepts@^2.0.0
1492 silly packumentCache full:https://registry.npmjs.org/accepts cache-hit
1493 silly fetch manifest type-is@^2.0.1
1494 silly packumentCache full:https://registry.npmjs.org/type-is cache-hit
1495 silly fetch manifest parseurl@^1.3.3
1496 silly packumentCache full:https://registry.npmjs.org/parseurl cache-hit
1497 silly fetch manifest statuses@^2.0.1
1498 silly packumentCache full:https://registry.npmjs.org/statuses cache-hit
1499 silly fetch manifest encodeurl@^2.0.0
1500 silly packumentCache full:https://registry.npmjs.org/encodeurl cache-hit
1501 silly fetch manifest mime-types@^3.0.0
1502 silly packumentCache full:https://registry.npmjs.org/mime-types cache-hit
1503 silly fetch manifest proxy-addr@^2.0.7
1504 silly packumentCache full:https://registry.npmjs.org/proxy-addr cache-hit
1505 silly fetch manifest body-parser@^2.2.1
1506 silly packumentCache full:https://registry.npmjs.org/body-parser cache-hit
1507 silly fetch manifest escape-html@^1.0.3
1508 silly packumentCache full:https://registry.npmjs.org/escape-html cache-hit
1509 silly fetch manifest http-errors@^2.0.0
1510 silly packumentCache full:https://registry.npmjs.org/http-errors cache-hit
1511 silly fetch manifest on-finished@^2.4.1
1512 silly packumentCache full:https://registry.npmjs.org/on-finished cache-hit
1513 silly fetch manifest finalhandler@^2.1.0
1514 silly packumentCache full:https://registry.npmjs.org/finalhandler cache-hit
1515 silly fetch manifest range-parser@^1.2.1
1516 silly packumentCache full:https://registry.npmjs.org/range-parser cache-hit
1517 silly fetch manifest serve-static@^2.2.0
1518 silly packumentCache full:https://registry.npmjs.org/serve-static cache-hit
1519 silly fetch manifest cookie-signature@^1.2.1
1520 silly packumentCache full:https://registry.npmjs.org/cookie-signature cache-hit
1521 silly fetch manifest merge-descriptors@^2.0.0
1522 silly packumentCache full:https://registry.npmjs.org/merge-descriptors cache-hit
1523 silly fetch manifest content-disposition@^1.0.0
1524 silly packumentCache full:https://registry.npmjs.org/content-disposition cache-miss
1525 http cache https://registry.npmjs.org/content-disposition 3ms (cache hit)
1526 silly packumentCache full:https://registry.npmjs.org/content-disposition set size:45446 disposed:false
1527 silly fetch manifest debug@^4.4.3
1528 silly packumentCache full:https://registry.npmjs.org/debug cache-hit
1529 silly fetch manifest ip-address@^10.2.0
1530 silly packumentCache full:https://registry.npmjs.org/ip-address cache-miss
1531 http fetch GET 200 https://registry.npmjs.org/ip-address 27ms (cache revalidated)
1532 silly packumentCache full:https://registry.npmjs.org/ip-address set size:197475 disposed:false
1533 silly placeDep node_modules/firebase-tools/node_modules/@opentelemetry/core @opentelemetry/semantic-conventions@1.28.0 OK for: @opentelemetry/core@1.30.1 want: 1.28.0
1534 silly placeDep node_modules/firebase-tools event-target-shim@5.0.1 OK for: abort-controller@3.0.0 want: ^5.0.0
1535 silly placeDep node_modules/firebase-tools fast-deep-equal@3.1.3 OK for: ajv@8.20.0 want: ^3.1.3
1536 silly placeDep node_modules/firebase-tools fast-uri@3.1.5 OK for: ajv@8.20.0 want: ^3.0.1
1537 silly placeDep node_modules/firebase-tools json-schema-traverse@1.0.0 OK for: ajv@8.20.0 want: ^1.0.0
1538 silly placeDep node_modules/firebase-tools require-from-string@2.0.2 OK for: ajv@8.20.0 want: ^2.0.2
1539 silly placeDep node_modules/firebase-tools archiver-utils@5.0.2 OK for: archiver@7.0.1 want: ^5.0.2
1540 silly placeDep node_modules/firebase-tools async@3.2.6 OK for: archiver@7.0.1 want: ^3.2.4
1541 silly placeDep node_modules/firebase-tools buffer-crc32@1.0.0 OK for: archiver@7.0.1 want: ^1.0.0
1542 silly placeDep node_modules/firebase-tools readable-stream@4.7.0 OK for: archiver@7.0.1 want: ^4.0.0
1543 silly placeDep node_modules/firebase-tools readdir-glob@1.1.3 OK for: archiver@7.0.1 want: ^1.1.2
1544 silly placeDep node_modules/firebase-tools tar-stream@3.2.0 OK for: archiver@7.0.1 want: ^3.0.0
1545 silly placeDep node_modules/firebase-tools zip-stream@6.0.1 OK for: archiver@7.0.1 want: ^6.0.1
1546 silly fetch manifest is-stream@^2.0.1
1547 silly packumentCache full:https://registry.npmjs.org/is-stream cache-hit
1548 silly fetch manifest lazystream@^1.0.0
1549 silly packumentCache full:https://registry.npmjs.org/lazystream cache-miss
1550 http fetch GET 200 https://registry.npmjs.org/lazystream 23ms (cache revalidated)
1551 silly packumentCache full:https://registry.npmjs.org/lazystream set size:14342 disposed:false
1552 silly fetch manifest normalize-path@^3.0.0
1553 silly packumentCache full:https://registry.npmjs.org/normalize-path cache-hit
1554 silly fetch manifest buffer@^6.0.3
1555 silly packumentCache full:https://registry.npmjs.org/buffer cache-miss
1556 http fetch GET 200 https://registry.npmjs.org/buffer 22ms (cache revalidated)
1557 silly packumentCache full:https://registry.npmjs.org/buffer set size:280480 disposed:false
1558 silly fetch manifest events@^3.3.0
1559 silly packumentCache full:https://registry.npmjs.org/events cache-miss
1560 http fetch GET 200 https://registry.npmjs.org/events 26ms (cache revalidated)
1561 silly packumentCache full:https://registry.npmjs.org/events set size:35240 disposed:false
1562 silly fetch manifest process@^0.11.10
1563 silly packumentCache full:https://registry.npmjs.org/process cache-miss
1564 http fetch GET 200 https://registry.npmjs.org/process 22ms (cache revalidated)
1565 silly packumentCache full:https://registry.npmjs.org/process set size:31260 disposed:false
1566 silly fetch manifest string_decoder@^1.3.0
1567 silly packumentCache full:https://registry.npmjs.org/string_decoder cache-miss
1568 http fetch GET 200 https://registry.npmjs.org/string_decoder 23ms (cache revalidated)
1569 silly packumentCache full:https://registry.npmjs.org/string_decoder set size:28441 disposed:false
1570 silly fetch manifest minimatch@^5.1.0
1571 silly packumentCache full:https://registry.npmjs.org/minimatch cache-hit
1572 silly fetch manifest b4a@^1.6.4
1573 silly packumentCache full:https://registry.npmjs.org/b4a cache-miss
1574 http fetch GET 200 https://registry.npmjs.org/b4a 26ms (cache revalidated)
1575 silly packumentCache full:https://registry.npmjs.org/b4a set size:71632 disposed:false
1576 silly fetch manifest bare-fs@^4.5.5
1577 silly packumentCache full:https://registry.npmjs.org/bare-fs cache-miss
1578 http fetch GET 200 https://registry.npmjs.org/bare-fs 25ms (cache revalidated)
1579 silly packumentCache full:https://registry.npmjs.org/bare-fs set size:186213 disposed:false
1580 silly fetch manifest fast-fifo@^1.2.0
1581 silly packumentCache full:https://registry.npmjs.org/fast-fifo cache-miss
1582 http fetch GET 200 https://registry.npmjs.org/fast-fifo 27ms (cache revalidated)
1583 silly packumentCache full:https://registry.npmjs.org/fast-fifo set size:13855 disposed:false
1584 silly fetch manifest streamx@^2.15.0
1585 silly packumentCache full:https://registry.npmjs.org/streamx cache-miss
1586 http fetch GET 200 https://registry.npmjs.org/streamx 24ms (cache revalidated)
1587 silly packumentCache full:https://registry.npmjs.org/streamx set size:167396 disposed:false
1588 silly fetch manifest compress-commons@^6.0.2
1589 silly packumentCache full:https://registry.npmjs.org/compress-commons cache-miss
1590 http fetch GET 200 https://registry.npmjs.org/compress-commons 27ms (cache revalidated)
1591 silly packumentCache full:https://registry.npmjs.org/compress-commons set size:91385 disposed:false
1592 silly placeDep node_modules/firebase-tools graceful-fs@4.2.11 OK for: archiver-utils@5.0.2 want: ^4.2.0
1593 silly placeDep node_modules/firebase-tools is-stream@2.0.1 OK for: archiver-utils@5.0.2 want: ^2.0.1
1594 silly placeDep node_modules/firebase-tools lazystream@1.0.1 OK for: archiver-utils@5.0.2 want: ^1.0.0
1595 silly placeDep node_modules/firebase-tools normalize-path@3.0.0 OK for: archiver-utils@5.0.2 want: ^3.0.0
1596 silly fetch manifest readable-stream@^2.0.5
1597 silly packumentCache full:https://registry.npmjs.org/readable-stream cache-hit
1598 silly placeDep node_modules/firebase-tools bytes@3.1.2 OK for: body-parser@1.20.6 want: ~3.1.2
1599 silly placeDep node_modules/firebase-tools debug@2.6.9 OK for: body-parser@1.20.6 want: 2.6.9
1600 silly placeDep node_modules/firebase-tools depd@2.0.0 OK for: body-parser@1.20.6 want: 2.0.0
1601 silly placeDep node_modules/firebase-tools destroy@1.2.0 OK for: body-parser@1.20.6 want: ~1.2.0
1602 silly placeDep node_modules/firebase-tools http-errors@2.0.1 OK for: body-parser@1.20.6 want: ~2.0.1
1603 silly placeDep node_modules/firebase-tools/node_modules/body-parser iconv-lite@0.4.24 OK for: body-parser@1.20.6 want: ~0.4.24
1604 silly placeDep node_modules/firebase-tools on-finished@2.4.1 OK for: body-parser@1.20.6 want: ~2.4.1
1605 silly placeDep node_modules/firebase-tools qs@6.15.3 OK for: body-parser@1.20.6 want: ~6.15.1
1606 silly placeDep node_modules/firebase-tools/node_modules/body-parser raw-body@2.5.3 OK for: body-parser@1.20.6 want: ~2.5.3
1607 silly placeDep node_modules/firebase-tools type-is@1.6.18 OK for: body-parser@1.20.6 want: ~1.6.18
1608 silly placeDep node_modules/firebase-tools unpipe@1.0.0 OK for: body-parser@1.20.6 want: ~1.0.0
1609 silly fetch manifest ms@2.0.0
1610 silly packumentCache full:https://registry.npmjs.org/ms cache-hit
1611 silly fetch manifest inherits@~2.0.4
1612 silly packumentCache full:https://registry.npmjs.org/inherits cache-miss
1613 http fetch GET 200 https://registry.npmjs.org/inherits 25ms (cache revalidated)
1614 silly packumentCache full:https://registry.npmjs.org/inherits set size:12925 disposed:false
1615 silly fetch manifest setprototypeof@~1.2.0
1616 silly packumentCache full:https://registry.npmjs.org/setprototypeof cache-hit
1617 silly fetch manifest statuses@~2.0.2
1618 silly packumentCache full:https://registry.npmjs.org/statuses cache-hit
1619 silly fetch manifest toidentifier@~1.0.1
1620 silly packumentCache full:https://registry.npmjs.org/toidentifier cache-miss
1621 http fetch GET 200 https://registry.npmjs.org/toidentifier 25ms (cache revalidated)
1622 silly packumentCache full:https://registry.npmjs.org/toidentifier set size:12006 disposed:false
1623 silly fetch manifest safer-buffer@>= 2.1.2 < 3
1624 silly packumentCache full:https://registry.npmjs.org/safer-buffer cache-hit
1625 silly fetch manifest ee-first@1.1.1
1626 silly packumentCache full:https://registry.npmjs.org/ee-first cache-miss
1627 http fetch GET 200 https://registry.npmjs.org/ee-first 25ms (cache revalidated)
1628 silly packumentCache full:https://registry.npmjs.org/ee-first set size:15327 disposed:false
1629 silly fetch manifest side-channel@^1.1.1
1630 silly packumentCache full:https://registry.npmjs.org/side-channel cache-miss
1631 http fetch GET 200 https://registry.npmjs.org/side-channel 26ms (cache revalidated)
1632 silly packumentCache full:https://registry.npmjs.org/side-channel set size:27650 disposed:false
1633 silly fetch manifest es-define-property@^1.0.1
1634 silly packumentCache full:https://registry.npmjs.org/es-define-property cache-miss
1635 http fetch GET 200 https://registry.npmjs.org/es-define-property 22ms (cache revalidated)
1636 silly packumentCache full:https://registry.npmjs.org/es-define-property set size:8542 disposed:false
1637 silly fetch manifest mime-types@~2.1.24
1638 silly packumentCache full:https://registry.npmjs.org/mime-types cache-hit
1639 silly fetch manifest media-typer@0.3.0
1640 silly packumentCache full:https://registry.npmjs.org/media-typer cache-miss
1641 http fetch GET 200 https://registry.npmjs.org/media-typer 23ms (cache revalidated)
1642 silly packumentCache full:https://registry.npmjs.org/media-typer set size:22074 disposed:false
1643 silly placeDep node_modules/firebase-tools anymatch@3.1.3 OK for: chokidar@3.6.0 want: ~3.1.2
1644 silly placeDep node_modules/firebase-tools braces@3.0.3 OK for: chokidar@3.6.0 want: ~3.0.2
1645 silly placeDep node_modules/firebase-tools fsevents@2.3.3 OK for: chokidar@3.6.0 want: ~2.3.2
1646 silly placeDep node_modules/firebase-tools glob-parent@5.1.2 OK for: chokidar@3.6.0 want: ~5.1.2
1647 silly placeDep node_modules/firebase-tools is-binary-path@2.1.0 OK for: chokidar@3.6.0 want: ~2.1.0
1648 silly placeDep node_modules/firebase-tools is-glob@4.0.3 OK for: chokidar@3.6.0 want: ~4.0.1
1649 silly placeDep node_modules/firebase-tools readdirp@3.6.0 OK for: chokidar@3.6.0 want: ~3.6.0
1650 silly fetch manifest picomatch@^2.0.4
1651 silly packumentCache full:https://registry.npmjs.org/picomatch cache-miss
1652 http fetch GET 200 https://registry.npmjs.org/picomatch 26ms (cache revalidated)
1653 silly packumentCache full:https://registry.npmjs.org/picomatch set size:128942 disposed:false
1654 silly fetch manifest fill-range@^7.1.1
1655 silly packumentCache full:https://registry.npmjs.org/fill-range cache-miss
1656 http fetch GET 200 https://registry.npmjs.org/fill-range 22ms (cache revalidated)
1657 silly packumentCache full:https://registry.npmjs.org/fill-range set size:90162 disposed:false
1658 silly fetch manifest is-glob@^4.0.1
1659 silly packumentCache full:https://registry.npmjs.org/is-glob cache-hit
1660 silly fetch manifest binary-extensions@^2.0.0
1661 silly packumentCache full:https://registry.npmjs.org/binary-extensions cache-miss
1662 http fetch GET 200 https://registry.npmjs.org/binary-extensions 24ms (cache revalidated)
1663 silly packumentCache full:https://registry.npmjs.org/binary-extensions set size:51551 disposed:false
1664 silly fetch manifest is-extglob@^2.1.1
1665 silly packumentCache full:https://registry.npmjs.org/is-extglob cache-miss
1666 http fetch GET 200 https://registry.npmjs.org/is-extglob 22ms (cache revalidated)
1667 silly packumentCache full:https://registry.npmjs.org/is-extglob set size:11766 disposed:false
1668 silly fetch manifest picomatch@^2.2.1
1669 silly packumentCache full:https://registry.npmjs.org/picomatch cache-hit
1670 silly placeDep node_modules/firebase-tools picomatch@2.3.2 OK for: anymatch@3.1.3 want: ^2.0.4
1671 silly placeDep node_modules/firebase-tools fill-range@7.1.1 OK for: braces@3.0.3 want: ^7.1.1
1672 silly fetch manifest to-regex-range@^5.0.1
1673 silly packumentCache full:https://registry.npmjs.org/to-regex-range cache-miss
1674 http fetch GET 200 https://registry.npmjs.org/to-regex-range 29ms (cache revalidated)
1675 silly packumentCache full:https://registry.npmjs.org/to-regex-range set size:61569 disposed:false
1676 silly placeDep node_modules/firebase-tools json-parse-helpfulerror@1.0.3 OK for: cjson@0.3.3 want: ^1.0.3
1677 silly fetch manifest jju@^1.1.0
1678 silly packumentCache full:https://registry.npmjs.org/jju cache-miss
1679 http fetch GET 200 https://registry.npmjs.org/jju 21ms (cache revalidated)
1680 silly packumentCache full:https://registry.npmjs.org/jju set size:37375 disposed:false
1681 silly placeDep node_modules/firebase-tools @colors/colors@1.5.0 OK for: cli-table3@0.6.5 want: 1.5.0
1682 silly placeDep node_modules/firebase-tools string-width@4.2.3 OK for: cli-table3@0.6.5 want: ^4.2.0
1683 silly fetch manifest strip-ansi@^6.0.1
1684 silly packumentCache full:https://registry.npmjs.org/strip-ansi cache-hit
1685 silly fetch manifest emoji-regex@^8.0.0
1686 silly packumentCache full:https://registry.npmjs.org/emoji-regex cache-miss
1687 http fetch GET 200 https://registry.npmjs.org/emoji-regex 26ms (cache revalidated)
1688 silly packumentCache full:https://registry.npmjs.org/emoji-regex set size:89064 disposed:false
1689 silly fetch manifest is-fullwidth-code-point@^3.0.0
1690 silly packumentCache full:https://registry.npmjs.org/is-fullwidth-code-point cache-miss
1691 http fetch GET 200 https://registry.npmjs.org/is-fullwidth-code-point 23ms (cache revalidated)
1692 silly packumentCache full:https://registry.npmjs.org/is-fullwidth-code-point set size:14578 disposed:false
1693 silly placeDep node_modules/firebase-tools dot-prop@5.3.0 OK for: configstore@5.0.1 want: ^5.2.0
1694 silly placeDep node_modules/firebase-tools make-dir@3.1.0 OK for: configstore@5.0.1 want: ^3.0.0
1695 silly placeDep node_modules/firebase-tools unique-string@2.0.0 OK for: configstore@5.0.1 want: ^2.0.0
1696 silly placeDep node_modules/firebase-tools write-file-atomic@3.0.3 OK for: configstore@5.0.1 want: ^3.0.0
1697 silly placeDep node_modules/firebase-tools xdg-basedir@4.0.0 OK for: configstore@5.0.1 want: ^4.0.0
1698 silly fetch manifest is-obj@^2.0.0
1699 silly packumentCache full:https://registry.npmjs.org/is-obj cache-miss
1700 http fetch GET 200 https://registry.npmjs.org/is-obj 25ms (cache revalidated)
1701 silly packumentCache full:https://registry.npmjs.org/is-obj set size:9560 disposed:false
1702 silly fetch manifest semver@^6.0.0
1703 silly packumentCache full:https://registry.npmjs.org/semver cache-hit
1704 silly fetch manifest crypto-random-string@^2.0.0
1705 silly packumentCache full:https://registry.npmjs.org/crypto-random-string cache-miss
1706 http fetch GET 200 https://registry.npmjs.org/crypto-random-string 151ms (cache revalidated)
1707 silly packumentCache full:https://registry.npmjs.org/crypto-random-string set size:32874 disposed:false
1708 silly fetch manifest imurmurhash@^0.1.4
1709 silly packumentCache full:https://registry.npmjs.org/imurmurhash cache-miss
1710 http fetch GET 200 https://registry.npmjs.org/imurmurhash 22ms (cache revalidated)
1711 silly packumentCache full:https://registry.npmjs.org/imurmurhash set size:35819 disposed:false
1712 silly fetch manifest signal-exit@^3.0.2
1713 silly packumentCache full:https://registry.npmjs.org/signal-exit cache-hit
1714 silly fetch manifest is-typedarray@^1.0.0
1715 silly packumentCache full:https://registry.npmjs.org/is-typedarray cache-miss
1716 http fetch GET 200 https://registry.npmjs.org/is-typedarray 23ms (cache revalidated)
1717 silly packumentCache full:https://registry.npmjs.org/is-typedarray set size:3992 disposed:false
1718 silly fetch manifest typedarray-to-buffer@^3.1.5
1719 silly packumentCache full:https://registry.npmjs.org/typedarray-to-buffer cache-miss
1720 http fetch GET 200 https://registry.npmjs.org/typedarray-to-buffer 150ms (cache revalidated)
1721 silly packumentCache full:https://registry.npmjs.org/typedarray-to-buffer set size:38803 disposed:false
1722 silly placeDep node_modules/firebase-tools object-assign@4.1.1 OK for: cors@2.8.6 want: ^4
1723 silly placeDep node_modules/firebase-tools vary@1.1.2 OK for: cors@2.8.6 want: ^1
1724 silly placeDep node_modules/firebase-tools path-key@3.1.1 OK for: cross-spawn@7.0.6 want: ^3.1.0
1725 silly placeDep node_modules/firebase-tools shebang-command@2.0.0 OK for: cross-spawn@7.0.6 want: ^2.0.0
1726 silly placeDep node_modules/firebase-tools which@2.0.2 OK for: cross-spawn@7.0.6 want: ^2.0.1
1727 silly fetch manifest shebang-regex@^3.0.0
1728 silly packumentCache full:https://registry.npmjs.org/shebang-regex cache-miss
1729 http fetch GET 200 https://registry.npmjs.org/shebang-regex 23ms (cache revalidated)
1730 silly packumentCache full:https://registry.npmjs.org/shebang-regex set size:9763 disposed:false
1731 silly fetch manifest isexe@^2.0.0
1732 silly packumentCache full:https://registry.npmjs.org/isexe cache-miss
1733 http fetch GET 200 https://registry.npmjs.org/isexe 23ms (cache revalidated)
1734 silly packumentCache full:https://registry.npmjs.org/isexe set size:31756 disposed:false
1735 silly placeDep node_modules/firebase-tools ms@2.0.0 OK for: debug@2.6.9 want: 2.0.0
1736 silly placeDep node_modules/firebase-tools is-obj@2.0.0 OK for: dot-prop@5.3.0 want: ^2.0.0
1737 silly placeDep node_modules/firebase-tools @apidevtools/json-schema-ref-parser@9.1.2 OK for: exegesis@4.3.0 want: ^9.0.3
1738 silly placeDep node_modules/firebase-tools/node_modules/exegesis ajv-formats@2.1.1 OK for: exegesis@4.3.0 want: ^2.1.0
1739 silly placeDep node_modules/firebase-tools deep-freeze@0.0.1 OK for: exegesis@4.3.0 want: 0.0.1
1740 silly placeDep node_modules/firebase-tools events-listener@1.1.0 OK for: exegesis@4.3.0 want: ^1.1.0
1741 silly placeDep node_modules/firebase-tools json-ptr@3.1.1 OK for: exegesis@4.3.0 want: ^3.0.1
1742 silly placeDep node_modules/firebase-tools openapi3-ts@3.2.0 OK for: exegesis@4.3.0 want: ^3.1.1
1743 silly placeDep node_modules/firebase-tools promise-breaker@6.0.0 OK for: exegesis@4.3.0 want: ^6.0.0
1744 silly placeDep node_modules/firebase-tools/node_modules/exegesis raw-body@2.5.3 OK for: exegesis@4.3.0 want: ^2.3.3
1745 silly fetch manifest call-me-maybe@^1.0.1
1746 silly packumentCache full:https://registry.npmjs.org/call-me-maybe cache-miss
1747 http fetch GET 200 https://registry.npmjs.org/call-me-maybe 24ms (cache revalidated)
1748 silly packumentCache full:https://registry.npmjs.org/call-me-maybe set size:11485 disposed:false
1749 silly fetch manifest @jsdevtools/ono@^7.1.3
1750 silly packumentCache full:https://registry.npmjs.org/@jsdevtools%2fono cache-miss
1751 http fetch GET 200 https://registry.npmjs.org/@jsdevtools%2fono 165ms (cache revalidated)
1752 silly packumentCache full:https://registry.npmjs.org/@jsdevtools%2fono set size:45695 disposed:false
1753 silly fetch manifest @types/json-schema@^7.0.6
1754 silly packumentCache full:https://registry.npmjs.org/@types%2fjson-schema cache-miss
1755 http fetch GET 200 https://registry.npmjs.org/@types%2fjson-schema 31ms (cache revalidated)
1756 silly packumentCache full:https://registry.npmjs.org/@types%2fjson-schema set size:44704 disposed:false
1757 silly placeDep node_modules/firebase-tools @jsdevtools/ono@7.1.3 OK for: @apidevtools/json-schema-ref-parser@9.1.2 want: ^7.1.3
1758 silly placeDep node_modules/firebase-tools @types/json-schema@7.0.15 OK for: @apidevtools/json-schema-ref-parser@9.1.2 want: ^7.0.6
1759 silly placeDep node_modules/firebase-tools call-me-maybe@1.0.2 OK for: @apidevtools/json-schema-ref-parser@9.1.2 want: ^1.0.1
1760 silly placeDep node_modules/firebase-tools accepts@1.3.8 OK for: express@4.22.2 want: ~1.3.8
1761 silly placeDep node_modules/firebase-tools array-flatten@1.1.1 OK for: express@4.22.2 want: 1.1.1
1762 silly placeDep node_modules/firebase-tools content-disposition@0.5.4 OK for: express@4.22.2 want: ~0.5.4
1763 silly placeDep node_modules/firebase-tools cookie@0.7.2 OK for: express@4.22.2 want: ~0.7.1
1764 silly placeDep node_modules/firebase-tools cookie-signature@1.0.7 OK for: express@4.22.2 want: ~1.0.6
1765 silly placeDep node_modules/firebase-tools encodeurl@2.0.0 OK for: express@4.22.2 want: ~2.0.0
1766 silly placeDep node_modules/firebase-tools escape-html@1.0.3 OK for: express@4.22.2 want: ~1.0.3
1767 silly placeDep node_modules/firebase-tools etag@1.8.1 OK for: express@4.22.2 want: ~1.8.1
1768 silly placeDep node_modules/firebase-tools finalhandler@1.3.2 OK for: express@4.22.2 want: ~1.3.1
1769 silly placeDep node_modules/firebase-tools fresh@0.5.2 OK for: express@4.22.2 want: ~0.5.2
1770 silly placeDep node_modules/firebase-tools merge-descriptors@1.0.3 OK for: express@4.22.2 want: 1.0.3
1771 silly placeDep node_modules/firebase-tools methods@1.1.2 OK for: express@4.22.2 want: ~1.1.2
1772 silly placeDep node_modules/firebase-tools parseurl@1.3.3 OK for: express@4.22.2 want: ~1.3.3
1773 silly placeDep node_modules/firebase-tools path-to-regexp@0.1.13 OK for: express@4.22.2 want: ~0.1.12
1774 silly placeDep node_modules/firebase-tools proxy-addr@2.0.7 OK for: express@4.22.2 want: ~2.0.7
1775 silly placeDep node_modules/firebase-tools range-parser@1.2.1 OK for: express@4.22.2 want: ~1.2.1
1776 silly placeDep node_modules/firebase-tools safe-buffer@5.2.1 OK for: express@4.22.2 want: 5.2.1
1777 silly placeDep node_modules/firebase-tools send@0.19.2 OK for: express@4.22.2 want: ~0.19.0
1778 silly placeDep node_modules/firebase-tools serve-static@1.16.3 OK for: express@4.22.2 want: ~1.16.2
1779 silly placeDep node_modules/firebase-tools setprototypeof@1.2.0 OK for: express@4.22.2 want: 1.2.0
1780 silly placeDep node_modules/firebase-tools statuses@2.0.2 OK for: express@4.22.2 want: ~2.0.1
1781 silly placeDep node_modules/firebase-tools utils-merge@1.0.1 OK for: express@4.22.2 want: 1.0.1
1782 silly fetch manifest mime-types@~2.1.34
1783 silly packumentCache full:https://registry.npmjs.org/mime-types cache-hit
1784 silly fetch manifest negotiator@0.6.3
1785 silly packumentCache full:https://registry.npmjs.org/negotiator cache-miss
1786 http fetch GET 200 https://registry.npmjs.org/negotiator 24ms (cache revalidated)
1787 silly packumentCache full:https://registry.npmjs.org/negotiator set size:48046 disposed:false
1788 silly fetch manifest forwarded@0.2.0
1789 silly packumentCache full:https://registry.npmjs.org/forwarded cache-miss
1790 http fetch GET 200 https://registry.npmjs.org/forwarded 28ms (cache revalidated)
1791 silly packumentCache full:https://registry.npmjs.org/forwarded set size:11229 disposed:false
1792 silly fetch manifest ipaddr.js@1.9.1
1793 silly packumentCache full:https://registry.npmjs.org/ipaddr.js cache-miss
1794 http fetch GET 200 https://registry.npmjs.org/ipaddr.js 24ms (cache revalidated)
1795 silly packumentCache full:https://registry.npmjs.org/ipaddr.js set size:84329 disposed:false
1796 silly fetch manifest ms@2.1.3
1797 silly packumentCache full:https://registry.npmjs.org/ms cache-hit
1798 silly fetch manifest mime@1.6.0
1799 silly packumentCache full:https://registry.npmjs.org/mime cache-hit
1800 silly placeDep node_modules/firebase-tools mime-types@2.1.35 OK for: accepts@1.3.8 want: ~2.1.34
1801 silly placeDep node_modules/firebase-tools negotiator@0.6.3 OK for: accepts@1.3.8 want: 0.6.3
1802 silly fetch manifest mime-db@1.52.0
1803 silly packumentCache full:https://registry.npmjs.org/mime-db cache-miss
1804 http fetch GET 200 https://registry.npmjs.org/mime-db 23ms (cache revalidated)
1805 silly packumentCache full:https://registry.npmjs.org/mime-db set size:164953 disposed:false
1806 silly placeDep node_modules/firebase-tools/node_modules/express-rate-limit debug@4.4.3 OK for: express-rate-limit@8.6.2 want: ^4.4.3
1807 silly placeDep node_modules/firebase-tools ip-address@10.5.0 OK for: express-rate-limit@8.6.2 want: ^10.2.0
1808 silly fetch manifest ms@^2.1.3
1809 silly packumentCache full:https://registry.npmjs.org/ms cache-hit
1810 silly placeDep node_modules/firebase-tools to-regex-range@5.0.1 OK for: fill-range@7.1.1 want: ^5.0.1
1811 silly fetch manifest is-number@^7.0.0
1812 silly packumentCache full:https://registry.npmjs.org/is-number cache-miss
1813 http fetch GET 200 https://registry.npmjs.org/is-number 26ms (cache revalidated)
1814 silly packumentCache full:https://registry.npmjs.org/is-number set size:36183 disposed:false
1815 silly placeDep node_modules/firebase-tools asynckit@0.4.0 OK for: form-data@4.0.6 want: ^0.4.0
1816 silly placeDep node_modules/firebase-tools combined-stream@1.0.8 OK for: form-data@4.0.6 want: ^1.0.8
1817 silly placeDep node_modules/firebase-tools es-set-tostringtag@2.1.0 OK for: form-data@4.0.6 want: ^2.1.0
1818 silly placeDep node_modules/firebase-tools hasown@2.0.4 OK for: form-data@4.0.6 want: ^2.0.4
1819 silly fetch manifest delayed-stream@~1.0.0
1820 silly packumentCache full:https://registry.npmjs.org/delayed-stream cache-miss
1821 http fetch GET 200 https://registry.npmjs.org/delayed-stream 24ms (cache revalidated)
1822 silly packumentCache full:https://registry.npmjs.org/delayed-stream set size:15820 disposed:false
1823 silly fetch manifest es-errors@^1.3.0
1824 silly packumentCache full:https://registry.npmjs.org/es-errors cache-miss
1825 http fetch GET 200 https://registry.npmjs.org/es-errors 24ms (cache revalidated)
1826 silly packumentCache full:https://registry.npmjs.org/es-errors set size:16918 disposed:false
1827 silly fetch manifest get-intrinsic@^1.2.6
1828 silly packumentCache full:https://registry.npmjs.org/get-intrinsic cache-miss
1829 http fetch GET 200 https://registry.npmjs.org/get-intrinsic 26ms (cache revalidated)
1830 silly packumentCache full:https://registry.npmjs.org/get-intrinsic set size:60985 disposed:false
1831 silly fetch manifest has-tostringtag@^1.0.2
1832 silly packumentCache full:https://registry.npmjs.org/has-tostringtag cache-miss
1833 http fetch GET 200 https://registry.npmjs.org/has-tostringtag 27ms (cache revalidated)
1834 silly packumentCache full:https://registry.npmjs.org/has-tostringtag set size:13945 disposed:false
1835 silly fetch manifest hasown@^2.0.2
1836 silly packumentCache full:https://registry.npmjs.org/hasown cache-hit
1837 silly fetch manifest function-bind@^1.1.2
1838 silly packumentCache full:https://registry.npmjs.org/function-bind cache-miss
1839 http fetch GET 200 https://registry.npmjs.org/function-bind 153ms (cache revalidated)
1840 silly packumentCache full:https://registry.npmjs.org/function-bind set size:15733 disposed:false
1841 silly placeDep node_modules/firebase-tools delayed-stream@1.0.0 OK for: combined-stream@1.0.8 want: ~1.0.0
1842 silly placeDep node_modules/firebase-tools es-errors@1.3.0 OK for: es-set-tostringtag@2.1.0 want: ^1.3.0
1843 silly placeDep node_modules/firebase-tools get-intrinsic@1.3.0 OK for: es-set-tostringtag@2.1.0 want: ^1.2.6
1844 silly placeDep node_modules/firebase-tools has-tostringtag@1.0.2 OK for: es-set-tostringtag@2.1.0 want: ^1.0.2
1845 silly fetch manifest gopd@^1.2.0
1846 silly packumentCache full:https://registry.npmjs.org/gopd cache-miss
1847 http fetch GET 200 https://registry.npmjs.org/gopd 26ms (cache revalidated)
1848 silly packumentCache full:https://registry.npmjs.org/gopd set size:11483 disposed:false
1849 silly fetch manifest get-proto@^1.0.1
1850 silly packumentCache full:https://registry.npmjs.org/get-proto cache-miss
1851 http fetch GET 200 https://registry.npmjs.org/get-proto 23ms (cache revalidated)
1852 silly packumentCache full:https://registry.npmjs.org/get-proto set size:8300 disposed:false
1853 silly fetch manifest has-symbols@^1.1.0
1854 silly packumentCache full:https://registry.npmjs.org/has-symbols cache-miss
1855 http fetch GET 200 https://registry.npmjs.org/has-symbols 24ms (cache revalidated)
1856 silly packumentCache full:https://registry.npmjs.org/has-symbols set size:21550 disposed:false
1857 silly fetch manifest es-object-atoms@^1.1.1
1858 silly packumentCache full:https://registry.npmjs.org/es-object-atoms cache-miss
1859 http fetch GET 200 https://registry.npmjs.org/es-object-atoms 28ms (cache revalidated)
1860 silly packumentCache full:https://registry.npmjs.org/es-object-atoms set size:18278 disposed:false
1861 silly fetch manifest math-intrinsics@^1.1.0
1862 silly packumentCache full:https://registry.npmjs.org/math-intrinsics cache-miss
1863 http fetch GET 200 https://registry.npmjs.org/math-intrinsics 27ms (cache revalidated)
1864 silly packumentCache full:https://registry.npmjs.org/math-intrinsics set size:9265 disposed:false
1865 silly fetch manifest call-bind-apply-helpers@^1.0.2
1866 silly packumentCache full:https://registry.npmjs.org/call-bind-apply-helpers cache-miss
1867 http fetch GET 200 https://registry.npmjs.org/call-bind-apply-helpers 27ms (cache revalidated)
1868 silly packumentCache full:https://registry.npmjs.org/call-bind-apply-helpers set size:12744 disposed:false
1869 silly fetch manifest has-symbols@^1.0.3
1870 silly packumentCache full:https://registry.npmjs.org/has-symbols cache-hit
1871 silly placeDep node_modules/firebase-tools jsonfile@6.2.1 OK for: fs-extra@10.1.0 want: ^6.0.1
1872 silly placeDep node_modules/firebase-tools universalify@2.0.1 OK for: fs-extra@10.1.0 want: ^2.0.0
1873 silly placeDep node_modules/firebase-tools https-proxy-agent@7.0.6 OK for: gaxios@6.7.1 want: ^7.0.1
1874 silly placeDep node_modules/firebase-tools uuid@9.0.1 OK for: gaxios@6.7.1 want: ^9.0.1
1875 silly fetch manifest debug@4
1876 silly packumentCache full:https://registry.npmjs.org/debug cache-hit
1877 silly placeDep node_modules/firebase-tools call-bind-apply-helpers@1.0.2 OK for: get-intrinsic@1.3.0 want: ^1.0.2
1878 silly placeDep node_modules/firebase-tools es-define-property@1.0.1 OK for: get-intrinsic@1.3.0 want: ^1.0.1
1879 silly placeDep node_modules/firebase-tools es-object-atoms@1.1.2 OK for: get-intrinsic@1.3.0 want: ^1.1.1
1880 silly placeDep node_modules/firebase-tools function-bind@1.1.2 OK for: get-intrinsic@1.3.0 want: ^1.1.2
1881 silly placeDep node_modules/firebase-tools get-proto@1.0.1 OK for: get-intrinsic@1.3.0 want: ^1.0.1
1882 silly placeDep node_modules/firebase-tools gopd@1.2.0 OK for: get-intrinsic@1.3.0 want: ^1.2.0
1883 silly placeDep node_modules/firebase-tools has-symbols@1.1.0 OK for: get-intrinsic@1.3.0 want: ^1.1.0
1884 silly placeDep node_modules/firebase-tools math-intrinsics@1.1.0 OK for: get-intrinsic@1.3.0 want: ^1.1.0
1885 silly fetch manifest dunder-proto@^1.0.1
1886 silly packumentCache full:https://registry.npmjs.org/dunder-proto cache-miss
1887 http fetch GET 200 https://registry.npmjs.org/dunder-proto 22ms (cache revalidated)
1888 silly packumentCache full:https://registry.npmjs.org/dunder-proto set size:8256 disposed:false
1889 silly placeDep node_modules/firebase-tools dunder-proto@1.0.1 OK for: get-proto@1.0.1 want: ^1.0.1
1890 silly placeDep node_modules/firebase-tools foreground-child@3.3.1 OK for: glob@10.5.0 want: ^3.1.0
1891 silly placeDep node_modules/firebase-tools jackspeak@3.4.3 OK for: glob@10.5.0 want: ^3.1.2
1892 silly placeDep node_modules/firebase-tools/node_modules/glob minimatch@9.0.9 OK for: glob@10.5.0 want: ^9.0.4
1893 silly placeDep node_modules/firebase-tools minipass@7.1.3 OK for: glob@10.5.0 want: ^7.1.2
1894 silly placeDep node_modules/firebase-tools package-json-from-dist@1.0.1 OK for: glob@10.5.0 want: ^1.0.0
1895 silly placeDep node_modules/firebase-tools path-scurry@1.11.1 OK for: glob@10.5.0 want: ^1.11.1
1896 silly fetch manifest @isaacs/cliui@^8.0.2
1897 silly packumentCache full:https://registry.npmjs.org/@isaacs%2fcliui cache-miss
1898 http fetch GET 200 https://registry.npmjs.org/@isaacs%2fcliui 36ms (cache revalidated)
1899 silly packumentCache full:https://registry.npmjs.org/@isaacs%2fcliui set size:12263 disposed:false
1900 silly fetch manifest @pkgjs/parseargs@^0.11.0
1901 silly packumentCache full:https://registry.npmjs.org/@pkgjs%2fparseargs cache-miss
1902 http fetch GET 200 https://registry.npmjs.org/@pkgjs%2fparseargs 39ms (cache revalidated)
1903 silly packumentCache full:https://registry.npmjs.org/@pkgjs%2fparseargs set size:51085 disposed:false
1904 silly fetch manifest brace-expansion@^2.0.2
1905 silly packumentCache full:https://registry.npmjs.org/brace-expansion cache-hit
1906 silly fetch manifest lru-cache@^10.2.0
1907 silly packumentCache full:https://registry.npmjs.org/lru-cache cache-hit
1908 silly placeDep node_modules/firebase-tools base64-js@1.5.1 OK for: google-auth-library@9.15.1 want: ^1.3.0
1909 silly placeDep node_modules/firebase-tools ecdsa-sig-formatter@1.0.11 OK for: google-auth-library@9.15.1 want: ^1.0.11
1910 silly placeDep node_modules/firebase-tools gcp-metadata@6.1.1 OK for: google-auth-library@9.15.1 want: ^6.1.0
1911 silly placeDep node_modules/firebase-tools gtoken@7.1.0 OK for: google-auth-library@9.15.1 want: ^7.0.0
1912 silly placeDep node_modules/firebase-tools jws@4.0.1 OK for: google-auth-library@9.15.1 want: ^4.0.0
1913 silly fetch manifest json-bigint@^1.0.0
1914 silly packumentCache full:https://registry.npmjs.org/json-bigint cache-miss
1915 http fetch GET 200 https://registry.npmjs.org/json-bigint 25ms (cache revalidated)
1916 silly packumentCache full:https://registry.npmjs.org/json-bigint set size:36963 disposed:false
1917 silly fetch manifest google-logging-utils@^0.0.2
1918 silly packumentCache full:https://registry.npmjs.org/google-logging-utils cache-hit
1919 silly fetch manifest jwa@^2.0.1
1920 silly packumentCache full:https://registry.npmjs.org/jwa cache-miss
1921 http fetch GET 200 https://registry.npmjs.org/jwa 24ms (cache revalidated)
1922 silly packumentCache full:https://registry.npmjs.org/jwa set size:39720 disposed:false
1923 silly placeDep node_modules/firebase-tools/node_modules/gcp-metadata google-logging-utils@0.0.2 OK for: gcp-metadata@6.1.1 want: ^0.0.2
1924 silly placeDep node_modules/firebase-tools json-bigint@1.0.0 OK for: gcp-metadata@6.1.1 want: ^1.0.0
1925 silly fetch manifest bignumber.js@^9.0.0
1926 silly packumentCache full:https://registry.npmjs.org/bignumber.js cache-miss
1927 http fetch GET 200 https://registry.npmjs.org/bignumber.js 23ms (cache revalidated)
1928 silly packumentCache full:https://registry.npmjs.org/bignumber.js set size:149332 disposed:false
1929 silly placeDep node_modules/firebase-tools @grpc/grpc-js@1.14.4 OK for: google-gax@5.0.8 want: ^1.12.6
1930 silly placeDep node_modules/firebase-tools @grpc/proto-loader@0.8.1 OK for: google-gax@5.0.8 want: ^0.8.0
1931 silly placeDep node_modules/firebase-tools duplexify@4.1.3 OK for: google-gax@5.0.8 want: ^4.1.3
1932 silly placeDep node_modules/firebase-tools/node_modules/google-gax google-auth-library@10.5.0 OK for: google-gax@5.0.8 want: 10.5.0
1933 silly placeDep node_modules/firebase-tools/node_modules/google-gax google-logging-utils@1.1.3 OK for: google-gax@5.0.8 want: 1.1.3
1934 silly placeDep node_modules/firebase-tools/node_modules/google-gax node-fetch@3.3.2 OK for: google-gax@5.0.8 want: ^3.3.2
1935 silly placeDep node_modules/firebase-tools object-hash@3.0.0 OK for: google-gax@5.0.8 want: ^3.0.0
1936 silly placeDep node_modules/firebase-tools proto3-json-serializer@3.0.4 OK for: google-gax@5.0.8 want: 3.0.4
1937 silly placeDep node_modules/firebase-tools protobufjs@7.6.5 OK for: google-gax@5.0.8 want: ^7.5.4
1938 silly placeDep node_modules/firebase-tools retry-request@8.0.4 OK for: google-gax@5.0.8 want: ^8.0.2
1939 silly placeDep node_modules/firebase-tools rimraf@5.0.10 OK for: google-gax@5.0.8 want: ^5.0.1
1940 silly fetch manifest @js-sdsl/ordered-map@^4.4.2
1941 silly packumentCache full:https://registry.npmjs.org/@js-sdsl%2fordered-map cache-miss
1942 http fetch GET 200 https://registry.npmjs.org/@js-sdsl%2fordered-map 169ms (cache revalidated)
1943 silly packumentCache full:https://registry.npmjs.org/@js-sdsl%2fordered-map set size:63788 disposed:false
1944 silly fetch manifest lodash.camelcase@^4.3.0
1945 silly packumentCache full:https://registry.npmjs.org/lodash.camelcase cache-miss
1946 http fetch GET 200 https://registry.npmjs.org/lodash.camelcase 25ms (cache revalidated)
1947 silly packumentCache full:https://registry.npmjs.org/lodash.camelcase set size:16993 disposed:false
1948 silly fetch manifest protobufjs@^7.5.5
1949 silly packumentCache full:https://registry.npmjs.org/protobufjs cache-hit
1950 silly fetch manifest yargs@^17.7.2
1951 silly packumentCache full:https://registry.npmjs.org/yargs cache-miss
1952 http fetch GET 200 https://registry.npmjs.org/yargs 37ms (cache revalidated)
1953 silly packumentCache full:https://registry.npmjs.org/yargs set size:759965 disposed:false
1954 silly fetch manifest end-of-stream@^1.4.1
1955 silly packumentCache full:https://registry.npmjs.org/end-of-stream cache-miss
1956 http fetch GET 200 https://registry.npmjs.org/end-of-stream 33ms (cache revalidated)
1957 silly packumentCache full:https://registry.npmjs.org/end-of-stream set size:27842 disposed:false
1958 silly fetch manifest inherits@^2.0.3
1959 silly packumentCache full:https://registry.npmjs.org/inherits cache-hit
1960 silly fetch manifest readable-stream@^3.1.1
1961 silly packumentCache full:https://registry.npmjs.org/readable-stream cache-hit
1962 silly fetch manifest stream-shift@^1.0.2
1963 silly packumentCache full:https://registry.npmjs.org/stream-shift cache-miss
1964 http fetch GET 200 https://registry.npmjs.org/stream-shift 26ms (cache revalidated)
1965 silly packumentCache full:https://registry.npmjs.org/stream-shift set size:8066 disposed:false
1966 silly fetch manifest gaxios@^7.0.0
1967 silly packumentCache full:https://registry.npmjs.org/gaxios cache-hit
1968 silly fetch manifest gtoken@^8.0.0
1969 silly packumentCache full:https://registry.npmjs.org/gtoken cache-hit
1970 silly fetch manifest gcp-metadata@^8.0.0
1971 silly packumentCache full:https://registry.npmjs.org/gcp-metadata cache-hit
1972 silly fetch manifest data-uri-to-buffer@^4.0.0
1973 silly packumentCache full:https://registry.npmjs.org/data-uri-to-buffer cache-miss
1974 http fetch GET 200 https://registry.npmjs.org/data-uri-to-buffer 23ms (cache revalidated)
1975 silly packumentCache full:https://registry.npmjs.org/data-uri-to-buffer set size:48018 disposed:false
1976 silly fetch manifest fetch-blob@^3.1.4
1977 silly packumentCache full:https://registry.npmjs.org/fetch-blob cache-miss
1978 http fetch GET 200 https://registry.npmjs.org/fetch-blob 21ms (cache revalidated)
1979 silly packumentCache full:https://registry.npmjs.org/fetch-blob set size:73704 disposed:false
1980 silly fetch manifest formdata-polyfill@^4.0.10
1981 silly packumentCache full:https://registry.npmjs.org/formdata-polyfill cache-miss
1982 http fetch GET 200 https://registry.npmjs.org/formdata-polyfill 22ms (cache revalidated)
1983 silly packumentCache full:https://registry.npmjs.org/formdata-polyfill set size:94446 disposed:false
1984 silly fetch manifest protobufjs@^7.4.0
1985 silly packumentCache full:https://registry.npmjs.org/protobufjs cache-hit
1986 silly fetch manifest @types/node@>=13.7.0
1987 silly packumentCache full:https://registry.npmjs.org/@types%2fnode cache-miss
1988 http cache https://registry.npmjs.org/@types%2fnode 18ms (cache hit)
1989 silly packumentCache full:https://registry.npmjs.org/@types%2fnode set size:11088606 disposed:false
1990 silly fetch manifest @protobufjs/path@^1.1.2
1991 silly packumentCache full:https://registry.npmjs.org/@protobufjs%2fpath cache-miss
1992 http fetch GET 200 https://registry.npmjs.org/@protobufjs%2fpath 39ms (cache revalidated)
1993 silly packumentCache full:https://registry.npmjs.org/@protobufjs%2fpath set size:10241 disposed:false
1994 silly fetch manifest @protobufjs/pool@^1.1.0
1995 silly packumentCache full:https://registry.npmjs.org/@protobufjs%2fpool cache-miss
1996 http fetch GET 200 https://registry.npmjs.org/@protobufjs%2fpool 39ms (cache revalidated)
1997 silly packumentCache full:https://registry.npmjs.org/@protobufjs%2fpool set size:10727 disposed:false
1998 silly fetch manifest @protobufjs/utf8@^1.1.1
1999 silly packumentCache full:https://registry.npmjs.org/@protobufjs%2futf8 cache-miss
2000 http fetch GET 200 https://registry.npmjs.org/@protobufjs%2futf8 57ms (cache revalidated)
2001 silly packumentCache full:https://registry.npmjs.org/@protobufjs%2futf8 set size:17318 disposed:false
2002 silly fetch manifest @protobufjs/fetch@^1.1.1
2003 silly packumentCache full:https://registry.npmjs.org/@protobufjs%2ffetch cache-miss
2004 http fetch GET 200 https://registry.npmjs.org/@protobufjs%2ffetch 65ms (cache revalidated)
2005 silly packumentCache full:https://registry.npmjs.org/@protobufjs%2ffetch set size:12023 disposed:false
2006 silly fetch manifest @protobufjs/float@^1.0.2
2007 silly packumentCache full:https://registry.npmjs.org/@protobufjs%2ffloat cache-miss
2008 http fetch GET 200 https://registry.npmjs.org/@protobufjs%2ffloat 59ms (cache revalidated)
2009 silly packumentCache full:https://registry.npmjs.org/@protobufjs%2ffloat set size:9957 disposed:false
2010 silly fetch manifest @protobufjs/base64@^1.1.2
2011 silly packumentCache full:https://registry.npmjs.org/@protobufjs%2fbase64 cache-miss
2012 http fetch GET 200 https://registry.npmjs.org/@protobufjs%2fbase64 46ms (cache revalidated)
2013 silly packumentCache full:https://registry.npmjs.org/@protobufjs%2fbase64 set size:14176 disposed:false
2014 silly fetch manifest @protobufjs/codegen@^2.0.5
2015 silly packumentCache full:https://registry.npmjs.org/@protobufjs%2fcodegen cache-miss
2016 http fetch GET 200 https://registry.npmjs.org/@protobufjs%2fcodegen 46ms (cache revalidated)
2017 silly packumentCache full:https://registry.npmjs.org/@protobufjs%2fcodegen set size:23820 disposed:false
2018 silly fetch manifest @protobufjs/aspromise@^1.1.2
2019 silly packumentCache full:https://registry.npmjs.org/@protobufjs%2faspromise cache-miss
2020 http fetch GET 200 https://registry.npmjs.org/@protobufjs%2faspromise 50ms (cache revalidated)
2021 silly packumentCache full:https://registry.npmjs.org/@protobufjs%2faspromise set size:11438 disposed:false
2022 silly fetch manifest @protobufjs/eventemitter@^1.1.1
2023 silly packumentCache full:https://registry.npmjs.org/@protobufjs%2feventemitter cache-miss
2024 http fetch GET 200 https://registry.npmjs.org/@protobufjs%2feventemitter 49ms (cache revalidated)
2025 silly packumentCache full:https://registry.npmjs.org/@protobufjs%2feventemitter set size:13173 disposed:false
2026 silly fetch manifest teeny-request@^10.0.0
2027 silly packumentCache full:https://registry.npmjs.org/teeny-request cache-miss
2028 http fetch GET 200 https://registry.npmjs.org/teeny-request 25ms (cache revalidated)
2029 silly packumentCache full:https://registry.npmjs.org/teeny-request set size:183636 disposed:false
2030 silly placeDep node_modules/firebase-tools @js-sdsl/ordered-map@4.4.2 OK for: @grpc/grpc-js@1.14.4 want: ^4.4.2
2031 silly placeDep node_modules/firebase-tools lodash.camelcase@4.3.0 OK for: @grpc/proto-loader@0.8.1 want: ^4.3.0
2032 silly placeDep node_modules/firebase-tools yargs@17.7.3 OK for: @grpc/proto-loader@0.8.1 want: ^17.7.2
2033 silly fetch manifest y18n@^5.0.5
2034 silly packumentCache full:https://registry.npmjs.org/y18n cache-miss
2035 http fetch GET 200 https://registry.npmjs.org/y18n 26ms (cache revalidated)
2036 silly packumentCache full:https://registry.npmjs.org/y18n set size:76155 disposed:false
2037 silly fetch manifest cliui@^8.0.1
2038 silly packumentCache full:https://registry.npmjs.org/cliui cache-miss
2039 http fetch GET 200 https://registry.npmjs.org/cliui 25ms (cache revalidated)
2040 silly packumentCache full:https://registry.npmjs.org/cliui set size:69089 disposed:false
2041 silly fetch manifest escalade@^3.1.1
2042 silly packumentCache full:https://registry.npmjs.org/escalade cache-miss
2043 http fetch GET 200 https://registry.npmjs.org/escalade 26ms (cache revalidated)
2044 silly packumentCache full:https://registry.npmjs.org/escalade set size:33724 disposed:false
2045 silly fetch manifest yargs-parser@^21.1.1
2046 silly packumentCache full:https://registry.npmjs.org/yargs-parser cache-miss
2047 http fetch GET 200 https://registry.npmjs.org/yargs-parser 24ms (cache revalidated)
2048 silly packumentCache full:https://registry.npmjs.org/yargs-parser set size:238630 disposed:false
2049 silly fetch manifest get-caller-file@^2.0.5
2050 silly packumentCache full:https://registry.npmjs.org/get-caller-file cache-miss
2051 http fetch GET 200 https://registry.npmjs.org/get-caller-file 25ms (cache revalidated)
2052 silly packumentCache full:https://registry.npmjs.org/get-caller-file set size:26456 disposed:false
2053 silly fetch manifest require-directory@^2.1.1
2054 silly packumentCache full:https://registry.npmjs.org/require-directory cache-miss
2055 http fetch GET 200 https://registry.npmjs.org/require-directory 28ms (cache revalidated)
2056 silly packumentCache full:https://registry.npmjs.org/require-directory set size:26866 disposed:false
2057 silly placeDep node_modules/firebase-tools end-of-stream@1.4.5 OK for: duplexify@4.1.3 want: ^1.4.1
2058 silly placeDep node_modules/firebase-tools inherits@2.0.4 OK for: duplexify@4.1.3 want: ^2.0.3
2059 silly placeDep node_modules/firebase-tools/node_modules/duplexify readable-stream@3.6.2 OK for: duplexify@4.1.3 want: ^3.1.1
2060 silly placeDep node_modules/firebase-tools stream-shift@1.0.3 OK for: duplexify@4.1.3 want: ^1.0.2
2061 silly fetch manifest string_decoder@^1.1.1
2062 silly packumentCache full:https://registry.npmjs.org/string_decoder cache-hit
2063 silly fetch manifest util-deprecate@^1.0.1
2064 silly packumentCache full:https://registry.npmjs.org/util-deprecate cache-miss
2065 http fetch GET 200 https://registry.npmjs.org/util-deprecate 30ms (cache revalidated)
2066 silly packumentCache full:https://registry.npmjs.org/util-deprecate set size:6674 disposed:false
2067 silly placeDep node_modules/firebase-tools once@1.4.0 OK for: end-of-stream@1.4.5 want: ^1.4.0
2068 silly fetch manifest wrappy@1
2069 silly packumentCache full:https://registry.npmjs.org/wrappy cache-miss
2070 http fetch GET 200 https://registry.npmjs.org/wrappy 29ms (cache revalidated)
2071 silly packumentCache full:https://registry.npmjs.org/wrappy set size:7682 disposed:false
2072 silly placeDep node_modules/firebase-tools/node_modules/googleapis-common gaxios@7.1.3 OK for: googleapis-common@8.0.3 want: 7.1.3
2073 silly placeDep node_modules/firebase-tools/node_modules/googleapis-common google-auth-library@10.5.0 OK for: googleapis-common@8.0.3 want: 10.5.0
2074 silly placeDep node_modules/firebase-tools/node_modules/googleapis-common google-logging-utils@1.1.3 OK for: googleapis-common@8.0.3 want: 1.1.3
2075 silly placeDep node_modules/firebase-tools url-template@2.0.8 OK for: googleapis-common@8.0.3 want: ^2.0.8
2076 silly placeDep node_modules/firebase-tools toidentifier@1.0.1 OK for: http-errors@2.0.1 want: ~1.0.1
2077 silly placeDep node_modules/firebase-tools agent-base@7.1.4 OK for: https-proxy-agent@7.0.6 want: ^7.1.2
2078 silly placeDep node_modules/firebase-tools/node_modules/https-proxy-agent debug@4.4.3 OK for: https-proxy-agent@7.0.6 want: 4
2079 silly placeDep node_modules/firebase-tools safer-buffer@2.1.2 OK for: iconv-lite@0.7.3 want: >= 2.1.2 < 3.0.0
2080 silly placeDep node_modules/firebase-tools binary-extensions@2.3.0 OK for: is-binary-path@2.1.0 want: ^2.0.0
2081 silly placeDep node_modules/firebase-tools is-extglob@2.1.1 OK for: is-glob@4.0.3 want: ^2.1.1
2082 silly placeDep node_modules/firebase-tools @isaacs/cliui@8.0.2 OK for: jackspeak@3.4.3 want: ^8.0.2
2083 silly placeDep node_modules/firebase-tools @pkgjs/parseargs@0.11.0 OK for: jackspeak@3.4.3 want: ^0.11.0
2084 silly fetch manifest wrap-ansi@^8.1.0
2085 silly packumentCache full:https://registry.npmjs.org/wrap-ansi cache-hit
2086 silly fetch manifest strip-ansi@^7.0.1
2087 silly packumentCache full:https://registry.npmjs.org/strip-ansi cache-hit
2088 silly fetch manifest string-width@^5.1.2
2089 silly packumentCache full:https://registry.npmjs.org/string-width cache-hit
2090 silly fetch manifest wrap-ansi-cjs@npm:wrap-ansi@^7.0.0
2091 silly packumentCache full:https://registry.npmjs.org/wrap-ansi cache-hit
2092 silly fetch manifest strip-ansi-cjs@npm:strip-ansi@^6.0.1
2093 silly packumentCache full:https://registry.npmjs.org/strip-ansi cache-hit
2094 silly fetch manifest string-width-cjs@npm:string-width@^4.2.0
2095 silly packumentCache full:https://registry.npmjs.org/string-width cache-hit
2096 silly placeDep node_modules/firebase-tools/node_modules/@isaacs/cliui string-width@5.1.2 OK for: @isaacs/cliui@8.0.2 want: ^5.1.2
2097 silly placeDep node_modules/firebase-tools string-width-cjs@4.2.3 OK for: @isaacs/cliui@8.0.2 want: npm:string-width@^4.2.0
2098 silly placeDep node_modules/firebase-tools strip-ansi@7.2.0 OK for: @isaacs/cliui@8.0.2 want: ^7.0.1
2099 silly placeDep node_modules/firebase-tools strip-ansi-cjs@6.0.1 OK for: @isaacs/cliui@8.0.2 want: npm:strip-ansi@^6.0.1
2100 silly placeDep node_modules/firebase-tools/node_modules/@isaacs/cliui wrap-ansi@8.1.0 OK for: @isaacs/cliui@8.0.2 want: ^8.1.0
2101 silly placeDep node_modules/firebase-tools wrap-ansi-cjs@7.0.0 OK for: @isaacs/cliui@8.0.2 want: npm:wrap-ansi@^7.0.0
2102 silly fetch manifest emoji-regex@^9.2.2
2103 silly packumentCache full:https://registry.npmjs.org/emoji-regex cache-hit
2104 silly fetch manifest eastasianwidth@^0.2.0
2105 silly packumentCache full:https://registry.npmjs.org/eastasianwidth cache-miss
2106 http fetch GET 200 https://registry.npmjs.org/eastasianwidth 28ms (cache revalidated)
2107 silly packumentCache full:https://registry.npmjs.org/eastasianwidth set size:7890 disposed:false
2108 silly fetch manifest ansi-regex@^6.2.2
2109 silly packumentCache full:https://registry.npmjs.org/ansi-regex cache-hit
2110 silly fetch manifest ansi-regex@^5.0.1
2111 silly packumentCache full:https://registry.npmjs.org/ansi-regex cache-hit
2112 silly fetch manifest ansi-styles@^6.1.0
2113 silly packumentCache full:https://registry.npmjs.org/ansi-styles cache-hit
2114 silly placeDep node_modules/firebase-tools argparse@2.0.1 OK for: js-yaml@4.3.1 want: ^2.0.1
2115 silly placeDep node_modules/firebase-tools bignumber.js@9.3.1 OK for: json-bigint@1.0.0 want: ^9.0.0
2116 silly placeDep node_modules/firebase-tools jju@1.4.0 OK for: json-parse-helpfulerror@1.0.3 want: ^1.1.0
2117 silly placeDep node_modules/firebase-tools lodash.includes@4.3.0 OK for: jsonwebtoken@9.0.3 want: ^4.3.0
2118 silly placeDep node_modules/firebase-tools lodash.isboolean@3.0.3 OK for: jsonwebtoken@9.0.3 want: ^3.0.3
2119 silly placeDep node_modules/firebase-tools lodash.isinteger@4.0.4 OK for: jsonwebtoken@9.0.3 want: ^4.0.4
2120 silly placeDep node_modules/firebase-tools lodash.isnumber@3.0.3 OK for: jsonwebtoken@9.0.3 want: ^3.0.3
2121 silly placeDep node_modules/firebase-tools lodash.isplainobject@4.0.6 OK for: jsonwebtoken@9.0.3 want: ^4.0.6
2122 silly placeDep node_modules/firebase-tools lodash.isstring@4.0.1 OK for: jsonwebtoken@9.0.3 want: ^4.0.1
2123 silly placeDep node_modules/firebase-tools lodash.once@4.1.1 OK for: jsonwebtoken@9.0.3 want: ^4.0.0
2124 silly placeDep node_modules/firebase-tools/node_modules/jsonwebtoken ms@2.1.3 OK for: jsonwebtoken@9.0.3 want: ^2.1.1
2125 silly placeDep node_modules/firebase-tools jwa@2.0.1 OK for: jws@4.0.1 want: ^2.0.1
2126 silly fetch manifest buffer-equal-constant-time@^1.0.1
2127 silly packumentCache full:https://registry.npmjs.org/buffer-equal-constant-time cache-miss
2128 http fetch GET 200 https://registry.npmjs.org/buffer-equal-constant-time 25ms (cache revalidated)
2129 silly packumentCache full:https://registry.npmjs.org/buffer-equal-constant-time set size:4390 disposed:false
2130 silly placeDep node_modules/firebase-tools buffer-equal-constant-time@1.0.1 OK for: jwa@2.0.1 want: ^1.0.1
2131 silly placeDep node_modules/firebase-tools/node_modules/lazystream readable-stream@2.3.8 OK for: lazystream@1.0.1 want: ^2.0.5
2132 silly fetch manifest isarray@~1.0.0
2133 silly packumentCache full:https://registry.npmjs.org/isarray cache-miss
2134 http fetch GET 200 https://registry.npmjs.org/isarray 31ms (cache revalidated)
2135 silly packumentCache full:https://registry.npmjs.org/isarray set size:17392 disposed:false
2136 silly fetch manifest safe-buffer@~5.1.1
2137 silly packumentCache full:https://registry.npmjs.org/safe-buffer cache-hit
2138 silly fetch manifest core-util-is@~1.0.0
2139 silly packumentCache full:https://registry.npmjs.org/core-util-is cache-miss
2140 http fetch GET 200 https://registry.npmjs.org/core-util-is 28ms (cache revalidated)
2141 silly packumentCache full:https://registry.npmjs.org/core-util-is set size:7163 disposed:false
2142 silly fetch manifest string_decoder@~1.1.1
2143 silly packumentCache full:https://registry.npmjs.org/string_decoder cache-hit
2144 silly fetch manifest util-deprecate@~1.0.1
2145 silly packumentCache full:https://registry.npmjs.org/util-deprecate cache-hit
2146 silly fetch manifest process-nextick-args@~2.0.0
2147 silly packumentCache full:https://registry.npmjs.org/process-nextick-args cache-miss
2148 http fetch GET 200 https://registry.npmjs.org/process-nextick-args 27ms (cache revalidated)
2149 silly packumentCache full:https://registry.npmjs.org/process-nextick-args set size:15428 disposed:false
2150 silly placeDep node_modules/firebase-tools libsodium@0.7.16 OK for: libsodium-wrappers@0.7.16 want: ^0.7.16
2151 silly placeDep node_modules/firebase-tools/node_modules/make-dir semver@6.3.1 OK for: make-dir@3.1.0 want: ^6.0.0
2152 silly placeDep node_modules/firebase-tools ansi-escapes@7.3.0 OK for: marked-terminal@7.3.0 want: ^7.0.0
2153 silly placeDep node_modules/firebase-tools ansi-regex@6.3.0 OK for: marked-terminal@7.3.0 want: ^6.1.0
2154 silly placeDep node_modules/firebase-tools chalk@5.6.2 OK for: marked-terminal@7.3.0 want: ^5.4.1
2155 silly placeDep node_modules/firebase-tools cli-highlight@2.1.11 OK for: marked-terminal@7.3.0 want: ^2.1.11
2156 silly placeDep node_modules/firebase-tools node-emoji@2.2.0 OK for: marked-terminal@7.3.0 want: ^2.2.0
2157 silly placeDep node_modules/firebase-tools supports-hyperlinks@3.2.0 OK for: marked-terminal@7.3.0 want: ^3.1.0
2158 silly fetch manifest environment@^1.0.0
2159 silly packumentCache full:https://registry.npmjs.org/environment cache-miss
2160 http fetch GET 200 https://registry.npmjs.org/environment 154ms (cache revalidated)
2161 silly packumentCache full:https://registry.npmjs.org/environment set size:13915 disposed:false
2162 silly fetch manifest chalk@^4.0.0
2163 silly packumentCache full:https://registry.npmjs.org/chalk cache-hit
2164 silly fetch manifest highlight.js@^10.7.1
2165 silly packumentCache full:https://registry.npmjs.org/highlight.js cache-miss
2166 http fetch GET 200 https://registry.npmjs.org/highlight.js 26ms (cache revalidated)
2167 silly packumentCache full:https://registry.npmjs.org/highlight.js set size:1253828 disposed:false
2168 silly fetch manifest mz@^2.4.0
2169 silly packumentCache full:https://registry.npmjs.org/mz cache-miss
2170 http fetch GET 200 https://registry.npmjs.org/mz 23ms (cache revalidated)
2171 silly packumentCache full:https://registry.npmjs.org/mz set size:42731 disposed:false
2172 silly fetch manifest parse5@^5.1.1
2173 silly packumentCache full:https://registry.npmjs.org/parse5 cache-miss
2174 http fetch GET 200 https://registry.npmjs.org/parse5 23ms (cache revalidated)
2175 silly packumentCache full:https://registry.npmjs.org/parse5 set size:123116 disposed:false
2176 silly fetch manifest parse5-htmlparser2-tree-adapter@^6.0.0
2177 silly packumentCache full:https://registry.npmjs.org/parse5-htmlparser2-tree-adapter cache-miss
2178 http fetch GET 200 https://registry.npmjs.org/parse5-htmlparser2-tree-adapter 25ms (cache revalidated)
2179 silly packumentCache full:https://registry.npmjs.org/parse5-htmlparser2-tree-adapter set size:24244 disposed:false
2180 silly fetch manifest yargs@^16.0.0
2181 silly packumentCache full:https://registry.npmjs.org/yargs cache-hit
2182 silly fetch manifest @sindresorhus/is@^4.6.0
2183 silly packumentCache full:https://registry.npmjs.org/@sindresorhus%2fis cache-miss
2184 http fetch GET 200 https://registry.npmjs.org/@sindresorhus%2fis 41ms (cache revalidated)
2185 silly packumentCache full:https://registry.npmjs.org/@sindresorhus%2fis set size:202184 disposed:false
2186 silly fetch manifest char-regex@^1.0.2
2187 silly packumentCache full:https://registry.npmjs.org/char-regex cache-miss
2188 http fetch GET 200 https://registry.npmjs.org/char-regex 26ms (cache revalidated)
2189 silly packumentCache full:https://registry.npmjs.org/char-regex set size:20509 disposed:false
2190 silly fetch manifest emojilib@^2.4.0
2191 silly packumentCache full:https://registry.npmjs.org/emojilib cache-miss
2192 http fetch GET 200 https://registry.npmjs.org/emojilib 29ms (cache revalidated)
2193 silly packumentCache full:https://registry.npmjs.org/emojilib set size:85905 disposed:false
2194 silly fetch manifest skin-tone@^2.0.0
2195 silly packumentCache full:https://registry.npmjs.org/skin-tone cache-miss
2196 http fetch GET 200 https://registry.npmjs.org/skin-tone 31ms (cache revalidated)
2197 silly packumentCache full:https://registry.npmjs.org/skin-tone set size:16099 disposed:false
2198 silly fetch manifest has-flag@^4.0.0
2199 silly packumentCache full:https://registry.npmjs.org/has-flag cache-miss
2200 http fetch GET 200 https://registry.npmjs.org/has-flag 24ms (cache revalidated)
2201 silly packumentCache full:https://registry.npmjs.org/has-flag set size:15180 disposed:false
2202 silly fetch manifest supports-color@^7.0.0
2203 silly packumentCache full:https://registry.npmjs.org/supports-color cache-miss
2204 http fetch GET 200 https://registry.npmjs.org/supports-color 26ms (cache revalidated)
2205 silly packumentCache full:https://registry.npmjs.org/supports-color set size:124169 disposed:false
2206 silly placeDep node_modules/firebase-tools environment@1.1.0 OK for: ansi-escapes@7.3.0 want: ^1.0.0
2207 silly placeDep node_modules/firebase-tools/node_modules/cli-highlight chalk@4.1.2 OK for: cli-highlight@2.1.11 want: ^4.0.0
2208 silly placeDep node_modules/firebase-tools highlight.js@10.7.3 OK for: cli-highlight@2.1.11 want: ^10.7.1
2209 silly placeDep node_modules/firebase-tools mz@2.7.0 OK for: cli-highlight@2.1.11 want: ^2.4.0
2210 silly placeDep node_modules/firebase-tools parse5@5.1.1 OK for: cli-highlight@2.1.11 want: ^5.1.1
2211 silly placeDep node_modules/firebase-tools parse5-htmlparser2-tree-adapter@6.0.1 OK for: cli-highlight@2.1.11 want: ^6.0.0
2212 silly placeDep node_modules/firebase-tools/node_modules/cli-highlight yargs@16.2.2 OK for: cli-highlight@2.1.11 want: ^16.0.0
2213 silly fetch manifest ansi-styles@^4.1.0
2214 silly packumentCache full:https://registry.npmjs.org/ansi-styles cache-hit
2215 silly fetch manifest supports-color@^7.1.0
2216 silly packumentCache full:https://registry.npmjs.org/supports-color cache-hit
2217 silly fetch manifest any-promise@^1.0.0
2218 silly packumentCache full:https://registry.npmjs.org/any-promise cache-miss
2219 http fetch GET 200 https://registry.npmjs.org/any-promise 23ms (cache revalidated)
2220 silly packumentCache full:https://registry.npmjs.org/any-promise set size:20233 disposed:false
2221 silly fetch manifest thenify-all@^1.0.0
2222 silly packumentCache full:https://registry.npmjs.org/thenify-all cache-miss
2223 http fetch GET 200 https://registry.npmjs.org/thenify-all 27ms (cache revalidated)
2224 silly packumentCache full:https://registry.npmjs.org/thenify-all set size:18488 disposed:false
2225 silly fetch manifest parse5@^6.0.1
2226 silly packumentCache full:https://registry.npmjs.org/parse5 cache-hit
2227 silly fetch manifest cliui@^7.0.2
2228 silly packumentCache full:https://registry.npmjs.org/cliui cache-hit
2229 silly fetch manifest yargs-parser@^20.2.2
2230 silly packumentCache full:https://registry.npmjs.org/yargs-parser cache-hit
2231 silly placeDep node_modules/firebase-tools mime-db@1.52.0 OK for: mime-types@2.1.35 want: 1.52.0
2232 silly placeDep node_modules/firebase-tools brace-expansion@1.1.18 OK for: minimatch@3.1.5 want: ^1.1.7
2233 silly fetch manifest concat-map@0.0.1
2234 silly packumentCache full:https://registry.npmjs.org/concat-map cache-miss
2235 http fetch GET 200 https://registry.npmjs.org/concat-map 26ms (cache revalidated)
2236 silly packumentCache full:https://registry.npmjs.org/concat-map set size:9290 disposed:false
2237 silly fetch manifest balanced-match@^1.0.0
2238 silly packumentCache full:https://registry.npmjs.org/balanced-match cache-miss
2239 http fetch GET 200 https://registry.npmjs.org/balanced-match 24ms (cache revalidated)
2240 silly packumentCache full:https://registry.npmjs.org/balanced-match set size:39082 disposed:false
2241 silly placeDep node_modules/firebase-tools balanced-match@1.0.2 OK for: brace-expansion@1.1.18 want: ^1.0.0
2242 silly placeDep node_modules/firebase-tools concat-map@0.0.1 OK for: brace-expansion@1.1.18 want: 0.0.1
2243 silly placeDep node_modules/firebase-tools basic-auth@2.0.1 OK for: morgan@1.11.0 want: ~2.0.1
2244 silly placeDep node_modules/firebase-tools on-headers@1.1.0 OK for: morgan@1.11.0 want: ~1.1.0
2245 silly fetch manifest safe-buffer@5.1.2
2246 silly packumentCache full:https://registry.npmjs.org/safe-buffer cache-hit
2247 silly placeDep node_modules/firebase-tools/node_modules/basic-auth safe-buffer@5.1.2 OK for: basic-auth@2.0.1 want: 5.1.2
2248 silly placeDep node_modules/firebase-tools any-promise@1.3.0 OK for: mz@2.7.0 want: ^1.0.0
2249 silly placeDep node_modules/firebase-tools thenify-all@1.6.0 OK for: mz@2.7.0 want: ^1.0.0
2250 silly fetch manifest thenify@>= 3.1.0 < 4
2251 silly packumentCache full:https://registry.npmjs.org/thenify cache-miss
2252 http fetch GET 200 https://registry.npmjs.org/thenify 26ms (cache revalidated)
2253 silly packumentCache full:https://registry.npmjs.org/thenify set size:21379 disposed:false
2254 silly placeDep node_modules/firebase-tools @sindresorhus/is@4.6.0 OK for: node-emoji@2.2.0 want: ^4.6.0
2255 silly placeDep node_modules/firebase-tools char-regex@1.0.2 OK for: node-emoji@2.2.0 want: ^1.0.2
2256 silly placeDep node_modules/firebase-tools emojilib@2.4.0 OK for: node-emoji@2.2.0 want: ^2.4.0
2257 silly placeDep node_modules/firebase-tools skin-tone@2.0.0 OK for: node-emoji@2.2.0 want: ^2.0.0
2258 silly fetch manifest unicode-emoji-modifier-base@^1.0.0
2259 silly packumentCache full:https://registry.npmjs.org/unicode-emoji-modifier-base cache-miss
2260 http fetch GET 200 https://registry.npmjs.org/unicode-emoji-modifier-base 154ms (cache revalidated)
2261 silly packumentCache full:https://registry.npmjs.org/unicode-emoji-modifier-base set size:4638 disposed:false
2262 silly placeDep node_modules/firebase-tools whatwg-url@5.0.0 OK for: node-fetch@2.7.0 want: ^5.0.0
2263 silly fetch manifest tr46@~0.0.3
2264 silly packumentCache full:https://registry.npmjs.org/tr46 cache-miss
2265 http fetch GET 200 https://registry.npmjs.org/tr46 25ms (cache revalidated)
2266 silly packumentCache full:https://registry.npmjs.org/tr46 set size:47377 disposed:false
2267 silly fetch manifest webidl-conversions@^3.0.0
2268 silly packumentCache full:https://registry.npmjs.org/webidl-conversions cache-miss
2269 http fetch GET 200 https://registry.npmjs.org/webidl-conversions 27ms (cache revalidated)
2270 silly packumentCache full:https://registry.npmjs.org/webidl-conversions set size:46073 disposed:false
2271 silly placeDep node_modules/firebase-tools ee-first@1.1.1 OK for: on-finished@2.4.1 want: 1.1.1
2272 silly placeDep node_modules/firebase-tools wrappy@1.0.2 OK for: once@1.4.0 want: 1
2273 silly placeDep node_modules/firebase-tools is-wsl@1.1.0 OK for: open@6.4.0 want: ^1.1.0
2274 silly placeDep node_modules/firebase-tools bl@4.1.0 OK for: ora@5.4.1 want: ^4.1.0
2275 silly placeDep node_modules/firebase-tools/node_modules/ora chalk@4.1.2 OK for: ora@5.4.1 want: ^4.1.0
2276 silly placeDep node_modules/firebase-tools cli-cursor@3.1.0 OK for: ora@5.4.1 want: ^3.1.0
2277 silly placeDep node_modules/firebase-tools cli-spinners@2.9.2 OK for: ora@5.4.1 want: ^2.5.0
2278 silly placeDep node_modules/firebase-tools is-interactive@1.0.0 OK for: ora@5.4.1 want: ^1.0.0
2279 silly placeDep node_modules/firebase-tools is-unicode-supported@0.1.0 OK for: ora@5.4.1 want: ^0.1.0
2280 silly placeDep node_modules/firebase-tools log-symbols@4.1.0 OK for: ora@5.4.1 want: ^4.1.0
2281 silly placeDep node_modules/firebase-tools/node_modules/ora strip-ansi@6.0.1 OK for: ora@5.4.1 want: ^6.0.0
2282 silly placeDep node_modules/firebase-tools wcwidth@1.0.1 OK for: ora@5.4.1 want: ^1.0.1
2283 silly fetch manifest buffer@^5.5.0
2284 silly packumentCache full:https://registry.npmjs.org/buffer cache-hit
2285 silly fetch manifest restore-cursor@^3.1.0
2286 silly packumentCache full:https://registry.npmjs.org/restore-cursor cache-miss
2287 http fetch GET 200 https://registry.npmjs.org/restore-cursor 30ms (cache revalidated)
2288 silly packumentCache full:https://registry.npmjs.org/restore-cursor set size:17895 disposed:false
2289 silly fetch manifest defaults@^1.0.3
2290 silly packumentCache full:https://registry.npmjs.org/defaults cache-miss
2291 http fetch GET 200 https://registry.npmjs.org/defaults 25ms (cache revalidated)
2292 silly packumentCache full:https://registry.npmjs.org/defaults set size:18134 disposed:false
2293 silly placeDep node_modules/firebase-tools buffer@5.7.1 OK for: bl@4.1.0 want: ^5.5.0
2294 silly placeDep node_modules/firebase-tools/node_modules/bl readable-stream@3.6.2 OK for: bl@4.1.0 want: ^3.4.0
2295 silly fetch manifest ieee754@^1.1.13
2296 silly packumentCache full:https://registry.npmjs.org/ieee754 cache-miss
2297 http fetch GET 200 https://registry.npmjs.org/ieee754 26ms (cache revalidated)
2298 silly packumentCache full:https://registry.npmjs.org/ieee754 set size:34910 disposed:false
2299 silly placeDep node_modules/firebase-tools ieee754@1.2.1 OK for: buffer@5.7.1 want: ^1.1.13
2300 silly placeDep node_modules/firebase-tools restore-cursor@3.1.0 OK for: cli-cursor@3.1.0 want: ^3.1.0
2301 silly fetch manifest onetime@^5.1.0
2302 silly packumentCache full:https://registry.npmjs.org/onetime cache-miss
2303 http fetch GET 200 https://registry.npmjs.org/onetime 28ms (cache revalidated)
2304 silly packumentCache full:https://registry.npmjs.org/onetime set size:32314 disposed:false
2305 silly placeDep node_modules/firebase-tools/node_modules/log-symbols chalk@4.1.2 OK for: log-symbols@4.1.0 want: ^4.1.0
2306 silly placeDep node_modules/firebase-tools/node_modules/parse5-htmlparser2-tree-adapter parse5@6.0.1 OK for: parse5-htmlparser2-tree-adapter@6.0.1 want: ^6.0.1
2307 silly placeDep node_modules/firebase-tools lru-cache@10.4.3 OK for: path-scurry@1.11.1 want: ^10.2.0
2308 silly fetch manifest pg@>=8.0
2309 silly packumentCache full:https://registry.npmjs.org/pg cache-hit
2310 silly placeDep node_modules/firebase-tools pg-cloudflare@1.4.0 OK for: pg@8.23.0 want: ^1.4.0
2311 silly placeDep node_modules/firebase-tools pg-connection-string@2.14.0 OK for: pg@8.23.0 want: ^2.14.0
2312 silly placeDep node_modules/firebase-tools pg-pool@3.14.0 OK for: pg@8.23.0 want: ^3.14.0
2313 silly placeDep node_modules/firebase-tools pg-protocol@1.16.0 OK for: pg@8.23.0 want: ^1.16.0
2314 silly placeDep node_modules/firebase-tools pg-types@2.2.0 OK for: pg@8.23.0 want: 2.2.0
2315 silly placeDep node_modules/firebase-tools pgpass@1.0.5 OK for: pg@8.23.0 want: 1.0.5
2316 silly fetch manifest pg-int8@1.0.1
2317 silly packumentCache full:https://registry.npmjs.org/pg-int8 cache-miss
2318 http fetch GET 200 https://registry.npmjs.org/pg-int8 30ms (cache revalidated)
2319 silly packumentCache full:https://registry.npmjs.org/pg-int8 set size:3652 disposed:false
2320 silly fetch manifest postgres-date@~1.0.4
2321 silly packumentCache full:https://registry.npmjs.org/postgres-date cache-miss
2322 http fetch GET 200 https://registry.npmjs.org/postgres-date 25ms (cache revalidated)
2323 silly packumentCache full:https://registry.npmjs.org/postgres-date set size:27126 disposed:false
2324 silly fetch manifest postgres-array@~2.0.0
2325 silly packumentCache full:https://registry.npmjs.org/postgres-array cache-miss
2326 http fetch GET 200 https://registry.npmjs.org/postgres-array 29ms (cache revalidated)
2327 silly packumentCache full:https://registry.npmjs.org/postgres-array set size:21967 disposed:false
2328 silly fetch manifest postgres-bytea@~1.0.0
2329 silly packumentCache full:https://registry.npmjs.org/postgres-bytea cache-miss
2330 http fetch GET 200 https://registry.npmjs.org/postgres-bytea 26ms (cache revalidated)
2331 silly packumentCache full:https://registry.npmjs.org/postgres-bytea set size:8854 disposed:false
2332 silly fetch manifest postgres-interval@^1.1.0
2333 silly packumentCache full:https://registry.npmjs.org/postgres-interval cache-miss
2334 http fetch GET 200 https://registry.npmjs.org/postgres-interval 27ms (cache revalidated)
2335 silly packumentCache full:https://registry.npmjs.org/postgres-interval set size:33033 disposed:false
2336 silly fetch manifest split2@^4.1.0
2337 silly packumentCache full:https://registry.npmjs.org/split2 cache-miss
2338 http fetch GET 200 https://registry.npmjs.org/split2 29ms (cache revalidated)
2339 silly packumentCache full:https://registry.npmjs.org/split2 set size:47438 disposed:false
2340 silly placeDep node_modules/firebase-tools pg-int8@1.0.1 OK for: pg-types@2.2.0 want: 1.0.1
2341 silly placeDep node_modules/firebase-tools postgres-array@2.0.0 OK for: pg-types@2.2.0 want: ~2.0.0
2342 silly placeDep node_modules/firebase-tools postgres-bytea@1.0.1 OK for: pg-types@2.2.0 want: ~1.0.0
2343 silly placeDep node_modules/firebase-tools postgres-date@1.0.7 OK for: pg-types@2.2.0 want: ~1.0.4
2344 silly placeDep node_modules/firebase-tools postgres-interval@1.2.0 OK for: pg-types@2.2.0 want: ^1.1.0
2345 silly fetch manifest xtend@^4.0.0
2346 silly packumentCache full:https://registry.npmjs.org/xtend cache-miss
2347 http fetch GET 200 https://registry.npmjs.org/xtend 26ms (cache revalidated)
2348 silly packumentCache full:https://registry.npmjs.org/xtend set size:28314 disposed:false
2349 silly placeDep node_modules/firebase-tools split2@4.2.0 OK for: pgpass@1.0.5 want: ^4.1.0
2350 silly placeDep node_modules/firebase-tools/node_modules/portfinder debug@4.4.3 OK for: portfinder@1.0.38 want: ^4.3.6
2351 silly placeDep node_modules/firebase-tools xtend@4.0.2 OK for: postgres-interval@1.2.0 want: ^4.0.0
2352 silly placeDep node_modules/firebase-tools @protobufjs/aspromise@1.1.2 OK for: protobufjs@7.6.5 want: ^1.1.2
2353 silly placeDep node_modules/firebase-tools @protobufjs/base64@1.1.2 OK for: protobufjs@7.6.5 want: ^1.1.2
2354 silly placeDep node_modules/firebase-tools @protobufjs/codegen@2.0.5 OK for: protobufjs@7.6.5 want: ^2.0.5
2355 silly placeDep node_modules/firebase-tools @protobufjs/eventemitter@1.1.1 OK for: protobufjs@7.6.5 want: ^1.1.1
2356 silly placeDep node_modules/firebase-tools @protobufjs/fetch@1.1.1 OK for: protobufjs@7.6.5 want: ^1.1.1
2357 silly placeDep node_modules/firebase-tools @protobufjs/float@1.0.2 OK for: protobufjs@7.6.5 want: ^1.0.2
2358 silly placeDep node_modules/firebase-tools @protobufjs/path@1.1.2 OK for: protobufjs@7.6.5 want: ^1.1.2
2359 silly placeDep node_modules/firebase-tools @protobufjs/pool@1.1.0 OK for: protobufjs@7.6.5 want: ^1.1.0
2360 silly placeDep node_modules/firebase-tools @protobufjs/utf8@1.1.2 OK for: protobufjs@7.6.5 want: ^1.1.1
2361 silly placeDep node_modules/firebase-tools @types/node@26.2.0 OK for: protobufjs@7.6.5 want: >=13.7.0
2362 silly fetch manifest undici-types@~8.3.0
2363 silly packumentCache full:https://registry.npmjs.org/undici-types cache-miss
2364 http fetch GET 200 https://registry.npmjs.org/undici-types 29ms (cache revalidated)
2365 silly packumentCache full:https://registry.npmjs.org/undici-types set size:250438 disposed:false
2366 silly placeDep node_modules/firebase-tools undici-types@8.3.0 OK for: @types/node@26.2.0 want: ~8.3.0
2367 silly placeDep node_modules/firebase-tools forwarded@0.2.0 OK for: proxy-addr@2.0.7 want: 0.2.0
2368 silly placeDep node_modules/firebase-tools ipaddr.js@1.9.1 OK for: proxy-addr@2.0.7 want: 1.9.1
2369 silly placeDep node_modules/firebase-tools/node_modules/proxy-agent debug@4.4.3 OK for: proxy-agent@6.5.0 want: ^4.3.4
2370 silly placeDep node_modules/firebase-tools http-proxy-agent@7.0.2 OK for: proxy-agent@6.5.0 want: ^7.0.1
2371 silly placeDep node_modules/firebase-tools/node_modules/proxy-agent lru-cache@7.18.3 OK for: proxy-agent@6.5.0 want: ^7.14.1
2372 silly placeDep node_modules/firebase-tools pac-proxy-agent@7.2.0 OK for: proxy-agent@6.5.0 want: ^7.1.0
2373 silly placeDep node_modules/firebase-tools proxy-from-env@1.1.0 OK for: proxy-agent@6.5.0 want: ^1.1.0
2374 silly placeDep node_modules/firebase-tools socks-proxy-agent@8.0.5 OK for: proxy-agent@6.5.0 want: ^8.0.5
2375 silly fetch manifest get-uri@^6.0.1
2376 silly packumentCache full:https://registry.npmjs.org/get-uri cache-miss
2377 http fetch GET 200 https://registry.npmjs.org/get-uri 29ms (cache revalidated)
2378 silly packumentCache full:https://registry.npmjs.org/get-uri set size:64835 disposed:false
2379 silly fetch manifest pac-resolver@^7.0.1
2380 silly packumentCache full:https://registry.npmjs.org/pac-resolver cache-miss
2381 http fetch GET 200 https://registry.npmjs.org/pac-resolver 26ms (cache revalidated)
2382 silly packumentCache full:https://registry.npmjs.org/pac-resolver set size:61269 disposed:false
2383 silly fetch manifest @tootallnate/quickjs-emscripten@^0.23.0
2384 silly packumentCache full:https://registry.npmjs.org/@tootallnate%2fquickjs-emscripten cache-miss
2385 http fetch GET 200 https://registry.npmjs.org/@tootallnate%2fquickjs-emscripten 166ms (cache revalidated)
2386 silly packumentCache full:https://registry.npmjs.org/@tootallnate%2fquickjs-emscripten set size:27622 disposed:false
2387 silly fetch manifest socks@^2.8.3
2388 silly packumentCache full:https://registry.npmjs.org/socks cache-miss
2389 http fetch GET 200 https://registry.npmjs.org/socks 26ms (cache revalidated)
2390 silly packumentCache full:https://registry.npmjs.org/socks set size:173143 disposed:false
2391 silly placeDep node_modules/firebase-tools/node_modules/http-proxy-agent debug@4.4.3 OK for: http-proxy-agent@7.0.2 want: ^4.3.4
2392 silly placeDep node_modules/firebase-tools @tootallnate/quickjs-emscripten@0.23.0 OK for: pac-proxy-agent@7.2.0 want: ^0.23.0
2393 silly placeDep node_modules/firebase-tools/node_modules/pac-proxy-agent debug@4.4.3 OK for: pac-proxy-agent@7.2.0 want: ^4.3.4
2394 silly placeDep node_modules/firebase-tools get-uri@6.0.5 OK for: pac-proxy-agent@7.2.0 want: ^6.0.1
2395 silly placeDep node_modules/firebase-tools pac-resolver@7.0.1 OK for: pac-proxy-agent@7.2.0 want: ^7.0.1
2396 silly fetch manifest basic-ftp@^5.0.2
2397 silly packumentCache full:https://registry.npmjs.org/basic-ftp cache-miss
2398 http fetch GET 200 https://registry.npmjs.org/basic-ftp 30ms (cache revalidated)
2399 silly packumentCache full:https://registry.npmjs.org/basic-ftp set size:305048 disposed:false
2400 silly fetch manifest data-uri-to-buffer@^6.0.2
2401 silly packumentCache full:https://registry.npmjs.org/data-uri-to-buffer cache-hit
2402 silly fetch manifest netmask@^2.0.2
2403 silly packumentCache full:https://registry.npmjs.org/netmask cache-miss
2404 http fetch GET 200 https://registry.npmjs.org/netmask 153ms (cache revalidated)
2405 silly packumentCache full:https://registry.npmjs.org/netmask set size:25703 disposed:false
2406 silly fetch manifest degenerator@^5.0.0
2407 silly packumentCache full:https://registry.npmjs.org/degenerator cache-miss
2408 http fetch GET 200 https://registry.npmjs.org/degenerator 26ms (cache revalidated)
2409 silly packumentCache full:https://registry.npmjs.org/degenerator set size:77133 disposed:false
2410 silly placeDep node_modules/firebase-tools basic-ftp@5.3.1 OK for: get-uri@6.0.5 want: ^5.0.2
2411 silly placeDep node_modules/firebase-tools data-uri-to-buffer@6.0.2 OK for: get-uri@6.0.5 want: ^6.0.2
2412 silly placeDep node_modules/firebase-tools/node_modules/get-uri debug@4.4.3 OK for: get-uri@6.0.5 want: ^4.3.4
2413 silly placeDep node_modules/firebase-tools degenerator@5.0.1 OK for: pac-resolver@7.0.1 want: ^5.0.0
2414 silly placeDep node_modules/firebase-tools netmask@2.1.1 OK for: pac-resolver@7.0.1 want: ^2.0.2
2415 silly fetch manifest esprima@^4.0.1
2416 silly packumentCache full:https://registry.npmjs.org/esprima cache-miss
2417 http fetch GET 200 https://registry.npmjs.org/esprima 29ms (cache revalidated)
2418 silly packumentCache full:https://registry.npmjs.org/esprima set size:118410 disposed:false
2419 silly fetch manifest ast-types@^0.13.4
2420 silly packumentCache full:https://registry.npmjs.org/ast-types cache-miss
2421 http fetch GET 200 https://registry.npmjs.org/ast-types 24ms (cache revalidated)
2422 silly packumentCache full:https://registry.npmjs.org/ast-types set size:443020 disposed:false
2423 silly fetch manifest escodegen@^2.1.0
2424 silly packumentCache full:https://registry.npmjs.org/escodegen cache-miss
2425 http fetch GET 200 https://registry.npmjs.org/escodegen 28ms (cache revalidated)
2426 silly packumentCache full:https://registry.npmjs.org/escodegen set size:119723 disposed:false
2427 silly placeDep node_modules/firebase-tools ast-types@0.13.4 OK for: degenerator@5.0.1 want: ^0.13.4
2428 silly placeDep node_modules/firebase-tools escodegen@2.1.0 OK for: degenerator@5.0.1 want: ^2.1.0
2429 silly placeDep node_modules/firebase-tools esprima@4.0.1 OK for: degenerator@5.0.1 want: ^4.0.1
2430 silly fetch manifest tslib@^2.0.1
2431 silly packumentCache full:https://registry.npmjs.org/tslib cache-miss
2432 http fetch GET 200 https://registry.npmjs.org/tslib 26ms (cache revalidated)
2433 silly packumentCache full:https://registry.npmjs.org/tslib set size:108843 disposed:false
2434 silly fetch manifest estraverse@^5.2.0
2435 silly packumentCache full:https://registry.npmjs.org/estraverse cache-miss
2436 http fetch GET 200 https://registry.npmjs.org/estraverse 24ms (cache revalidated)
2437 silly packumentCache full:https://registry.npmjs.org/estraverse set size:62412 disposed:false
2438 silly fetch manifest esutils@^2.0.2
2439 silly packumentCache full:https://registry.npmjs.org/esutils cache-miss
2440 http fetch GET 200 https://registry.npmjs.org/esutils 153ms (cache revalidated)
2441 silly packumentCache full:https://registry.npmjs.org/esutils set size:29522 disposed:false
2442 silly fetch manifest source-map@~0.6.1
2443 silly packumentCache full:https://registry.npmjs.org/source-map cache-miss
2444 http fetch GET 200 https://registry.npmjs.org/source-map 153ms (cache revalidated)
2445 silly packumentCache full:https://registry.npmjs.org/source-map set size:231637 disposed:false
2446 silly placeDep node_modules/firebase-tools tslib@2.8.1 OK for: ast-types@0.13.4 want: ^2.0.1
2447 silly placeDep node_modules/firebase-tools estraverse@5.3.0 OK for: escodegen@2.1.0 want: ^5.2.0
2448 silly placeDep node_modules/firebase-tools esutils@2.0.3 OK for: escodegen@2.1.0 want: ^2.0.2
2449 silly placeDep node_modules/firebase-tools source-map@0.6.1 OK for: escodegen@2.1.0 want: ~0.6.1
2450 silly placeDep node_modules/firebase-tools side-channel@1.1.1 OK for: qs@6.15.3 want: ^1.1.1
2451 silly fetch manifest object-inspect@^1.13.4
2452 silly packumentCache full:https://registry.npmjs.org/object-inspect cache-miss
2453 http fetch GET 200 https://registry.npmjs.org/object-inspect 26ms (cache revalidated)
2454 silly packumentCache full:https://registry.npmjs.org/object-inspect set size:101927 disposed:false
2455 silly fetch manifest side-channel-list@^1.0.1
2456 silly packumentCache full:https://registry.npmjs.org/side-channel-list cache-miss
2457 http fetch GET 200 https://registry.npmjs.org/side-channel-list 35ms (cache revalidated)
2458 silly packumentCache full:https://registry.npmjs.org/side-channel-list set size:9021 disposed:false
2459 silly fetch manifest side-channel-map@^1.0.1
2460 silly packumentCache full:https://registry.npmjs.org/side-channel-map cache-miss
2461 http fetch GET 200 https://registry.npmjs.org/side-channel-map 24ms (cache revalidated)
2462 silly packumentCache full:https://registry.npmjs.org/side-channel-map set size:9126 disposed:false
2463 silly fetch manifest side-channel-weakmap@^1.0.2
2464 silly packumentCache full:https://registry.npmjs.org/side-channel-weakmap cache-miss
2465 http fetch GET 200 https://registry.npmjs.org/side-channel-weakmap 24ms (cache revalidated)
2466 silly packumentCache full:https://registry.npmjs.org/side-channel-weakmap set size:12620 disposed:false
2467 silly placeDep node_modules/firebase-tools/node_modules/readable-stream buffer@6.0.3 OK for: readable-stream@4.7.0 want: ^6.0.3
2468 silly placeDep node_modules/firebase-tools events@3.3.0 OK for: readable-stream@4.7.0 want: ^3.3.0
2469 silly placeDep node_modules/firebase-tools process@0.11.10 OK for: readable-stream@4.7.0 want: ^0.11.10
2470 silly placeDep node_modules/firebase-tools string_decoder@1.3.0 OK for: readable-stream@4.7.0 want: ^1.3.0
2471 silly placeDep node_modules/firebase-tools/node_modules/readdir-glob minimatch@5.1.9 OK for: readdir-glob@1.1.3 want: ^5.1.0
2472 silly fetch manifest brace-expansion@^2.0.1
2473 silly packumentCache full:https://registry.npmjs.org/brace-expansion cache-hit
2474 silly placeDep node_modules/firebase-tools onetime@5.1.2 OK for: restore-cursor@3.1.0 want: ^5.1.0
2475 silly placeDep node_modules/firebase-tools/node_modules/restore-cursor signal-exit@3.0.7 OK for: restore-cursor@3.1.0 want: ^3.0.2
2476 silly fetch manifest mimic-fn@^2.1.0
2477 silly packumentCache full:https://registry.npmjs.org/mimic-fn cache-miss
2478 http fetch GET 200 https://registry.npmjs.org/mimic-fn 25ms (cache revalidated)
2479 silly packumentCache full:https://registry.npmjs.org/mimic-fn set size:22257 disposed:false
2480 silly placeDep node_modules/firebase-tools mimic-fn@2.1.0 OK for: onetime@5.1.2 want: ^2.1.0
2481 silly placeDep node_modules/firebase-tools teeny-request@10.1.4 OK for: retry-request@8.0.4 want: ^10.0.0
2482 silly fetch manifest stream-events@^1.0.5
2483 silly packumentCache full:https://registry.npmjs.org/stream-events cache-miss
2484 http fetch GET 200 https://registry.npmjs.org/stream-events 21ms (cache revalidated)
2485 silly packumentCache full:https://registry.npmjs.org/stream-events set size:12460 disposed:false
2486 silly placeDep node_modules/firebase-tools/node_modules/send mime@1.6.0 OK for: send@0.19.2 want: 1.6.0
2487 silly placeDep node_modules/firebase-tools/node_modules/send ms@2.1.3 OK for: send@0.19.2 want: 2.1.3
2488 silly placeDep node_modules/firebase-tools shebang-regex@3.0.0 OK for: shebang-command@2.0.0 want: ^3.0.0
2489 silly placeDep node_modules/firebase-tools object-inspect@1.13.4 OK for: side-channel@1.1.1 want: ^1.13.4
2490 silly placeDep node_modules/firebase-tools side-channel-list@1.0.1 OK for: side-channel@1.1.1 want: ^1.0.1
2491 silly placeDep node_modules/firebase-tools side-channel-map@1.0.1 OK for: side-channel@1.1.1 want: ^1.0.1
2492 silly placeDep node_modules/firebase-tools side-channel-weakmap@1.0.2 OK for: side-channel@1.1.1 want: ^1.0.2
2493 silly fetch manifest call-bound@^1.0.2
2494 silly packumentCache full:https://registry.npmjs.org/call-bound cache-miss
2495 http fetch GET 200 https://registry.npmjs.org/call-bound 30ms (cache revalidated)
2496 silly packumentCache full:https://registry.npmjs.org/call-bound set size:15317 disposed:false
2497 silly placeDep node_modules/firebase-tools call-bound@1.0.4 OK for: side-channel-map@1.0.1 want: ^1.0.2
2498 silly placeDep node_modules/firebase-tools unicode-emoji-modifier-base@1.0.0 OK for: skin-tone@2.0.0 want: ^1.0.0
2499 silly placeDep node_modules/firebase-tools/node_modules/socks-proxy-agent debug@4.4.3 OK for: socks-proxy-agent@8.0.5 want: ^4.3.4
2500 silly placeDep node_modules/firebase-tools socks@2.8.9 OK for: socks-proxy-agent@8.0.5 want: ^2.8.3
2501 silly fetch manifest smart-buffer@^4.2.0
2502 silly packumentCache full:https://registry.npmjs.org/smart-buffer cache-miss
2503 http fetch GET 200 https://registry.npmjs.org/smart-buffer 25ms (cache revalidated)
2504 silly packumentCache full:https://registry.npmjs.org/smart-buffer set size:87065 disposed:false
2505 silly placeDep node_modules/firebase-tools smart-buffer@4.2.0 OK for: socks@2.8.9 want: ^4.2.0
2506 silly placeDep node_modules/firebase-tools nearley@2.20.1 OK for: sql-formatter@15.8.2 want: ^2.20.1
2507 silly fetch manifest commander@^2.19.0
2508 silly packumentCache full:https://registry.npmjs.org/commander cache-hit
2509 silly fetch manifest moo@^0.5.0
2510 silly packumentCache full:https://registry.npmjs.org/moo cache-miss
2511 http fetch GET 200 https://registry.npmjs.org/moo 25ms (cache revalidated)
2512 silly packumentCache full:https://registry.npmjs.org/moo set size:41090 disposed:false
2513 silly fetch manifest railroad-diagrams@^1.0.0
2514 silly packumentCache full:https://registry.npmjs.org/railroad-diagrams cache-miss
2515 http fetch GET 200 https://registry.npmjs.org/railroad-diagrams 27ms (cache revalidated)
2516 silly packumentCache full:https://registry.npmjs.org/railroad-diagrams set size:8398 disposed:false
2517 silly fetch manifest randexp@0.4.6
2518 silly packumentCache full:https://registry.npmjs.org/randexp cache-miss
2519 http fetch GET 200 https://registry.npmjs.org/randexp 27ms (cache revalidated)
2520 silly packumentCache full:https://registry.npmjs.org/randexp set size:39459 disposed:false
2521 silly placeDep node_modules/firebase-tools/node_modules/nearley commander@2.20.3 OK for: nearley@2.20.1 want: ^2.19.0
2522 silly placeDep node_modules/firebase-tools moo@0.5.3 OK for: nearley@2.20.1 want: ^0.5.0
2523 silly placeDep node_modules/firebase-tools railroad-diagrams@1.0.0 OK for: nearley@2.20.1 want: ^1.0.0
2524 silly placeDep node_modules/firebase-tools randexp@0.4.6 OK for: nearley@2.20.1 want: 0.4.6
2525 silly fetch manifest discontinuous-range@1.0.0
2526 silly packumentCache full:https://registry.npmjs.org/discontinuous-range cache-miss
2527 http fetch GET 200 https://registry.npmjs.org/discontinuous-range 26ms (cache revalidated)
2528 silly packumentCache full:https://registry.npmjs.org/discontinuous-range set size:7648 disposed:false
2529 silly fetch manifest ret@~0.1.10
2530 silly packumentCache full:https://registry.npmjs.org/ret cache-miss
2531 http fetch GET 200 https://registry.npmjs.org/ret 26ms (cache revalidated)
2532 silly packumentCache full:https://registry.npmjs.org/ret set size:59258 disposed:false
2533 silly placeDep node_modules/firebase-tools discontinuous-range@1.0.0 OK for: randexp@0.4.6 want: 1.0.0
2534 silly placeDep node_modules/firebase-tools ret@0.1.15 OK for: randexp@0.4.6 want: ~0.1.10
2535 silly placeDep node_modules/firebase-tools emoji-regex@8.0.0 OK for: string-width@4.2.3 want: ^8.0.0
2536 silly placeDep node_modules/firebase-tools is-fullwidth-code-point@3.0.0 OK for: string-width@4.2.3 want: ^3.0.0
2537 silly placeDep node_modules/firebase-tools/node_modules/string-width strip-ansi@6.0.1 OK for: string-width@4.2.3 want: ^6.0.1
2538 silly placeDep node_modules/firebase-tools/node_modules/string-width-cjs strip-ansi@6.0.1 OK for: string-width@4.2.3 want: ^6.0.1
2539 silly placeDep node_modules/firebase-tools/node_modules/strip-ansi-cjs ansi-regex@5.0.1 OK for: strip-ansi@6.0.1 want: ^5.0.1
2540 silly placeDep node_modules/firebase-tools basic-auth-connect@1.1.0 OK for: superstatic@10.0.0 want: ^1.1.0
2541 silly placeDep node_modules/firebase-tools/node_modules/superstatic commander@10.0.1 OK for: superstatic@10.0.0 want: ^10.0.0
2542 silly placeDep node_modules/firebase-tools compression@1.8.1 OK for: superstatic@10.0.0 want: ^1.7.0
2543 silly placeDep node_modules/firebase-tools connect@3.7.0 OK for: superstatic@10.0.0 want: ^3.7.0
2544 silly placeDep node_modules/firebase-tools glob-slasher@1.0.1 OK for: superstatic@10.0.0 want: ^1.0.1
2545 silly placeDep node_modules/firebase-tools is-url@1.2.4 OK for: superstatic@10.0.0 want: ^1.2.2
2546 silly placeDep node_modules/firebase-tools join-path@1.1.1 OK for: superstatic@10.0.0 want: ^1.1.1
2547 silly placeDep node_modules/firebase-tools/node_modules/superstatic minimatch@6.2.3 OK for: superstatic@10.0.0 want: ^6.1.6
2548 silly placeDep node_modules/firebase-tools/node_modules/superstatic path-to-regexp@1.9.0 OK for: superstatic@10.0.0 want: ^1.9.0
2549 silly placeDep node_modules/firebase-tools re2@1.26.1 OK for: superstatic@10.0.0 want: ^1.17.7
2550 silly placeDep node_modules/firebase-tools router@2.2.0 OK for: superstatic@10.0.0 want: ^2.0.0
2551 silly fetch manifest tsscmp@^1.0.6
2552 silly packumentCache full:https://registry.npmjs.org/tsscmp cache-miss
2553 http fetch GET 200 https://registry.npmjs.org/tsscmp 153ms (cache revalidated)
2554 silly packumentCache full:https://registry.npmjs.org/tsscmp set size:13313 disposed:false
2555 silly fetch manifest negotiator@~0.6.4
2556 silly packumentCache full:https://registry.npmjs.org/negotiator cache-hit
2557 silly fetch manifest compressible@~2.0.18
2558 silly packumentCache full:https://registry.npmjs.org/compressible cache-miss
2559 http fetch GET 200 https://registry.npmjs.org/compressible 154ms (cache revalidated)
2560 silly packumentCache full:https://registry.npmjs.org/compressible set size:61733 disposed:false
2561 silly fetch manifest finalhandler@1.1.2
2562 silly packumentCache full:https://registry.npmjs.org/finalhandler cache-hit
2563 silly fetch manifest glob-slash@^1.0.0
2564 silly packumentCache full:https://registry.npmjs.org/glob-slash cache-miss
2565 http fetch GET 200 https://registry.npmjs.org/glob-slash 153ms (cache revalidated)
2566 silly packumentCache full:https://registry.npmjs.org/glob-slash set size:2455 disposed:false
2567 silly fetch manifest lodash.isobject@^2.4.1
2568 silly packumentCache full:https://registry.npmjs.org/lodash.isobject cache-miss
2569 http fetch GET 200 https://registry.npmjs.org/lodash.isobject 98ms (cache revalidated)
2570 silly packumentCache full:https://registry.npmjs.org/lodash.isobject set size:20426 disposed:false
2571 silly fetch manifest toxic@^1.0.0
2572 silly packumentCache full:https://registry.npmjs.org/toxic cache-miss
2573 http fetch GET 200 https://registry.npmjs.org/toxic 48ms (cache revalidated)
2574 silly packumentCache full:https://registry.npmjs.org/toxic set size:5327 disposed:false
2575 silly fetch manifest as-array@^2.0.0
2576 silly packumentCache full:https://registry.npmjs.org/as-array cache-miss
2577 http fetch GET 200 https://registry.npmjs.org/as-array 38ms (cache revalidated)
2578 silly packumentCache full:https://registry.npmjs.org/as-array set size:7293 disposed:false
2579 silly fetch manifest valid-url@^1
2580 silly packumentCache full:https://registry.npmjs.org/valid-url cache-miss
2581 http fetch GET 200 https://registry.npmjs.org/valid-url 156ms (cache revalidated)
2582 silly packumentCache full:https://registry.npmjs.org/valid-url set size:40090 disposed:false
2583 silly fetch manifest url-join@0.0.1
2584 silly packumentCache full:https://registry.npmjs.org/url-join cache-miss
2585 http fetch GET 200 https://registry.npmjs.org/url-join 42ms (cache revalidated)
2586 silly packumentCache full:https://registry.npmjs.org/url-join set size:22958 disposed:false
2587 silly fetch manifest isarray@0.0.1
2588 silly packumentCache full:https://registry.npmjs.org/isarray cache-hit
2589 silly fetch manifest install-artifact-from-github@^1.7.0
2590 silly packumentCache full:https://registry.npmjs.org/install-artifact-from-github cache-miss
2591 http fetch GET 200 https://registry.npmjs.org/install-artifact-from-github 39ms (cache revalidated)
2592 silly packumentCache full:https://registry.npmjs.org/install-artifact-from-github set size:51277 disposed:false
2593 silly fetch manifest nan@^2.28.0
2594 silly packumentCache full:https://registry.npmjs.org/nan cache-miss
2595 http fetch GET 200 https://registry.npmjs.org/nan 31ms (cache revalidated)
2596 silly packumentCache full:https://registry.npmjs.org/nan set size:245791 disposed:false
2597 silly fetch manifest node-gyp@^13.0.1
2598 silly packumentCache full:https://registry.npmjs.org/node-gyp cache-miss
2599 http fetch GET 200 https://registry.npmjs.org/node-gyp 157ms (cache revalidated)
2600 silly packumentCache full:https://registry.npmjs.org/node-gyp set size:325455 disposed:false
2601 silly fetch manifest is-promise@^4.0.0
2602 silly packumentCache full:https://registry.npmjs.org/is-promise cache-miss
2603 http fetch GET 200 https://registry.npmjs.org/is-promise 27ms (cache revalidated)
2604 silly packumentCache full:https://registry.npmjs.org/is-promise set size:18599 disposed:false
2605 silly fetch manifest path-to-regexp@^8.0.0
2606 silly packumentCache full:https://registry.npmjs.org/path-to-regexp cache-hit
2607 silly placeDep node_modules/firebase-tools tsscmp@1.0.6 OK for: basic-auth-connect@1.1.0 want: ^1.0.6
2608 silly placeDep node_modules/firebase-tools compressible@2.0.18 OK for: compression@1.8.1 want: ~2.0.18
2609 silly placeDep node_modules/firebase-tools/node_modules/compression negotiator@0.6.4 OK for: compression@1.8.1 want: ~0.6.4
2610 silly placeDep node_modules/firebase-tools/node_modules/connect finalhandler@1.1.2 OK for: connect@3.7.0 want: 1.1.2
2611 silly fetch manifest statuses@~1.5.0
2612 silly packumentCache full:https://registry.npmjs.org/statuses cache-hit
2613 silly fetch manifest encodeurl@~1.0.2
2614 silly packumentCache full:https://registry.npmjs.org/encodeurl cache-hit
2615 silly fetch manifest on-finished@~2.3.0
2616 silly packumentCache full:https://registry.npmjs.org/on-finished cache-hit
2617 silly placeDep node_modules/firebase-tools glob-slash@1.0.0 OK for: glob-slasher@1.0.1 want: ^1.0.0
2618 silly placeDep node_modules/firebase-tools lodash.isobject@2.4.1 OK for: glob-slasher@1.0.1 want: ^2.4.1
2619 silly placeDep node_modules/firebase-tools toxic@1.0.1 OK for: glob-slasher@1.0.1 want: ^1.0.0
2620 silly fetch manifest lodash._objecttypes@~2.4.1
2621 silly packumentCache full:https://registry.npmjs.org/lodash._objecttypes cache-miss
2622 http fetch GET 200 https://registry.npmjs.org/lodash._objecttypes 31ms (cache revalidated)
2623 silly packumentCache full:https://registry.npmjs.org/lodash._objecttypes set size:14259 disposed:false
2624 silly placeDep node_modules/firebase-tools as-array@2.0.0 OK for: join-path@1.1.1 want: ^2.0.0
2625 silly placeDep node_modules/firebase-tools url-join@0.0.1 OK for: join-path@1.1.1 want: 0.0.1
2626 silly placeDep node_modules/firebase-tools valid-url@1.0.9 OK for: join-path@1.1.1 want: ^1
2627 silly placeDep node_modules/firebase-tools lodash._objecttypes@2.4.1 OK for: lodash.isobject@2.4.1 want: ~2.4.1
2628 silly placeDep node_modules/firebase-tools install-artifact-from-github@1.7.0 OK for: re2@1.26.1 want: ^1.7.0
2629 silly placeDep node_modules/firebase-tools nan@2.28.0 OK for: re2@1.26.1 want: ^2.28.0
2630 silly placeDep node_modules/firebase-tools node-gyp@13.0.1 OK for: re2@1.26.1 want: ^13.0.1
2631 silly fetch manifest env-paths@^2.2.0
2632 silly packumentCache full:https://registry.npmjs.org/env-paths cache-miss
2633 http fetch GET 200 https://registry.npmjs.org/env-paths 28ms (cache revalidated)
2634 silly packumentCache full:https://registry.npmjs.org/env-paths set size:26913 disposed:false
2635 silly fetch manifest exponential-backoff@^3.1.1
2636 silly packumentCache full:https://registry.npmjs.org/exponential-backoff cache-miss
2637 http fetch GET 200 https://registry.npmjs.org/exponential-backoff 155ms (cache revalidated)
2638 silly packumentCache full:https://registry.npmjs.org/exponential-backoff set size:55896 disposed:false
2639 silly fetch manifest nopt@^10.0.0
2640 silly packumentCache full:https://registry.npmjs.org/nopt cache-miss
2641 http fetch GET 200 https://registry.npmjs.org/nopt 28ms (cache revalidated)
2642 silly packumentCache full:https://registry.npmjs.org/nopt set size:76679 disposed:false
2643 silly fetch manifest proc-log@^7.0.0
2644 silly packumentCache full:https://registry.npmjs.org/proc-log cache-miss
2645 http fetch GET 200 https://registry.npmjs.org/proc-log 29ms (cache revalidated)
2646 silly packumentCache full:https://registry.npmjs.org/proc-log set size:35796 disposed:false
2647 silly fetch manifest tinyglobby@^0.2.12
2648 silly packumentCache full:https://registry.npmjs.org/tinyglobby cache-miss
2649 http fetch GET 200 https://registry.npmjs.org/tinyglobby 26ms (cache revalidated)
2650 silly packumentCache full:https://registry.npmjs.org/tinyglobby set size:54291 disposed:false
2651 silly fetch manifest undici@^8.4.1
2652 silly packumentCache full:https://registry.npmjs.org/undici cache-miss
2653 http cache https://registry.npmjs.org/undici 6ms (cache hit)
2654 silly packumentCache full:https://registry.npmjs.org/undici set size:1531430 disposed:false
2655 silly fetch manifest which@^7.0.0
2656 silly packumentCache full:https://registry.npmjs.org/which cache-hit
2657 silly placeDep node_modules/firebase-tools env-paths@2.2.1 OK for: node-gyp@13.0.1 want: ^2.2.0
2658 silly placeDep node_modules/firebase-tools exponential-backoff@3.1.3 OK for: node-gyp@13.0.1 want: ^3.1.1
2659 silly placeDep node_modules/firebase-tools nopt@10.0.1 OK for: node-gyp@13.0.1 want: ^10.0.0
2660 silly placeDep node_modules/firebase-tools proc-log@7.0.0 OK for: node-gyp@13.0.1 want: ^7.0.0
2661 silly placeDep node_modules/firebase-tools tinyglobby@0.2.17 OK for: node-gyp@13.0.1 want: ^0.2.12
2662 silly placeDep node_modules/firebase-tools/node_modules/node-gyp undici@8.10.0 OK for: node-gyp@13.0.1 want: ^8.4.1
2663 silly placeDep node_modules/firebase-tools/node_modules/node-gyp which@7.0.0 OK for: node-gyp@13.0.1 want: ^7.0.0
2664 silly fetch manifest abbrev@^5.0.0
2665 silly packumentCache full:https://registry.npmjs.org/abbrev cache-miss
2666 http fetch GET 200 https://registry.npmjs.org/abbrev 31ms (cache revalidated)
2667 silly packumentCache full:https://registry.npmjs.org/abbrev set size:24188 disposed:false
2668 silly fetch manifest fdir@^6.5.0
2669 silly packumentCache full:https://registry.npmjs.org/fdir cache-miss
2670 http fetch GET 200 https://registry.npmjs.org/fdir 27ms (cache revalidated)
2671 silly packumentCache full:https://registry.npmjs.org/fdir set size:136182 disposed:false
2672 silly fetch manifest picomatch@^4.0.4
2673 silly packumentCache full:https://registry.npmjs.org/picomatch cache-hit
2674 silly fetch manifest isexe@^4.0.0
2675 silly packumentCache full:https://registry.npmjs.org/isexe cache-hit
2676 silly placeDep node_modules/firebase-tools abbrev@5.0.0 OK for: nopt@10.0.1 want: ^5.0.0
2677 silly placeDep node_modules/firebase-tools/node_modules/router debug@4.4.3 OK for: router@2.2.0 want: ^4.4.0
2678 silly placeDep node_modules/firebase-tools is-promise@4.0.0 OK for: router@2.2.0 want: ^4.0.0
2679 silly placeDep node_modules/firebase-tools/node_modules/router path-to-regexp@8.4.2 OK for: router@2.2.0 want: ^8.0.0
2680 silly placeDep node_modules/firebase-tools has-flag@4.0.0 OK for: supports-hyperlinks@3.2.0 want: ^4.0.0
2681 silly placeDep node_modules/firebase-tools supports-color@7.2.0 OK for: supports-hyperlinks@3.2.0 want: ^7.0.0
2682 silly placeDep node_modules/firebase-tools @isaacs/fs-minipass@4.0.1 OK for: tar@7.5.22 want: ^4.0.0
2683 silly placeDep node_modules/firebase-tools chownr@3.0.0 OK for: tar@7.5.22 want: ^3.0.0
2684 silly placeDep node_modules/firebase-tools minizlib@3.1.0 OK for: tar@7.5.22 want: ^3.1.0
2685 silly placeDep node_modules/firebase-tools yallist@5.0.0 OK for: tar@7.5.22 want: ^5.0.0
2686 silly fetch manifest react-native-b4a@*
2687 silly packumentCache full:https://registry.npmjs.org/react-native-b4a cache-miss
2688 http fetch GET 200 https://registry.npmjs.org/react-native-b4a 29ms (cache revalidated)
2689 silly packumentCache full:https://registry.npmjs.org/react-native-b4a set size:12027 disposed:false
2690 silly fetch manifest react@*
2691 silly packumentCache full:https://registry.npmjs.org/react cache-miss
2692 http fetch GET 200 https://registry.npmjs.org/react 221ms (cache updated)
2693 silly packumentCache full:https://registry.npmjs.org/react set size:undefined disposed:false
2694 silly fetch manifest react-native@*
2695 silly packumentCache full:https://registry.npmjs.org/react-native cache-miss
2696 http fetch GET 200 https://registry.npmjs.org/react-native 309ms (cache updated)
2697 silly packumentCache full:https://registry.npmjs.org/react-native set size:undefined disposed:false
2698 silly fetch manifest @types/react@^19.1.1
2699 silly packumentCache full:https://registry.npmjs.org/@types%2freact cache-miss
2700 http fetch GET 200 https://registry.npmjs.org/@types%2freact 52ms (cache revalidated)
2701 silly packumentCache full:https://registry.npmjs.org/@types%2freact set size:2637439 disposed:false
2702 silly fetch manifest bare-buffer@*
2703 silly packumentCache full:https://registry.npmjs.org/bare-buffer cache-miss
2704 http fetch GET 200 https://registry.npmjs.org/bare-buffer 25ms (cache revalidated)
2705 silly packumentCache full:https://registry.npmjs.org/bare-buffer set size:98181 disposed:false
2706 silly placeDep node_modules/firebase-tools b4a@1.8.1 OK for: tar-stream@3.2.0 want: ^1.6.4
2707 silly placeDep node_modules/firebase-tools bare-fs@4.8.0 OK for: tar-stream@3.2.0 want: ^4.5.5
2708 silly placeDep node_modules/firebase-tools fast-fifo@1.3.2 OK for: tar-stream@3.2.0 want: ^1.2.0
2709 silly placeDep node_modules/firebase-tools streamx@2.28.0 OK for: tar-stream@3.2.0 want: ^2.15.0
2710 silly fetch manifest bare-url@^2.2.2
2711 silly packumentCache full:https://registry.npmjs.org/bare-url cache-miss
2712 http fetch GET 200 https://registry.npmjs.org/bare-url 27ms (cache revalidated)
2713 silly packumentCache full:https://registry.npmjs.org/bare-url set size:115957 disposed:false
2714 silly fetch manifest bare-path@^3.0.0
2715 silly packumentCache full:https://registry.npmjs.org/bare-path cache-miss
2716 http fetch GET 200 https://registry.npmjs.org/bare-path 24ms (cache revalidated)
2717 silly packumentCache full:https://registry.npmjs.org/bare-path set size:23396 disposed:false
2718 silly fetch manifest fast-fifo@^1.3.2
2719 silly packumentCache full:https://registry.npmjs.org/fast-fifo cache-hit
2720 silly fetch manifest bare-events@^2.5.4
2721 silly packumentCache full:https://registry.npmjs.org/bare-events cache-miss
2722 http fetch GET 200 https://registry.npmjs.org/bare-events 25ms (cache revalidated)
2723 silly packumentCache full:https://registry.npmjs.org/bare-events set size:51893 disposed:false
2724 silly fetch manifest bare-stream@^2.6.4
2725 silly packumentCache full:https://registry.npmjs.org/bare-stream cache-miss
2726 http fetch GET 200 https://registry.npmjs.org/bare-stream 160ms (cache revalidated)
2727 silly packumentCache full:https://registry.npmjs.org/bare-stream set size:79215 disposed:false
2728 silly fetch manifest events-universal@^1.0.0
2729 silly packumentCache full:https://registry.npmjs.org/events-universal cache-miss
2730 http fetch GET 200 https://registry.npmjs.org/events-universal 33ms (cache revalidated)
2731 silly packumentCache full:https://registry.npmjs.org/events-universal set size:4251 disposed:false
2732 silly fetch manifest text-decoder@^1.1.0
2733 silly packumentCache full:https://registry.npmjs.org/text-decoder cache-miss
2734 http fetch GET 200 https://registry.npmjs.org/text-decoder 27ms (cache revalidated)
2735 silly packumentCache full:https://registry.npmjs.org/text-decoder set size:22264 disposed:false
2736 silly fetch manifest bare-abort-controller@*
2737 silly packumentCache full:https://registry.npmjs.org/bare-abort-controller cache-miss
2738 http fetch GET 200 https://registry.npmjs.org/bare-abort-controller 31ms (cache revalidated)
2739 silly packumentCache full:https://registry.npmjs.org/bare-abort-controller set size:11265 disposed:false
2740 silly placeDep node_modules/firebase-tools bare-events@2.9.1 OK for: bare-fs@4.8.0 want: ^2.5.4
2741 silly placeDep node_modules/firebase-tools bare-path@3.1.1 OK for: bare-fs@4.8.0 want: ^3.0.0
2742 silly placeDep node_modules/firebase-tools bare-stream@2.13.3 OK for: bare-fs@4.8.0 want: ^2.6.4
2743 silly placeDep node_modules/firebase-tools bare-url@2.5.2 OK for: bare-fs@4.8.0 want: ^2.2.2
2744 silly fetch manifest teex@^1.0.1
2745 silly packumentCache full:https://registry.npmjs.org/teex cache-miss
2746 http fetch GET 200 https://registry.npmjs.org/teex 27ms (cache revalidated)
2747 silly packumentCache full:https://registry.npmjs.org/teex set size:5952 disposed:false
2748 silly placeDep node_modules/firebase-tools teex@1.0.1 OK for: bare-stream@2.13.3 want: ^1.0.1
2749 silly placeDep node_modules/firebase-tools events-universal@1.0.1 OK for: streamx@2.28.0 want: ^1.0.0
2750 silly placeDep node_modules/firebase-tools text-decoder@1.2.7 OK for: streamx@2.28.0 want: ^1.1.0
2751 silly placeDep node_modules/firebase-tools/node_modules/tcp-port-used debug@4.3.1 OK for: tcp-port-used@1.0.3 want: 4.3.1
2752 silly placeDep node_modules/firebase-tools is2@2.0.1 OK for: tcp-port-used@1.0.3 want: 2.0.1
2753 silly fetch manifest ms@2.1.2
2754 silly packumentCache full:https://registry.npmjs.org/ms cache-hit
2755 silly fetch manifest deep-is@^0.1.3
2756 silly packumentCache full:https://registry.npmjs.org/deep-is cache-miss
2757 http fetch GET 200 https://registry.npmjs.org/deep-is 26ms (cache revalidated)
2758 silly packumentCache full:https://registry.npmjs.org/deep-is set size:10205 disposed:false
2759 silly fetch manifest ip-regex@^2.1.0
2760 silly packumentCache full:https://registry.npmjs.org/ip-regex cache-miss
2761 http fetch GET 200 https://registry.npmjs.org/ip-regex 26ms (cache revalidated)
2762 silly packumentCache full:https://registry.npmjs.org/ip-regex set size:26433 disposed:false
2763 silly placeDep node_modules/firebase-tools deep-is@0.1.4 OK for: is2@2.0.1 want: ^0.1.3
2764 silly placeDep node_modules/firebase-tools ip-regex@2.1.0 OK for: is2@2.0.1 want: ^2.1.0
2765 silly placeDep node_modules/firebase-tools/node_modules/teeny-request node-fetch@3.3.2 OK for: teeny-request@10.1.4 want: ^3.3.2
2766 silly placeDep node_modules/firebase-tools stream-events@1.0.5 OK for: teeny-request@10.1.4 want: ^1.0.5
2767 silly fetch manifest stubs@^3.0.0
2768 silly packumentCache full:https://registry.npmjs.org/stubs cache-miss
2769 http fetch GET 200 https://registry.npmjs.org/stubs 155ms (cache revalidated)
2770 silly packumentCache full:https://registry.npmjs.org/stubs set size:9388 disposed:false
2771 silly placeDep node_modules/firebase-tools stubs@3.0.0 OK for: stream-events@1.0.5 want: ^3.0.0
2772 silly placeDep node_modules/firebase-tools thenify@3.3.1 OK for: thenify-all@1.6.0 want: >= 3.1.0 < 4
2773 silly placeDep node_modules/firebase-tools/node_modules/tinyglobby fdir@6.5.0 OK for: tinyglobby@0.2.17 want: ^6.5.0
2774 silly placeDep node_modules/firebase-tools/node_modules/tinyglobby picomatch@4.0.5 OK for: fdir@6.5.0 want: ^3 || ^4
2775 silly placeDep node_modules/firebase-tools is-number@7.0.0 OK for: to-regex-range@5.0.1 want: ^7.0.0
2776 silly placeDep node_modules/firebase-tools media-typer@0.3.0 OK for: type-is@1.6.18 want: 0.3.0
2777 silly placeDep node_modules/firebase-tools crypto-random-string@2.0.0 OK for: unique-string@2.0.0 want: ^2.0.0
2778 silly placeDep node_modules/firebase-tools/node_modules/universal-analytics debug@4.4.3 OK for: universal-analytics@0.5.4 want: ^4.3.1
2779 silly placeDep node_modules/firebase-tools/node_modules/universal-analytics uuid@14.0.1 OK for: universal-analytics@0.5.4 want: ^14.0.0
2780 silly placeDep node_modules/firebase-tools boxen@5.1.2 OK for: update-notifier-cjs@5.1.7 want: ^5.0.0
2781 silly placeDep node_modules/firebase-tools/node_modules/update-notifier-cjs chalk@4.1.2 OK for: update-notifier-cjs@5.1.7 want: ^4.1.0
2782 silly placeDep node_modules/firebase-tools has-yarn@2.1.0 OK for: update-notifier-cjs@5.1.7 want: ^2.1.0
2783 silly placeDep node_modules/firebase-tools import-lazy@2.1.0 OK for: update-notifier-cjs@5.1.7 want: ^2.1.0
2784 silly placeDep node_modules/firebase-tools is-ci@2.0.0 OK for: update-notifier-cjs@5.1.7 want: ^2.0.0
2785 silly placeDep node_modules/firebase-tools is-installed-globally@0.4.0 OK for: update-notifier-cjs@5.1.7 want: ^0.4.0
2786 silly placeDep node_modules/firebase-tools is-npm@5.0.0 OK for: update-notifier-cjs@5.1.7 want: ^5.0.0
2787 silly placeDep node_modules/firebase-tools is-yarn-global@0.3.0 OK for: update-notifier-cjs@5.1.7 want: ^0.3.0
2788 silly placeDep node_modules/firebase-tools isomorphic-fetch@3.0.0 OK for: update-notifier-cjs@5.1.7 want: ^3.0.0
2789 silly placeDep node_modules/firebase-tools pupa@2.1.1 OK for: update-notifier-cjs@5.1.7 want: ^2.1.1
2790 silly placeDep node_modules/firebase-tools registry-auth-token@5.1.1 OK for: update-notifier-cjs@5.1.7 want: ^5.0.1
2791 silly placeDep node_modules/firebase-tools registry-url@5.1.0 OK for: update-notifier-cjs@5.1.7 want: ^5.1.0
2792 silly placeDep node_modules/firebase-tools semver-diff@3.1.1 OK for: update-notifier-cjs@5.1.7 want: ^3.1.1
2793 silly fetch manifest camelcase@^6.2.0
2794 silly packumentCache full:https://registry.npmjs.org/camelcase cache-miss
2795 http fetch GET 200 https://registry.npmjs.org/camelcase 28ms (cache revalidated)
2796 silly packumentCache full:https://registry.npmjs.org/camelcase set size:60255 disposed:false
2797 silly fetch manifest cli-boxes@^2.2.1
2798 silly packumentCache full:https://registry.npmjs.org/cli-boxes cache-miss
2799 http fetch GET 200 https://registry.npmjs.org/cli-boxes 159ms (cache revalidated)
2800 silly packumentCache full:https://registry.npmjs.org/cli-boxes set size:19853 disposed:false
2801 silly fetch manifest type-fest@^0.20.2
2802 silly packumentCache full:https://registry.npmjs.org/type-fest cache-miss
2803 http fetch GET 200 https://registry.npmjs.org/type-fest 33ms (cache revalidated)
2804 silly packumentCache full:https://registry.npmjs.org/type-fest set size:566201 disposed:false
2805 silly fetch manifest wrap-ansi@^7.0.0
2806 silly packumentCache full:https://registry.npmjs.org/wrap-ansi cache-hit
2807 silly fetch manifest ansi-align@^3.0.0
2808 silly packumentCache full:https://registry.npmjs.org/ansi-align cache-miss
2809 http fetch GET 200 https://registry.npmjs.org/ansi-align 158ms (cache revalidated)
2810 silly packumentCache full:https://registry.npmjs.org/ansi-align set size:13890 disposed:false
2811 silly fetch manifest widest-line@^3.1.0
2812 silly packumentCache full:https://registry.npmjs.org/widest-line cache-miss
2813 http fetch GET 200 https://registry.npmjs.org/widest-line 154ms (cache revalidated)
2814 silly packumentCache full:https://registry.npmjs.org/widest-line set size:23158 disposed:false
2815 silly fetch manifest ci-info@^2.0.0
2816 silly packumentCache full:https://registry.npmjs.org/ci-info cache-miss
2817 http fetch GET 200 https://registry.npmjs.org/ci-info 28ms (cache revalidated)
2818 silly packumentCache full:https://registry.npmjs.org/ci-info set size:91363 disposed:false
2819 silly fetch manifest global-dirs@^3.0.0
2820 silly packumentCache full:https://registry.npmjs.org/global-dirs cache-miss
2821 http fetch GET 200 https://registry.npmjs.org/global-dirs 153ms (cache revalidated)
2822 silly packumentCache full:https://registry.npmjs.org/global-dirs set size:24765 disposed:false
2823 silly fetch manifest is-path-inside@^3.0.2
2824 silly packumentCache full:https://registry.npmjs.org/is-path-inside cache-miss
2825 http fetch GET 200 https://registry.npmjs.org/is-path-inside 39ms (cache revalidated)
2826 silly packumentCache full:https://registry.npmjs.org/is-path-inside set size:23585 disposed:false
2827 silly fetch manifest whatwg-fetch@^3.4.1
2828 silly packumentCache full:https://registry.npmjs.org/whatwg-fetch cache-miss
2829 http fetch GET 200 https://registry.npmjs.org/whatwg-fetch 28ms (cache revalidated)
2830 silly packumentCache full:https://registry.npmjs.org/whatwg-fetch set size:120970 disposed:false
2831 silly fetch manifest escape-goat@^2.0.0
2832 silly packumentCache full:https://registry.npmjs.org/escape-goat cache-miss
2833 http fetch GET 200 https://registry.npmjs.org/escape-goat 26ms (cache revalidated)
2834 silly packumentCache full:https://registry.npmjs.org/escape-goat set size:24003 disposed:false
2835 silly fetch manifest @pnpm/npm-conf@^3.0.2
2836 silly packumentCache full:https://registry.npmjs.org/@pnpm%2fnpm-conf cache-miss
2837 http fetch GET 200 https://registry.npmjs.org/@pnpm%2fnpm-conf 496ms (cache revalidated)
2838 silly packumentCache full:https://registry.npmjs.org/@pnpm%2fnpm-conf set size:55081 disposed:false
2839 silly fetch manifest rc@^1.2.8
2840 silly packumentCache full:https://registry.npmjs.org/rc cache-miss
2841 http fetch GET 200 https://registry.npmjs.org/rc 29ms (cache revalidated)
2842 silly packumentCache full:https://registry.npmjs.org/rc set size:70417 disposed:false
2843 silly fetch manifest semver@^6.3.0
2844 silly packumentCache full:https://registry.npmjs.org/semver cache-hit
2845 silly placeDep node_modules/firebase-tools ansi-align@3.0.1 OK for: boxen@5.1.2 want: ^3.0.0
2846 silly placeDep node_modules/firebase-tools camelcase@6.3.0 OK for: boxen@5.1.2 want: ^6.2.0
2847 silly placeDep node_modules/firebase-tools/node_modules/boxen chalk@4.1.2 OK for: boxen@5.1.2 want: ^4.1.0
2848 silly placeDep node_modules/firebase-tools cli-boxes@2.2.1 OK for: boxen@5.1.2 want: ^2.2.1
2849 silly placeDep node_modules/firebase-tools type-fest@0.20.2 OK for: boxen@5.1.2 want: ^0.20.2
2850 silly placeDep node_modules/firebase-tools widest-line@3.1.0 OK for: boxen@5.1.2 want: ^3.1.0
2851 silly placeDep node_modules/firebase-tools/node_modules/boxen wrap-ansi@7.0.0 OK for: boxen@5.1.2 want: ^7.0.0
2852 silly placeDep node_modules/firebase-tools ci-info@2.0.0 OK for: is-ci@2.0.0 want: ^2.0.0
2853 silly placeDep node_modules/firebase-tools global-dirs@3.0.1 OK for: is-installed-globally@0.4.0 want: ^3.0.0
2854 silly placeDep node_modules/firebase-tools is-path-inside@3.0.3 OK for: is-installed-globally@0.4.0 want: ^3.0.2
2855 silly fetch manifest ini@2.0.0
2856 silly packumentCache full:https://registry.npmjs.org/ini cache-miss
2857 http fetch GET 200 https://registry.npmjs.org/ini 26ms (cache revalidated)
2858 silly packumentCache full:https://registry.npmjs.org/ini set size:59124 disposed:false
2859 silly placeDep node_modules/firebase-tools ini@2.0.0 OK for: global-dirs@3.0.1 want: 2.0.0
2860 silly placeDep node_modules/firebase-tools whatwg-fetch@3.6.20 OK for: isomorphic-fetch@3.0.0 want: ^3.4.1
2861 silly placeDep node_modules/firebase-tools escape-goat@2.1.1 OK for: pupa@2.1.1 want: ^2.0.0
2862 silly placeDep node_modules/firebase-tools @pnpm/npm-conf@3.0.3 OK for: registry-auth-token@5.1.1 want: ^3.0.2
2863 silly fetch manifest @pnpm/config.env-replace@^1.1.0
2864 silly packumentCache full:https://registry.npmjs.org/@pnpm%2fconfig.env-replace cache-miss
2865 http fetch GET 200 https://registry.npmjs.org/@pnpm%2fconfig.env-replace 166ms (cache revalidated)
2866 silly packumentCache full:https://registry.npmjs.org/@pnpm%2fconfig.env-replace set size:20011 disposed:false
2867 silly fetch manifest @pnpm/network.ca-file@^1.0.1
2868 silly packumentCache full:https://registry.npmjs.org/@pnpm%2fnetwork.ca-file cache-miss
2869 http fetch GET 200 https://registry.npmjs.org/@pnpm%2fnetwork.ca-file 38ms (cache revalidated)
2870 silly packumentCache full:https://registry.npmjs.org/@pnpm%2fnetwork.ca-file set size:22408 disposed:false
2871 silly fetch manifest config-chain@^1.1.11
2872 silly packumentCache full:https://registry.npmjs.org/config-chain cache-miss
2873 http fetch GET 200 https://registry.npmjs.org/config-chain 25ms (cache revalidated)
2874 silly packumentCache full:https://registry.npmjs.org/config-chain set size:38691 disposed:false
2875 silly placeDep node_modules/firebase-tools @pnpm/config.env-replace@1.1.0 OK for: @pnpm/npm-conf@3.0.3 want: ^1.1.0
2876 silly placeDep node_modules/firebase-tools @pnpm/network.ca-file@1.0.2 OK for: @pnpm/npm-conf@3.0.3 want: ^1.0.1
2877 silly placeDep node_modules/firebase-tools config-chain@1.1.13 OK for: @pnpm/npm-conf@3.0.3 want: ^1.1.11
2878 silly fetch manifest graceful-fs@4.2.10
2879 silly packumentCache full:https://registry.npmjs.org/graceful-fs cache-hit
2880 silly fetch manifest proto-list@~1.2.1
2881 silly packumentCache full:https://registry.npmjs.org/proto-list cache-miss
2882 http fetch GET 200 https://registry.npmjs.org/proto-list 24ms (cache revalidated)
2883 silly packumentCache full:https://registry.npmjs.org/proto-list set size:8764 disposed:false
2884 silly fetch manifest ini@^1.3.4
2885 silly packumentCache full:https://registry.npmjs.org/ini cache-hit
2886 silly placeDep node_modules/firebase-tools/node_modules/@pnpm/network.ca-file graceful-fs@4.2.10 OK for: @pnpm/network.ca-file@1.0.2 want: 4.2.10
2887 silly placeDep node_modules/firebase-tools/node_modules/config-chain ini@1.3.8 OK for: config-chain@1.1.13 want: ^1.3.4
2888 silly placeDep node_modules/firebase-tools proto-list@1.2.4 OK for: config-chain@1.1.13 want: ~1.2.1
2889 silly placeDep node_modules/firebase-tools rc@1.2.8 OK for: registry-url@5.1.0 want: ^1.2.8
2890 silly fetch manifest ini@~1.3.0
2891 silly packumentCache full:https://registry.npmjs.org/ini cache-hit
2892 silly fetch manifest minimist@^1.2.0
2893 silly packumentCache full:https://registry.npmjs.org/minimist cache-miss
2894 http fetch GET 200 https://registry.npmjs.org/minimist 26ms (cache revalidated)
2895 silly packumentCache full:https://registry.npmjs.org/minimist set size:77063 disposed:false
2896 silly fetch manifest deep-extend@^0.6.0
2897 silly packumentCache full:https://registry.npmjs.org/deep-extend cache-miss
2898 http fetch GET 200 https://registry.npmjs.org/deep-extend 24ms (cache revalidated)
2899 silly packumentCache full:https://registry.npmjs.org/deep-extend set size:34472 disposed:false
2900 silly fetch manifest strip-json-comments@~2.0.1
2901 silly packumentCache full:https://registry.npmjs.org/strip-json-comments cache-miss
2902 http fetch GET 200 https://registry.npmjs.org/strip-json-comments 25ms (cache revalidated)
2903 silly packumentCache full:https://registry.npmjs.org/strip-json-comments set size:43569 disposed:false
2904 silly placeDep node_modules/firebase-tools deep-extend@0.6.0 OK for: rc@1.2.8 want: ^0.6.0
2905 silly placeDep node_modules/firebase-tools/node_modules/rc ini@1.3.8 OK for: rc@1.2.8 want: ~1.3.0
2906 silly placeDep node_modules/firebase-tools minimist@1.2.8 OK for: rc@1.2.8 want: ^1.2.0
2907 silly placeDep node_modules/firebase-tools strip-json-comments@2.0.1 OK for: rc@1.2.8 want: ~2.0.1
2908 silly placeDep node_modules/firebase-tools/node_modules/semver-diff semver@6.3.1 OK for: semver-diff@3.1.1 want: ^6.3.0
2909 silly placeDep node_modules/firebase-tools defaults@1.0.4 OK for: wcwidth@1.0.1 want: ^1.0.3
2910 silly fetch manifest clone@^1.0.2
2911 silly packumentCache full:https://registry.npmjs.org/clone cache-miss
2912 http fetch GET 200 https://registry.npmjs.org/clone 30ms (cache revalidated)
2913 silly packumentCache full:https://registry.npmjs.org/clone set size:82973 disposed:false
2914 silly placeDep node_modules/firebase-tools clone@1.0.4 OK for: defaults@1.0.4 want: ^1.0.2
2915 silly placeDep node_modules/firebase-tools tr46@0.0.3 OK for: whatwg-url@5.0.0 want: ~0.0.3
2916 silly placeDep node_modules/firebase-tools webidl-conversions@3.0.1 OK for: whatwg-url@5.0.0 want: ^3.0.0
2917 silly placeDep node_modules/firebase-tools isexe@2.0.0 OK for: which@2.0.2 want: ^2.0.0
2918 silly placeDep node_modules/firebase-tools/node_modules/winston @colors/colors@1.6.0 OK for: winston@3.19.0 want: ^1.6.0
2919 silly placeDep node_modules/firebase-tools @dabh/diagnostics@2.0.8 OK for: winston@3.19.0 want: ^2.0.8
2920 silly placeDep node_modules/firebase-tools logform@2.7.0 OK for: winston@3.19.0 want: ^2.7.0
2921 silly placeDep node_modules/firebase-tools one-time@1.0.0 OK for: winston@3.19.0 want: ^1.0.0
2922 silly placeDep node_modules/firebase-tools/node_modules/winston readable-stream@3.6.2 OK for: winston@3.19.0 want: ^3.4.0
2923 silly placeDep node_modules/firebase-tools safe-stable-stringify@2.5.0 OK for: winston@3.19.0 want: ^2.3.1
2924 silly placeDep node_modules/firebase-tools stack-trace@0.0.10 OK for: winston@3.19.0 want: 0.0.x
2925 silly fetch manifest @so-ric/colorspace@^1.1.6
2926 silly packumentCache full:https://registry.npmjs.org/@so-ric%2fcolorspace cache-miss
2927 http fetch GET 200 https://registry.npmjs.org/@so-ric%2fcolorspace 39ms (cache revalidated)
2928 silly packumentCache full:https://registry.npmjs.org/@so-ric%2fcolorspace set size:7005 disposed:false
2929 silly fetch manifest enabled@2.0.x
2930 silly packumentCache full:https://registry.npmjs.org/enabled cache-miss
2931 http fetch GET 200 https://registry.npmjs.org/enabled 26ms (cache revalidated)
2932 silly packumentCache full:https://registry.npmjs.org/enabled set size:8263 disposed:false
2933 silly fetch manifest kuler@^2.0.0
2934 silly packumentCache full:https://registry.npmjs.org/kuler cache-miss
2935 http fetch GET 200 https://registry.npmjs.org/kuler 27ms (cache revalidated)
2936 silly packumentCache full:https://registry.npmjs.org/kuler set size:10079 disposed:false
2937 silly fetch manifest @colors/colors@1.6.0
2938 silly packumentCache full:https://registry.npmjs.org/@colors%2fcolors cache-hit
2939 silly fetch manifest @types/triple-beam@^1.3.2
2940 silly packumentCache full:https://registry.npmjs.org/@types%2ftriple-beam cache-miss
2941 http fetch GET 200 https://registry.npmjs.org/@types%2ftriple-beam 34ms (cache revalidated)
2942 silly packumentCache full:https://registry.npmjs.org/@types%2ftriple-beam set size:12646 disposed:false
2943 silly fetch manifest fecha@^4.2.0
2944 silly packumentCache full:https://registry.npmjs.org/fecha cache-miss
2945 http fetch GET 200 https://registry.npmjs.org/fecha 162ms (cache revalidated)
2946 silly packumentCache full:https://registry.npmjs.org/fecha set size:86768 disposed:false
2947 silly fetch manifest fn.name@1.x.x
2948 silly packumentCache full:https://registry.npmjs.org/fn.name cache-miss
2949 http fetch GET 200 https://registry.npmjs.org/fn.name 28ms (cache revalidated)
2950 silly packumentCache full:https://registry.npmjs.org/fn.name set size:7638 disposed:false
2951 silly placeDep node_modules/firebase-tools @so-ric/colorspace@1.1.6 OK for: @dabh/diagnostics@2.0.8 want: ^1.1.6
2952 silly placeDep node_modules/firebase-tools enabled@2.0.0 OK for: @dabh/diagnostics@2.0.8 want: 2.0.x
2953 silly placeDep node_modules/firebase-tools kuler@2.0.0 OK for: @dabh/diagnostics@2.0.8 want: ^2.0.0
2954 silly fetch manifest color@^5.0.2
2955 silly packumentCache full:https://registry.npmjs.org/color cache-miss
2956 http fetch GET 200 https://registry.npmjs.org/color 26ms (cache revalidated)
2957 silly packumentCache full:https://registry.npmjs.org/color set size:98234 disposed:false
2958 silly fetch manifest text-hex@1.0.x
2959 silly packumentCache full:https://registry.npmjs.org/text-hex cache-miss
2960 http fetch GET 200 https://registry.npmjs.org/text-hex 24ms (cache revalidated)
2961 silly packumentCache full:https://registry.npmjs.org/text-hex set size:4528 disposed:false
2962 silly placeDep node_modules/firebase-tools color@5.0.3 OK for: @so-ric/colorspace@1.1.6 want: ^5.0.2
2963 silly placeDep node_modules/firebase-tools text-hex@1.0.0 OK for: @so-ric/colorspace@1.1.6 want: 1.0.x
2964 silly fetch manifest color-convert@^3.1.3
2965 silly packumentCache full:https://registry.npmjs.org/color-convert cache-miss
2966 http fetch GET 200 https://registry.npmjs.org/color-convert 27ms (cache revalidated)
2967 silly packumentCache full:https://registry.npmjs.org/color-convert set size:72663 disposed:false
2968 silly fetch manifest color-string@^2.1.3
2969 silly packumentCache full:https://registry.npmjs.org/color-string cache-miss
2970 http fetch GET 200 https://registry.npmjs.org/color-string 26ms (cache revalidated)
2971 silly packumentCache full:https://registry.npmjs.org/color-string set size:84418 disposed:false
2972 silly placeDep node_modules/firebase-tools color-convert@3.1.3 OK for: color@5.0.3 want: ^3.1.3
2973 silly placeDep node_modules/firebase-tools color-string@2.1.4 OK for: color@5.0.3 want: ^2.1.3
2974 silly fetch manifest color-name@^2.0.0
2975 silly packumentCache full:https://registry.npmjs.org/color-name cache-miss
2976 http fetch GET 200 https://registry.npmjs.org/color-name 31ms (cache revalidated)
2977 silly packumentCache full:https://registry.npmjs.org/color-name set size:20968 disposed:false
2978 silly placeDep node_modules/firebase-tools color-name@2.1.1 OK for: color-convert@3.1.3 want: ^2.0.0
2979 silly placeDep node_modules/firebase-tools/node_modules/logform @colors/colors@1.6.0 OK for: logform@2.7.0 want: 1.6.0
2980 silly placeDep node_modules/firebase-tools @types/triple-beam@1.3.5 OK for: logform@2.7.0 want: ^1.3.2
2981 silly placeDep node_modules/firebase-tools fecha@4.2.3 OK for: logform@2.7.0 want: ^4.2.0
2982 silly placeDep node_modules/firebase-tools/node_modules/logform ms@2.1.3 OK for: logform@2.7.0 want: ^2.1.1
2983 silly placeDep node_modules/firebase-tools fn.name@1.1.0 OK for: one-time@1.0.0 want: 1.x.x
2984 silly placeDep node_modules/firebase-tools/node_modules/winston-transport readable-stream@3.6.2 OK for: winston-transport@4.9.0 want: ^3.6.2
2985 silly placeDep node_modules/firebase-tools ansi-styles@4.3.0 OK for: wrap-ansi@6.2.0 want: ^4.0.0
2986 silly placeDep node_modules/firebase-tools/node_modules/wrap-ansi strip-ansi@6.0.1 OK for: wrap-ansi@6.2.0 want: ^6.0.0
2987 silly fetch manifest color-convert@^2.0.1
2988 silly packumentCache full:https://registry.npmjs.org/color-convert cache-hit
2989 silly placeDep node_modules/firebase-tools/node_modules/ansi-styles color-convert@2.0.1 OK for: ansi-styles@4.3.0 want: ^2.0.1
2990 silly fetch manifest color-name@~1.1.4
2991 silly packumentCache full:https://registry.npmjs.org/color-name cache-hit
2992 silly placeDep node_modules/firebase-tools/node_modules/wrap-ansi-cjs strip-ansi@6.0.1 OK for: wrap-ansi@7.0.0 want: ^6.0.0
2993 silly placeDep node_modules/firebase-tools imurmurhash@0.1.4 OK for: write-file-atomic@3.0.3 want: ^0.1.4
2994 silly placeDep node_modules/firebase-tools is-typedarray@1.0.0 OK for: write-file-atomic@3.0.3 want: ^1.0.0
2995 silly placeDep node_modules/firebase-tools/node_modules/write-file-atomic signal-exit@3.0.7 OK for: write-file-atomic@3.0.3 want: ^3.0.2
2996 silly placeDep node_modules/firebase-tools typedarray-to-buffer@3.1.5 OK for: write-file-atomic@3.0.3 want: ^3.1.5
2997 silly placeDep node_modules/firebase-tools cliui@8.0.1 OK for: yargs@17.7.3 want: ^8.0.1
2998 silly placeDep node_modules/firebase-tools escalade@3.2.0 OK for: yargs@17.7.3 want: ^3.1.1
2999 silly placeDep node_modules/firebase-tools get-caller-file@2.0.5 OK for: yargs@17.7.3 want: ^2.0.5
3000 silly placeDep node_modules/firebase-tools require-directory@2.1.1 OK for: yargs@17.7.3 want: ^2.1.1
3001 silly placeDep node_modules/firebase-tools y18n@5.0.8 OK for: yargs@17.7.3 want: ^5.0.5
3002 silly placeDep node_modules/firebase-tools yargs-parser@21.1.1 OK for: yargs@17.7.3 want: ^21.1.1
3003 silly placeDep node_modules/firebase-tools/node_modules/cliui strip-ansi@6.0.1 OK for: cliui@8.0.1 want: ^6.0.1
3004 silly placeDep node_modules/firebase-tools/node_modules/cliui wrap-ansi@7.0.0 OK for: cliui@8.0.1 want: ^7.0.0
3005 silly placeDep node_modules/firebase-tools compress-commons@6.0.2 OK for: zip-stream@6.0.1 want: ^6.0.2
3006 silly fetch manifest crc-32@^1.2.0
3007 silly packumentCache full:https://registry.npmjs.org/crc-32 cache-miss
3008 http fetch GET 200 https://registry.npmjs.org/crc-32 30ms (cache revalidated)
3009 silly packumentCache full:https://registry.npmjs.org/crc-32 set size:32170 disposed:false
3010 silly fetch manifest crc32-stream@^6.0.0
3011 silly packumentCache full:https://registry.npmjs.org/crc32-stream cache-miss
3012 http fetch GET 200 https://registry.npmjs.org/crc32-stream 152ms (cache revalidated)
3013 silly packumentCache full:https://registry.npmjs.org/crc32-stream set size:49384 disposed:false
3014 silly placeDep node_modules/firebase-tools crc-32@1.2.2 OK for: compress-commons@6.0.2 want: ^1.2.0
3015 silly placeDep node_modules/firebase-tools crc32-stream@6.0.0 OK for: compress-commons@6.0.2 want: ^6.0.0
3016 silly placeDep node_modules/firebase-tools/node_modules/@google-cloud/cloud-sql-connector node-fetch@3.3.2 OK for: gaxios@7.3.1 want: ^3.3.2
3017 silly placeDep node_modules/firebase-tools/node_modules/@google-cloud/cloud-sql-connector gcp-metadata@8.1.2 OK for: google-auth-library@10.9.1 want: 8.1.2
3018 silly placeDep node_modules/firebase-tools/node_modules/@google-cloud/cloud-sql-connector google-logging-utils@1.1.3 OK for: google-auth-library@10.9.1 want: 1.1.3
3019 silly placeDep node_modules/firebase-tools/node_modules/@google-cloud/cloud-sql-connector data-uri-to-buffer@4.0.1 OK for: node-fetch@3.3.2 want: ^4.0.0
3020 silly placeDep node_modules/firebase-tools fetch-blob@3.2.0 OK for: node-fetch@3.3.2 want: ^3.1.4
3021 silly placeDep node_modules/firebase-tools formdata-polyfill@4.0.10 OK for: node-fetch@3.3.2 want: ^4.0.10
3022 silly fetch manifest node-domexception@^1.0.0
3023 silly packumentCache full:https://registry.npmjs.org/node-domexception cache-miss
3024 http fetch GET 200 https://registry.npmjs.org/node-domexception 25ms (cache revalidated)
3025 silly packumentCache full:https://registry.npmjs.org/node-domexception set size:11516 disposed:false
3026 silly fetch manifest web-streams-polyfill@^3.0.3
3027 silly packumentCache full:https://registry.npmjs.org/web-streams-polyfill cache-miss
3028 http fetch GET 200 https://registry.npmjs.org/web-streams-polyfill 27ms (cache revalidated)
3029 silly packumentCache full:https://registry.npmjs.org/web-streams-polyfill set size:140806 disposed:false
3030 silly placeDep node_modules/firebase-tools node-domexception@1.0.0 OK for: fetch-blob@3.2.0 want: ^1.0.0
3031 silly placeDep node_modules/firebase-tools web-streams-polyfill@3.3.3 OK for: fetch-blob@3.2.0 want: ^3.0.3
3032 silly placeDep node_modules/firebase-tools/node_modules/@google-cloud/pubsub gaxios@7.3.1 OK for: google-auth-library@10.9.1 want: ^7.1.4
3033 silly placeDep node_modules/firebase-tools/node_modules/@google-cloud/pubsub gcp-metadata@8.1.2 OK for: google-auth-library@10.9.1 want: 8.1.2
3034 silly placeDep node_modules/firebase-tools/node_modules/@google-cloud/pubsub google-logging-utils@1.1.3 OK for: google-auth-library@10.9.1 want: 1.1.3
3035 silly placeDep node_modules/firebase-tools/node_modules/@google-cloud/pubsub node-fetch@3.3.2 OK for: gaxios@7.3.1 want: ^3.3.2
3036 silly placeDep node_modules/firebase-tools/node_modules/@google-cloud/pubsub data-uri-to-buffer@4.0.1 OK for: node-fetch@3.3.2 want: ^4.0.0
3037 silly placeDep node_modules/firebase-tools eastasianwidth@0.2.0 OK for: string-width@5.1.2 want: ^0.2.0
3038 silly placeDep node_modules/firebase-tools/node_modules/@isaacs/cliui emoji-regex@9.2.2 OK for: string-width@5.1.2 want: ^9.2.2
3039 silly placeDep node_modules/firebase-tools/node_modules/@isaacs/cliui ansi-styles@6.2.3 OK for: wrap-ansi@8.1.0 want: ^6.1.0
3040 silly placeDep node_modules/firebase-tools/node_modules/@modelcontextprotocol/sdk accepts@2.0.0 OK for: express@5.2.1 want: ^2.0.0
3041 silly placeDep node_modules/firebase-tools/node_modules/@modelcontextprotocol/sdk body-parser@2.3.0 OK for: express@5.2.1 want: ^2.2.1
3042 silly placeDep node_modules/firebase-tools/node_modules/@modelcontextprotocol/sdk content-disposition@1.1.0 OK for: express@5.2.1 want: ^1.0.0
3043 silly placeDep node_modules/firebase-tools/node_modules/@modelcontextprotocol/sdk cookie-signature@1.2.2 OK for: express@5.2.1 want: ^1.2.1
3044 silly placeDep node_modules/firebase-tools/node_modules/@modelcontextprotocol/sdk debug@4.4.3 OK for: express@5.2.1 want: ^4.4.0
3045 silly placeDep node_modules/firebase-tools/node_modules/@modelcontextprotocol/sdk finalhandler@2.1.1 OK for: express@5.2.1 want: ^2.1.0
3046 silly placeDep node_modules/firebase-tools/node_modules/@modelcontextprotocol/sdk fresh@2.0.0 OK for: express@5.2.1 want: ^2.0.0
3047 silly placeDep node_modules/firebase-tools/node_modules/@modelcontextprotocol/sdk merge-descriptors@2.0.0 OK for: express@5.2.1 want: ^2.0.0
3048 silly placeDep node_modules/firebase-tools/node_modules/@modelcontextprotocol/sdk mime-types@3.0.2 OK for: express@5.2.1 want: ^3.0.0
3049 silly placeDep node_modules/firebase-tools/node_modules/@modelcontextprotocol/sdk send@1.2.1 OK for: express@5.2.1 want: ^1.1.0
3050 silly placeDep node_modules/firebase-tools/node_modules/@modelcontextprotocol/sdk serve-static@2.2.1 OK for: express@5.2.1 want: ^2.2.0
3051 silly placeDep node_modules/firebase-tools/node_modules/@modelcontextprotocol/sdk type-is@2.1.0 OK for: express@5.2.1 want: ^2.0.1
3052 silly fetch manifest negotiator@^1.0.0
3053 silly packumentCache full:https://registry.npmjs.org/negotiator cache-hit
3054 silly fetch manifest type-is@^2.1.0
3055 silly packumentCache full:https://registry.npmjs.org/type-is cache-hit
3056 silly fetch manifest content-type@^2.0.0
3057 silly packumentCache full:https://registry.npmjs.org/content-type cache-hit
3058 silly fetch manifest mime-db@^1.54.0
3059 silly packumentCache full:https://registry.npmjs.org/mime-db cache-hit
3060 silly fetch manifest media-typer@^1.1.0
3061 silly packumentCache full:https://registry.npmjs.org/media-typer cache-hit
3062 silly placeDep node_modules/firebase-tools/node_modules/@modelcontextprotocol/sdk negotiator@1.0.0 OK for: accepts@2.0.0 want: ^1.0.0
3063 silly placeDep node_modules/firebase-tools/node_modules/@modelcontextprotocol/sdk/node_modules/body-parser content-type@2.1.0 OK for: body-parser@2.3.0 want: ^2.0.0
3064 silly placeDep node_modules/firebase-tools/node_modules/@modelcontextprotocol/sdk ms@2.1.3 OK for: debug@4.4.3 want: ^2.1.3
3065 silly placeDep node_modules/firebase-tools/node_modules/@modelcontextprotocol/sdk mime-db@1.54.0 OK for: mime-types@3.0.2 want: ^1.54.0
3066 silly placeDep node_modules/firebase-tools/node_modules/@modelcontextprotocol/sdk/node_modules/type-is content-type@2.1.0 OK for: type-is@2.1.0 want: ^2.0.0
3067 silly placeDep node_modules/firebase-tools/node_modules/@modelcontextprotocol/sdk media-typer@1.1.1 OK for: type-is@2.1.0 want: ^1.1.0
3068 silly placeDep node_modules/firebase-tools/node_modules/ansi-styles color-name@1.1.4 OK for: color-convert@2.0.1 want: ~1.1.4
3069 silly placeDep node_modules/firebase-tools util-deprecate@1.0.2 OK for: readable-stream@3.6.2 want: ^1.0.1
3070 silly placeDep node_modules/firebase-tools/node_modules/boxen strip-ansi@6.0.1 OK for: wrap-ansi@7.0.0 want: ^6.0.0
3071 silly placeDep node_modules/firebase-tools/node_modules/boxen ansi-regex@5.0.1 OK for: strip-ansi@6.0.1 want: ^5.0.1
3072 silly placeDep node_modules/firebase-tools/node_modules/cli-highlight cliui@7.0.4 OK for: yargs@16.2.2 want: ^7.0.2
3073 silly placeDep node_modules/firebase-tools/node_modules/cli-highlight yargs-parser@20.2.9 OK for: yargs@16.2.2 want: ^20.2.2
3074 silly placeDep node_modules/firebase-tools/node_modules/cli-highlight strip-ansi@6.0.1 OK for: cliui@7.0.4 want: ^6.0.0
3075 silly placeDep node_modules/firebase-tools/node_modules/cli-highlight wrap-ansi@7.0.0 OK for: cliui@7.0.4 want: ^7.0.0
3076 silly placeDep node_modules/firebase-tools/node_modules/cli-highlight ansi-regex@5.0.1 OK for: strip-ansi@6.0.1 want: ^5.0.1
3077 silly placeDep node_modules/firebase-tools/node_modules/cliui ansi-regex@5.0.1 OK for: strip-ansi@6.0.1 want: ^5.0.1
3078 silly placeDep node_modules/firebase-tools/node_modules/connect encodeurl@1.0.2 OK for: finalhandler@1.1.2 want: ~1.0.2
3079 silly placeDep node_modules/firebase-tools/node_modules/connect on-finished@2.3.0 OK for: finalhandler@1.1.2 want: ~2.3.0
3080 silly placeDep node_modules/firebase-tools/node_modules/connect statuses@1.5.0 OK for: finalhandler@1.1.2 want: ~1.5.0
3081 silly placeDep node_modules/firebase-tools/node_modules/exegesis iconv-lite@0.4.24 OK for: raw-body@2.5.3 want: ~0.4.24
3082 silly placeDep node_modules/firebase-tools/node_modules/express-rate-limit ms@2.1.3 OK for: debug@4.4.3 want: ^2.1.3
3083 silly placeDep node_modules/firebase-tools/node_modules/get-uri ms@2.1.3 OK for: debug@4.4.3 want: ^2.1.3
3084 silly placeDep node_modules/firebase-tools/node_modules/glob brace-expansion@2.1.4 OK for: minimatch@9.0.9 want: ^2.0.2
3085 silly placeDep node_modules/firebase-tools/node_modules/google-gax gaxios@7.3.1 OK for: google-auth-library@10.5.0 want: ^7.0.0
3086 silly placeDep node_modules/firebase-tools/node_modules/google-gax gcp-metadata@8.1.4 OK for: google-auth-library@10.5.0 want: ^8.0.0
3087 silly placeDep node_modules/firebase-tools/node_modules/google-gax gtoken@8.0.0 OK for: google-auth-library@10.5.0 want: ^8.0.0
3088 silly placeDep node_modules/firebase-tools/node_modules/google-gax/node_modules/gcp-metadata gaxios@7.1.3 OK for: gcp-metadata@8.1.4 want: 7.1.3
3089 silly placeDep node_modules/firebase-tools/node_modules/google-gax data-uri-to-buffer@4.0.1 OK for: node-fetch@3.3.2 want: ^4.0.0
3090 silly placeDep node_modules/firebase-tools/node_modules/googleapis-common node-fetch@3.3.2 OK for: gaxios@7.1.3 want: ^3.3.2
3091 silly placeDep node_modules/firebase-tools/node_modules/googleapis-common gcp-metadata@8.1.4 OK for: google-auth-library@10.5.0 want: ^8.0.0
3092 silly placeDep node_modules/firebase-tools/node_modules/googleapis-common gtoken@8.0.0 OK for: google-auth-library@10.5.0 want: ^8.0.0
3093 silly placeDep node_modules/firebase-tools/node_modules/googleapis-common data-uri-to-buffer@4.0.1 OK for: node-fetch@3.3.2 want: ^4.0.0
3094 silly placeDep node_modules/firebase-tools/node_modules/http-proxy-agent ms@2.1.3 OK for: debug@4.4.3 want: ^2.1.3
3095 silly placeDep node_modules/firebase-tools/node_modules/https-proxy-agent ms@2.1.3 OK for: debug@4.4.3 want: ^2.1.3
3096 silly placeDep node_modules/firebase-tools core-util-is@1.0.3 OK for: readable-stream@2.3.8 want: ~1.0.0
3097 silly placeDep node_modules/firebase-tools isarray@1.0.0 OK for: readable-stream@2.3.8 want: ~1.0.0
3098 silly placeDep node_modules/firebase-tools process-nextick-args@2.0.1 OK for: readable-stream@2.3.8 want: ~2.0.0
3099 silly placeDep node_modules/firebase-tools/node_modules/lazystream safe-buffer@5.1.2 OK for: readable-stream@2.3.8 want: ~5.1.1
3100 silly placeDep node_modules/firebase-tools/node_modules/lazystream string_decoder@1.1.1 OK for: readable-stream@2.3.8 want: ~1.1.1
3101 silly placeDep node_modules/firebase-tools/node_modules/node-gyp isexe@4.0.0 OK for: which@7.0.0 want: ^4.0.0
3102 silly placeDep node_modules/firebase-tools/node_modules/ora ansi-regex@5.0.1 OK for: strip-ansi@6.0.1 want: ^5.0.1
3103 silly placeDep node_modules/firebase-tools/node_modules/pac-proxy-agent ms@2.1.3 OK for: debug@4.4.3 want: ^2.1.3
3104 silly placeDep node_modules/firebase-tools/node_modules/portfinder ms@2.1.3 OK for: debug@4.4.3 want: ^2.1.3
3105 silly placeDep node_modules/firebase-tools/node_modules/proxy-agent ms@2.1.3 OK for: debug@4.4.3 want: ^2.1.3
3106 silly placeDep node_modules/firebase-tools/node_modules/readdir-glob brace-expansion@2.1.4 OK for: minimatch@5.1.9 want: ^2.0.1
3107 silly placeDep node_modules/firebase-tools/node_modules/router ms@2.1.3 OK for: debug@4.4.3 want: ^2.1.3
3108 silly placeDep node_modules/firebase-tools/node_modules/socks-proxy-agent ms@2.1.3 OK for: debug@4.4.3 want: ^2.1.3
3109 silly placeDep node_modules/firebase-tools/node_modules/string-width-cjs ansi-regex@5.0.1 OK for: strip-ansi@6.0.1 want: ^5.0.1
3110 silly placeDep node_modules/firebase-tools/node_modules/string-width ansi-regex@5.0.1 OK for: strip-ansi@6.0.1 want: ^5.0.1
3111 silly placeDep node_modules/firebase-tools/node_modules/superstatic brace-expansion@2.1.4 OK for: minimatch@6.2.3 want: ^2.0.1
3112 silly placeDep node_modules/firebase-tools/node_modules/superstatic isarray@0.0.1 OK for: path-to-regexp@1.9.0 want: 0.0.1
3113 silly placeDep node_modules/firebase-tools/node_modules/tcp-port-used ms@2.1.2 OK for: debug@4.3.1 want: 2.1.2
3114 silly placeDep node_modules/firebase-tools/node_modules/teeny-request data-uri-to-buffer@4.0.1 OK for: node-fetch@3.3.2 want: ^4.0.0
3115 silly placeDep node_modules/firebase-tools/node_modules/universal-analytics ms@2.1.3 OK for: debug@4.4.3 want: ^2.1.3
3116 silly placeDep node_modules/firebase-tools/node_modules/wrap-ansi-cjs ansi-regex@5.0.1 OK for: strip-ansi@6.0.1 want: ^5.0.1
3117 silly placeDep node_modules/firebase-tools/node_modules/wrap-ansi ansi-regex@5.0.1 OK for: strip-ansi@6.0.1 want: ^5.0.1
3118 silly reify moves {}
3119 http cache firebase-tools@https://registry.npmjs.org/firebase-tools/-/firebase-tools-15.27.0.tgz 0ms (cache hit)
3120 http cache process-nextick-args@https://registry.npmjs.org/process-nextick-args/-/process-nextick-args-2.0.1.tgz 0ms (cache hit)
3121 http cache isarray@https://registry.npmjs.org/isarray/-/isarray-1.0.0.tgz 0ms (cache hit)
3122 http cache core-util-is@https://registry.npmjs.org/core-util-is/-/core-util-is-1.0.3.tgz 0ms (cache hit)
3123 http cache util-deprecate@https://registry.npmjs.org/util-deprecate/-/util-deprecate-1.0.2.tgz 0ms (cache hit)
3124 http cache eastasianwidth@https://registry.npmjs.org/eastasianwidth/-/eastasianwidth-0.2.0.tgz 0ms (cache hit)
3125 http cache web-streams-polyfill@https://registry.npmjs.org/web-streams-polyfill/-/web-streams-polyfill-3.3.3.tgz 0ms (cache hit)
3126 http cache node-domexception@https://registry.npmjs.org/node-domexception/-/node-domexception-1.0.0.tgz 0ms (cache hit)
3127 http cache formdata-polyfill@https://registry.npmjs.org/formdata-polyfill/-/formdata-polyfill-4.0.10.tgz 0ms (cache hit)
3128 http cache fetch-blob@https://registry.npmjs.org/fetch-blob/-/fetch-blob-3.2.0.tgz 0ms (cache hit)
3129 http cache crc32-stream@https://registry.npmjs.org/crc32-stream/-/crc32-stream-6.0.0.tgz 0ms (cache hit)
3130 http cache crc-32@https://registry.npmjs.org/crc-32/-/crc-32-1.2.2.tgz 0ms (cache hit)
3131 http cache compress-commons@https://registry.npmjs.org/compress-commons/-/compress-commons-6.0.2.tgz 0ms (cache hit)
3132 http cache yargs-parser@https://registry.npmjs.org/yargs-parser/-/yargs-parser-21.1.1.tgz 0ms (cache hit)
3133 http cache y18n@https://registry.npmjs.org/y18n/-/y18n-5.0.8.tgz 0ms (cache hit)
3134 http cache require-directory@https://registry.npmjs.org/require-directory/-/require-directory-2.1.1.tgz 0ms (cache hit)
3135 http cache get-caller-file@https://registry.npmjs.org/get-caller-file/-/get-caller-file-2.0.5.tgz 0ms (cache hit)
3136 http cache escalade@https://registry.npmjs.org/escalade/-/escalade-3.2.0.tgz 0ms (cache hit)
3137 http cache cliui@https://registry.npmjs.org/cliui/-/cliui-8.0.1.tgz 0ms (cache hit)
3138 http cache ansi-regex@https://registry.npmjs.org/ansi-regex/-/ansi-regex-5.0.1.tgz 0ms (cache hit)
3139 http cache wrap-ansi@https://registry.npmjs.org/wrap-ansi/-/wrap-ansi-7.0.0.tgz 0ms (cache hit)
3140 http cache strip-ansi@https://registry.npmjs.org/strip-ansi/-/strip-ansi-6.0.1.tgz 0ms (cache hit)
3141 http cache typedarray-to-buffer@https://registry.npmjs.org/typedarray-to-buffer/-/typedarray-to-buffer-3.1.5.tgz 0ms (cache hit)
3142 http cache is-typedarray@https://registry.npmjs.org/is-typedarray/-/is-typedarray-1.0.0.tgz 0ms (cache hit)
3143 http cache imurmurhash@https://registry.npmjs.org/imurmurhash/-/imurmurhash-0.1.4.tgz 0ms (cache hit)
3144 http cache ansi-styles@https://registry.npmjs.org/ansi-styles/-/ansi-styles-4.3.0.tgz 0ms (cache hit)
3145 http cache color-name@https://registry.npmjs.org/color-name/-/color-name-1.1.4.tgz 0ms (cache hit)
3146 http cache color-convert@https://registry.npmjs.org/color-convert/-/color-convert-2.0.1.tgz 0ms (cache hit)
3147 http cache fn.name@https://registry.npmjs.org/fn.name/-/fn.name-1.1.0.tgz 0ms (cache hit)
3148 http cache fecha@https://registry.npmjs.org/fecha/-/fecha-4.2.3.tgz 0ms (cache hit)
3149 http cache @types/triple-beam@https://registry.npmjs.org/@types/triple-beam/-/triple-beam-1.3.5.tgz 0ms (cache hit)
3150 http cache color-name@https://registry.npmjs.org/color-name/-/color-name-2.1.1.tgz 0ms (cache hit)
3151 http cache color-string@https://registry.npmjs.org/color-string/-/color-string-2.1.4.tgz 0ms (cache hit)
3152 http cache color-convert@https://registry.npmjs.org/color-convert/-/color-convert-3.1.3.tgz 0ms (cache hit)
3153 http cache text-hex@https://registry.npmjs.org/text-hex/-/text-hex-1.0.0.tgz 0ms (cache hit)
3154 http cache color@https://registry.npmjs.org/color/-/color-5.0.3.tgz 0ms (cache hit)
3155 http cache kuler@https://registry.npmjs.org/kuler/-/kuler-2.0.0.tgz 0ms (cache hit)
3156 http cache enabled@https://registry.npmjs.org/enabled/-/enabled-2.0.0.tgz 0ms (cache hit)
3157 http cache @so-ric/colorspace@https://registry.npmjs.org/@so-ric/colorspace/-/colorspace-1.1.6.tgz 0ms (cache hit)
3158 http cache stack-trace@https://registry.npmjs.org/stack-trace/-/stack-trace-0.0.10.tgz 0ms (cache hit)
3159 http cache safe-stable-stringify@https://registry.npmjs.org/safe-stable-stringify/-/safe-stable-stringify-2.5.0.tgz 0ms (cache hit)
3160 http cache one-time@https://registry.npmjs.org/one-time/-/one-time-1.0.0.tgz 0ms (cache hit)
3161 http cache logform@https://registry.npmjs.org/logform/-/logform-2.7.0.tgz 0ms (cache hit)
3162 http cache ms@https://registry.npmjs.org/ms/-/ms-2.1.3.tgz 0ms (cache hit)
3163 http cache @colors/colors@https://registry.npmjs.org/@colors/colors/-/colors-1.6.0.tgz 0ms (cache hit)
3164 http cache @dabh/diagnostics@https://registry.npmjs.org/@dabh/diagnostics/-/diagnostics-2.0.8.tgz 0ms (cache hit)
3165 http cache isexe@https://registry.npmjs.org/isexe/-/isexe-2.0.0.tgz 0ms (cache hit)
3166 http cache webidl-conversions@https://registry.npmjs.org/webidl-conversions/-/webidl-conversions-3.0.1.tgz 0ms (cache hit)
3167 http cache tr46@https://registry.npmjs.org/tr46/-/tr46-0.0.3.tgz 0ms (cache hit)
3168 http cache clone@https://registry.npmjs.org/clone/-/clone-1.0.4.tgz 0ms (cache hit)
3169 http cache defaults@https://registry.npmjs.org/defaults/-/defaults-1.0.4.tgz 0ms (cache hit)
3170 http cache strip-json-comments@https://registry.npmjs.org/strip-json-comments/-/strip-json-comments-2.0.1.tgz 0ms (cache hit)
3171 http cache minimist@https://registry.npmjs.org/minimist/-/minimist-1.2.8.tgz 0ms (cache hit)
3172 http cache deep-extend@https://registry.npmjs.org/deep-extend/-/deep-extend-0.6.0.tgz 0ms (cache hit)
3173 http cache rc@https://registry.npmjs.org/rc/-/rc-1.2.8.tgz 0ms (cache hit)
3174 http cache ini@https://registry.npmjs.org/ini/-/ini-1.3.8.tgz 0ms (cache hit)
3175 http cache proto-list@https://registry.npmjs.org/proto-list/-/proto-list-1.2.4.tgz 0ms (cache hit)
3176 http cache config-chain@https://registry.npmjs.org/config-chain/-/config-chain-1.1.13.tgz 0ms (cache hit)
3177 http cache ini@https://registry.npmjs.org/ini/-/ini-1.3.8.tgz 0ms (cache hit)
3178 http cache @pnpm/network.ca-file@https://registry.npmjs.org/@pnpm/network.ca-file/-/network.ca-file-1.0.2.tgz 0ms (cache hit)
3179 http cache graceful-fs@https://registry.npmjs.org/graceful-fs/-/graceful-fs-4.2.10.tgz 0ms (cache hit)
3180 http cache @pnpm/config.env-replace@https://registry.npmjs.org/@pnpm/config.env-replace/-/config.env-replace-1.1.0.tgz 0ms (cache hit)
3181 http cache @pnpm/npm-conf@https://registry.npmjs.org/@pnpm/npm-conf/-/npm-conf-3.0.3.tgz 0ms (cache hit)
3182 http cache escape-goat@https://registry.npmjs.org/escape-goat/-/escape-goat-2.1.1.tgz 0ms (cache hit)
3183 http cache whatwg-fetch@https://registry.npmjs.org/whatwg-fetch/-/whatwg-fetch-3.6.20.tgz 0ms (cache hit)
3184 http cache ini@https://registry.npmjs.org/ini/-/ini-2.0.0.tgz 0ms (cache hit)
3185 http cache is-path-inside@https://registry.npmjs.org/is-path-inside/-/is-path-inside-3.0.3.tgz 0ms (cache hit)
3186 http cache global-dirs@https://registry.npmjs.org/global-dirs/-/global-dirs-3.0.1.tgz 0ms (cache hit)
3187 http cache ci-info@https://registry.npmjs.org/ci-info/-/ci-info-2.0.0.tgz 0ms (cache hit)
3188 http cache widest-line@https://registry.npmjs.org/widest-line/-/widest-line-3.1.0.tgz 0ms (cache hit)
3189 http cache type-fest@https://registry.npmjs.org/type-fest/-/type-fest-0.20.2.tgz 0ms (cache hit)
3190 http cache cli-boxes@https://registry.npmjs.org/cli-boxes/-/cli-boxes-2.2.1.tgz 0ms (cache hit)
3191 http cache camelcase@https://registry.npmjs.org/camelcase/-/camelcase-6.3.0.tgz 0ms (cache hit)
3192 http cache ansi-align@https://registry.npmjs.org/ansi-align/-/ansi-align-3.0.1.tgz 0ms (cache hit)
3193 http cache semver-diff@https://registry.npmjs.org/semver-diff/-/semver-diff-3.1.1.tgz 0ms (cache hit)
3194 http cache semver@https://registry.npmjs.org/semver/-/semver-6.3.1.tgz 0ms (cache hit)
3195 http cache registry-url@https://registry.npmjs.org/registry-url/-/registry-url-5.1.0.tgz 0ms (cache hit)
3196 http cache registry-auth-token@https://registry.npmjs.org/registry-auth-token/-/registry-auth-token-5.1.1.tgz 0ms (cache hit)
3197 http cache pupa@https://registry.npmjs.org/pupa/-/pupa-2.1.1.tgz 0ms (cache hit)
3198 http cache isomorphic-fetch@https://registry.npmjs.org/isomorphic-fetch/-/isomorphic-fetch-3.0.0.tgz 0ms (cache hit)
3199 http cache is-yarn-global@https://registry.npmjs.org/is-yarn-global/-/is-yarn-global-0.3.0.tgz 0ms (cache hit)
3200 http cache is-npm@https://registry.npmjs.org/is-npm/-/is-npm-5.0.0.tgz 0ms (cache hit)
3201 http cache is-installed-globally@https://registry.npmjs.org/is-installed-globally/-/is-installed-globally-0.4.0.tgz 0ms (cache hit)
3202 http cache is-ci@https://registry.npmjs.org/is-ci/-/is-ci-2.0.0.tgz 0ms (cache hit)
3203 http cache import-lazy@https://registry.npmjs.org/import-lazy/-/import-lazy-2.1.0.tgz 0ms (cache hit)
3204 http cache has-yarn@https://registry.npmjs.org/has-yarn/-/has-yarn-2.1.0.tgz 0ms (cache hit)
3205 http cache boxen@https://registry.npmjs.org/boxen/-/boxen-5.1.2.tgz 0ms (cache hit)
3206 http cache ansi-regex@https://registry.npmjs.org/ansi-regex/-/ansi-regex-5.0.1.tgz 0ms (cache hit)
3207 http cache strip-ansi@https://registry.npmjs.org/strip-ansi/-/strip-ansi-6.0.1.tgz 0ms (cache hit)
3208 http cache wrap-ansi@https://registry.npmjs.org/wrap-ansi/-/wrap-ansi-7.0.0.tgz 0ms (cache hit)
3209 http cache chalk@https://registry.npmjs.org/chalk/-/chalk-4.1.2.tgz 0ms (cache hit)
3210 http cache crypto-random-string@https://registry.npmjs.org/crypto-random-string/-/crypto-random-string-2.0.0.tgz 0ms (cache hit)
3211 http cache media-typer@https://registry.npmjs.org/media-typer/-/media-typer-0.3.0.tgz 0ms (cache hit)
3212 http cache is-number@https://registry.npmjs.org/is-number/-/is-number-7.0.0.tgz 0ms (cache hit)
3213 http cache thenify@https://registry.npmjs.org/thenify/-/thenify-3.3.1.tgz 0ms (cache hit)
3214 http cache stubs@https://registry.npmjs.org/stubs/-/stubs-3.0.0.tgz 0ms (cache hit)
3215 http cache stream-events@https://registry.npmjs.org/stream-events/-/stream-events-1.0.5.tgz 0ms (cache hit)
3216 http cache ip-regex@https://registry.npmjs.org/ip-regex/-/ip-regex-2.1.0.tgz 0ms (cache hit)
3217 http cache deep-is@https://registry.npmjs.org/deep-is/-/deep-is-0.1.4.tgz 0ms (cache hit)
3218 http cache is2@https://registry.npmjs.org/is2/-/is2-2.0.1.tgz 0ms (cache hit)
3219 http cache text-decoder@https://registry.npmjs.org/text-decoder/-/text-decoder-1.2.7.tgz 0ms (cache hit)
3220 http cache events-universal@https://registry.npmjs.org/events-universal/-/events-universal-1.0.1.tgz 0ms (cache hit)
3221 http cache teex@https://registry.npmjs.org/teex/-/teex-1.0.1.tgz 0ms (cache hit)
3222 http cache bare-url@https://registry.npmjs.org/bare-url/-/bare-url-2.5.2.tgz 0ms (cache hit)
3223 http cache bare-stream@https://registry.npmjs.org/bare-stream/-/bare-stream-2.13.3.tgz 0ms (cache hit)
3224 http cache bare-path@https://registry.npmjs.org/bare-path/-/bare-path-3.1.1.tgz 0ms (cache hit)
3225 http cache bare-events@https://registry.npmjs.org/bare-events/-/bare-events-2.9.1.tgz 0ms (cache hit)
3226 http cache streamx@https://registry.npmjs.org/streamx/-/streamx-2.28.0.tgz 0ms (cache hit)
3227 http cache fast-fifo@https://registry.npmjs.org/fast-fifo/-/fast-fifo-1.3.2.tgz 0ms (cache hit)
3228 http cache bare-fs@https://registry.npmjs.org/bare-fs/-/bare-fs-4.8.0.tgz 0ms (cache hit)
3229 http cache b4a@https://registry.npmjs.org/b4a/-/b4a-1.8.1.tgz 0ms (cache hit)
3230 http cache yallist@https://registry.npmjs.org/yallist/-/yallist-5.0.0.tgz 0ms (cache hit)
3231 http cache minizlib@https://registry.npmjs.org/minizlib/-/minizlib-3.1.0.tgz 0ms (cache hit)
3232 http cache chownr@https://registry.npmjs.org/chownr/-/chownr-3.0.0.tgz 0ms (cache hit)
3233 http cache @isaacs/fs-minipass@https://registry.npmjs.org/@isaacs/fs-minipass/-/fs-minipass-4.0.1.tgz 1ms (cache hit)
3234 http cache supports-color@https://registry.npmjs.org/supports-color/-/supports-color-7.2.0.tgz 0ms (cache hit)
3235 http cache has-flag@https://registry.npmjs.org/has-flag/-/has-flag-4.0.0.tgz 0ms (cache hit)
3236 http cache is-promise@https://registry.npmjs.org/is-promise/-/is-promise-4.0.0.tgz 0ms (cache hit)
3237 http cache abbrev@https://registry.npmjs.org/abbrev/-/abbrev-5.0.0.tgz 0ms (cache hit)
3238 http cache tinyglobby@https://registry.npmjs.org/tinyglobby/-/tinyglobby-0.2.17.tgz 0ms (cache hit)
3239 http cache picomatch@https://registry.npmjs.org/picomatch/-/picomatch-4.0.5.tgz 0ms (cache hit)
3240 http cache fdir@https://registry.npmjs.org/fdir/-/fdir-6.5.0.tgz 0ms (cache hit)
3241 http cache proc-log@https://registry.npmjs.org/proc-log/-/proc-log-7.0.0.tgz 0ms (cache hit)
3242 http cache nopt@https://registry.npmjs.org/nopt/-/nopt-10.0.1.tgz 0ms (cache hit)
3243 http cache exponential-backoff@https://registry.npmjs.org/exponential-backoff/-/exponential-backoff-3.1.3.tgz 0ms (cache hit)
3244 http cache env-paths@https://registry.npmjs.org/env-paths/-/env-paths-2.2.1.tgz 0ms (cache hit)
3245 http cache node-gyp@https://registry.npmjs.org/node-gyp/-/node-gyp-13.0.1.tgz 0ms (cache hit)
3246 http cache isexe@https://registry.npmjs.org/isexe/-/isexe-4.0.0.tgz 0ms (cache hit)
3247 http cache which@https://registry.npmjs.org/which/-/which-7.0.0.tgz 0ms (cache hit)
3248 http cache undici@https://registry.npmjs.org/undici/-/undici-8.10.0.tgz 0ms (cache hit)
3249 http cache nan@https://registry.npmjs.org/nan/-/nan-2.28.0.tgz 0ms (cache hit)
3250 http cache install-artifact-from-github@https://registry.npmjs.org/install-artifact-from-github/-/install-artifact-from-github-1.7.0.tgz 0ms (cache hit)
3251 http cache lodash._objecttypes@https://registry.npmjs.org/lodash._objecttypes/-/lodash._objecttypes-2.4.1.tgz 0ms (cache hit)
3252 http cache valid-url@https://registry.npmjs.org/valid-url/-/valid-url-1.0.9.tgz 0ms (cache hit)
3253 http cache url-join@https://registry.npmjs.org/url-join/-/url-join-0.0.1.tgz 0ms (cache hit)
3254 http cache as-array@https://registry.npmjs.org/as-array/-/as-array-2.0.0.tgz 0ms (cache hit)
3255 http cache toxic@https://registry.npmjs.org/toxic/-/toxic-1.0.1.tgz 0ms (cache hit)
3256 http cache lodash.isobject@https://registry.npmjs.org/lodash.isobject/-/lodash.isobject-2.4.1.tgz 0ms (cache hit)
3257 http cache glob-slash@https://registry.npmjs.org/glob-slash/-/glob-slash-1.0.0.tgz 0ms (cache hit)
3258 http cache compressible@https://registry.npmjs.org/compressible/-/compressible-2.0.18.tgz 0ms (cache hit)
3259 http cache tsscmp@https://registry.npmjs.org/tsscmp/-/tsscmp-1.0.6.tgz 0ms (cache hit)
3260 http cache router@https://registry.npmjs.org/router/-/router-2.2.0.tgz 0ms (cache hit)
3261 http cache ms@https://registry.npmjs.org/ms/-/ms-2.1.3.tgz 0ms (cache hit)
3262 http cache path-to-regexp@https://registry.npmjs.org/path-to-regexp/-/path-to-regexp-8.4.2.tgz 0ms (cache hit)
3263 http cache debug@https://registry.npmjs.org/debug/-/debug-4.4.3.tgz 0ms (cache hit)
3264 http cache re2@https://registry.npmjs.org/re2/-/re2-1.26.1.tgz 0ms (cache hit)
3265 http cache join-path@https://registry.npmjs.org/join-path/-/join-path-1.1.1.tgz 0ms (cache hit)
3266 http cache is-url@https://registry.npmjs.org/is-url/-/is-url-1.2.4.tgz 0ms (cache hit)
3267 http cache glob-slasher@https://registry.npmjs.org/glob-slasher/-/glob-slasher-1.0.1.tgz 0ms (cache hit)
3268 http cache connect@https://registry.npmjs.org/connect/-/connect-3.7.0.tgz 0ms (cache hit)
3269 http cache statuses@https://registry.npmjs.org/statuses/-/statuses-1.5.0.tgz 0ms (cache hit)
3270 http cache on-finished@https://registry.npmjs.org/on-finished/-/on-finished-2.3.0.tgz 0ms (cache hit)
3271 http cache encodeurl@https://registry.npmjs.org/encodeurl/-/encodeurl-1.0.2.tgz 0ms (cache hit)
3272 http cache finalhandler@https://registry.npmjs.org/finalhandler/-/finalhandler-1.1.2.tgz 0ms (cache hit)
3273 http cache compression@https://registry.npmjs.org/compression/-/compression-1.8.1.tgz 0ms (cache hit)
3274 http cache negotiator@https://registry.npmjs.org/negotiator/-/negotiator-0.6.4.tgz 0ms (cache hit)
3275 http cache basic-auth-connect@https://registry.npmjs.org/basic-auth-connect/-/basic-auth-connect-1.1.0.tgz 0ms (cache hit)
3276 http cache is-fullwidth-code-point@https://registry.npmjs.org/is-fullwidth-code-point/-/is-fullwidth-code-point-3.0.0.tgz 0ms (cache hit)
3277 http cache emoji-regex@https://registry.npmjs.org/emoji-regex/-/emoji-regex-8.0.0.tgz 0ms (cache hit)
3278 http cache ret@https://registry.npmjs.org/ret/-/ret-0.1.15.tgz 0ms (cache hit)
3279 http cache discontinuous-range@https://registry.npmjs.org/discontinuous-range/-/discontinuous-range-1.0.0.tgz 0ms (cache hit)
3280 http cache randexp@https://registry.npmjs.org/randexp/-/randexp-0.4.6.tgz 0ms (cache hit)
3281 http cache railroad-diagrams@https://registry.npmjs.org/railroad-diagrams/-/railroad-diagrams-1.0.0.tgz 0ms (cache hit)
3282 http cache moo@https://registry.npmjs.org/moo/-/moo-0.5.3.tgz 0ms (cache hit)
3283 http cache nearley@https://registry.npmjs.org/nearley/-/nearley-2.20.1.tgz 0ms (cache hit)
3284 http cache commander@https://registry.npmjs.org/commander/-/commander-2.20.3.tgz 0ms (cache hit)
3285 http cache smart-buffer@https://registry.npmjs.org/smart-buffer/-/smart-buffer-4.2.0.tgz 0ms (cache hit)
3286 http cache socks@https://registry.npmjs.org/socks/-/socks-2.8.9.tgz 0ms (cache hit)
3287 http cache unicode-emoji-modifier-base@https://registry.npmjs.org/unicode-emoji-modifier-base/-/unicode-emoji-modifier-base-1.0.0.tgz 0ms (cache hit)
3288 http cache call-bound@https://registry.npmjs.org/call-bound/-/call-bound-1.0.4.tgz 0ms (cache hit)
3289 http cache side-channel-weakmap@https://registry.npmjs.org/side-channel-weakmap/-/side-channel-weakmap-1.0.2.tgz 0ms (cache hit)
3290 http cache side-channel-map@https://registry.npmjs.org/side-channel-map/-/side-channel-map-1.0.1.tgz 0ms (cache hit)
3291 http cache side-channel-list@https://registry.npmjs.org/side-channel-list/-/side-channel-list-1.0.1.tgz 0ms (cache hit)
3292 http cache object-inspect@https://registry.npmjs.org/object-inspect/-/object-inspect-1.13.4.tgz 0ms (cache hit)
3293 http cache shebang-regex@https://registry.npmjs.org/shebang-regex/-/shebang-regex-3.0.0.tgz 0ms (cache hit)
3294 http cache teeny-request@https://registry.npmjs.org/teeny-request/-/teeny-request-10.1.4.tgz 0ms (cache hit)
3295 http cache data-uri-to-buffer@https://registry.npmjs.org/data-uri-to-buffer/-/data-uri-to-buffer-4.0.1.tgz 0ms (cache hit)
3296 http cache node-fetch@https://registry.npmjs.org/node-fetch/-/node-fetch-3.3.2.tgz 0ms (cache hit)
3297 http cache mimic-fn@https://registry.npmjs.org/mimic-fn/-/mimic-fn-2.1.0.tgz 0ms (cache hit)
3298 http cache onetime@https://registry.npmjs.org/onetime/-/onetime-5.1.2.tgz 0ms (cache hit)
3299 http cache string_decoder@https://registry.npmjs.org/string_decoder/-/string_decoder-1.3.0.tgz 0ms (cache hit)
3300 http cache process@https://registry.npmjs.org/process/-/process-0.11.10.tgz 0ms (cache hit)
3301 http cache events@https://registry.npmjs.org/events/-/events-3.3.0.tgz 0ms (cache hit)
3302 http cache side-channel@https://registry.npmjs.org/side-channel/-/side-channel-1.1.1.tgz 0ms (cache hit)
3303 http cache source-map@https://registry.npmjs.org/source-map/-/source-map-0.6.1.tgz 0ms (cache hit)
3304 http cache esutils@https://registry.npmjs.org/esutils/-/esutils-2.0.3.tgz 0ms (cache hit)
3305 http cache estraverse@https://registry.npmjs.org/estraverse/-/estraverse-5.3.0.tgz 0ms (cache hit)
3306 http cache tslib@https://registry.npmjs.org/tslib/-/tslib-2.8.1.tgz 0ms (cache hit)
3307 http cache esprima@https://registry.npmjs.org/esprima/-/esprima-4.0.1.tgz 0ms (cache hit)
3308 http cache escodegen@https://registry.npmjs.org/escodegen/-/escodegen-2.1.0.tgz 0ms (cache hit)
3309 http cache ast-types@https://registry.npmjs.org/ast-types/-/ast-types-0.13.4.tgz 0ms (cache hit)
3310 http cache netmask@https://registry.npmjs.org/netmask/-/netmask-2.1.1.tgz 0ms (cache hit)
3311 http cache degenerator@https://registry.npmjs.org/degenerator/-/degenerator-5.0.1.tgz 0ms (cache hit)
3312 http cache data-uri-to-buffer@https://registry.npmjs.org/data-uri-to-buffer/-/data-uri-to-buffer-6.0.2.tgz 0ms (cache hit)
3313 http cache basic-ftp@https://registry.npmjs.org/basic-ftp/-/basic-ftp-5.3.1.tgz 0ms (cache hit)
3314 http cache pac-resolver@https://registry.npmjs.org/pac-resolver/-/pac-resolver-7.0.1.tgz 0ms (cache hit)
3315 http cache get-uri@https://registry.npmjs.org/get-uri/-/get-uri-6.0.5.tgz 0ms (cache hit)
3316 http cache ms@https://registry.npmjs.org/ms/-/ms-2.1.3.tgz 0ms (cache hit)
3317 http cache debug@https://registry.npmjs.org/debug/-/debug-4.4.3.tgz 0ms (cache hit)
3318 http cache @tootallnate/quickjs-emscripten@https://registry.npmjs.org/@tootallnate/quickjs-emscripten/-/quickjs-emscripten-0.23.0.tgz 0ms (cache hit)
3319 http cache socks-proxy-agent@https://registry.npmjs.org/socks-proxy-agent/-/socks-proxy-agent-8.0.5.tgz 0ms (cache hit)
3320 http cache ms@https://registry.npmjs.org/ms/-/ms-2.1.3.tgz 0ms (cache hit)
3321 http cache debug@https://registry.npmjs.org/debug/-/debug-4.4.3.tgz 0ms (cache hit)
3322 http cache proxy-from-env@https://registry.npmjs.org/proxy-from-env/-/proxy-from-env-1.1.0.tgz 0ms (cache hit)
3323 http cache pac-proxy-agent@https://registry.npmjs.org/pac-proxy-agent/-/pac-proxy-agent-7.2.0.tgz 0ms (cache hit)
3324 http cache ms@https://registry.npmjs.org/ms/-/ms-2.1.3.tgz 0ms (cache hit)
3325 http cache debug@https://registry.npmjs.org/debug/-/debug-4.4.3.tgz 0ms (cache hit)
3326 http cache http-proxy-agent@https://registry.npmjs.org/http-proxy-agent/-/http-proxy-agent-7.0.2.tgz 0ms (cache hit)
3327 http cache ms@https://registry.npmjs.org/ms/-/ms-2.1.3.tgz 0ms (cache hit)
3328 http cache debug@https://registry.npmjs.org/debug/-/debug-4.4.3.tgz 0ms (cache hit)
3329 http cache ipaddr.js@https://registry.npmjs.org/ipaddr.js/-/ipaddr.js-1.9.1.tgz 0ms (cache hit)
3330 http cache forwarded@https://registry.npmjs.org/forwarded/-/forwarded-0.2.0.tgz 0ms (cache hit)
3331 http cache undici-types@https://registry.npmjs.org/undici-types/-/undici-types-8.3.0.tgz 0ms (cache hit)
3332 http cache @types/node@https://registry.npmjs.org/@types/node/-/node-26.2.0.tgz 0ms (cache hit)
3333 http cache @protobufjs/utf8@https://registry.npmjs.org/@protobufjs/utf8/-/utf8-1.1.2.tgz 0ms (cache hit)
3334 http cache @protobufjs/pool@https://registry.npmjs.org/@protobufjs/pool/-/pool-1.1.0.tgz 0ms (cache hit)
3335 http cache @protobufjs/path@https://registry.npmjs.org/@protobufjs/path/-/path-1.1.2.tgz 0ms (cache hit)
3336 http cache @protobufjs/float@https://registry.npmjs.org/@protobufjs/float/-/float-1.0.2.tgz 0ms (cache hit)
3337 http cache @protobufjs/fetch@https://registry.npmjs.org/@protobufjs/fetch/-/fetch-1.1.1.tgz 0ms (cache hit)
3338 http cache @protobufjs/eventemitter@https://registry.npmjs.org/@protobufjs/eventemitter/-/eventemitter-1.1.1.tgz 0ms (cache hit)
3339 http cache @protobufjs/codegen@https://registry.npmjs.org/@protobufjs/codegen/-/codegen-2.0.5.tgz 0ms (cache hit)
3340 http cache @protobufjs/base64@https://registry.npmjs.org/@protobufjs/base64/-/base64-1.1.2.tgz 0ms (cache hit)
3341 http cache @protobufjs/aspromise@https://registry.npmjs.org/@protobufjs/aspromise/-/aspromise-1.1.2.tgz 0ms (cache hit)
3342 http cache xtend@https://registry.npmjs.org/xtend/-/xtend-4.0.2.tgz 0ms (cache hit)
3343 http cache split2@https://registry.npmjs.org/split2/-/split2-4.2.0.tgz 0ms (cache hit)
3344 http cache postgres-interval@https://registry.npmjs.org/postgres-interval/-/postgres-interval-1.2.0.tgz 0ms (cache hit)
3345 http cache postgres-date@https://registry.npmjs.org/postgres-date/-/postgres-date-1.0.7.tgz 0ms (cache hit)
3346 http cache postgres-bytea@https://registry.npmjs.org/postgres-bytea/-/postgres-bytea-1.0.1.tgz 0ms (cache hit)
3347 http cache postgres-array@https://registry.npmjs.org/postgres-array/-/postgres-array-2.0.0.tgz 0ms (cache hit)
3348 http cache pg-int8@https://registry.npmjs.org/pg-int8/-/pg-int8-1.0.1.tgz 0ms (cache hit)
3349 http cache pgpass@https://registry.npmjs.org/pgpass/-/pgpass-1.0.5.tgz 0ms (cache hit)
3350 http cache pg-types@https://registry.npmjs.org/pg-types/-/pg-types-2.2.0.tgz 0ms (cache hit)
3351 http cache pg-protocol@https://registry.npmjs.org/pg-protocol/-/pg-protocol-1.16.0.tgz 0ms (cache hit)
3352 http cache pg-pool@https://registry.npmjs.org/pg-pool/-/pg-pool-3.14.0.tgz 0ms (cache hit)
3353 http cache pg-connection-string@https://registry.npmjs.org/pg-connection-string/-/pg-connection-string-2.14.0.tgz 0ms (cache hit)
3354 http cache pg-cloudflare@https://registry.npmjs.org/pg-cloudflare/-/pg-cloudflare-1.4.0.tgz 0ms (cache hit)
3355 http cache lru-cache@https://registry.npmjs.org/lru-cache/-/lru-cache-10.4.3.tgz 0ms (cache hit)
3356 http cache restore-cursor@https://registry.npmjs.org/restore-cursor/-/restore-cursor-3.1.0.tgz 0ms (cache hit)
3357 http cache signal-exit@https://registry.npmjs.org/signal-exit/-/signal-exit-3.0.7.tgz 0ms (cache hit)
3358 http cache ieee754@https://registry.npmjs.org/ieee754/-/ieee754-1.2.1.tgz 0ms (cache hit)
3359 http cache buffer@https://registry.npmjs.org/buffer/-/buffer-5.7.1.tgz 0ms (cache hit)
3360 http cache wcwidth@https://registry.npmjs.org/wcwidth/-/wcwidth-1.0.1.tgz 0ms (cache hit)
3361 http cache log-symbols@https://registry.npmjs.org/log-symbols/-/log-symbols-4.1.0.tgz 0ms (cache hit)
3362 http cache chalk@https://registry.npmjs.org/chalk/-/chalk-4.1.2.tgz 0ms (cache hit)
3363 http cache is-unicode-supported@https://registry.npmjs.org/is-unicode-supported/-/is-unicode-supported-0.1.0.tgz 0ms (cache hit)
3364 http cache is-interactive@https://registry.npmjs.org/is-interactive/-/is-interactive-1.0.0.tgz 0ms (cache hit)
3365 http cache cli-spinners@https://registry.npmjs.org/cli-spinners/-/cli-spinners-2.9.2.tgz 0ms (cache hit)
3366 http cache cli-cursor@https://registry.npmjs.org/cli-cursor/-/cli-cursor-3.1.0.tgz 0ms (cache hit)
3367 http cache bl@https://registry.npmjs.org/bl/-/bl-4.1.0.tgz 0ms (cache hit)
3368 http cache readable-stream@https://registry.npmjs.org/readable-stream/-/readable-stream-3.6.2.tgz 0ms (cache hit)
3369 http cache is-wsl@https://registry.npmjs.org/is-wsl/-/is-wsl-1.1.0.tgz 0ms (cache hit)
3370 http cache wrappy@https://registry.npmjs.org/wrappy/-/wrappy-1.0.2.tgz 0ms (cache hit)
3371 http cache ee-first@https://registry.npmjs.org/ee-first/-/ee-first-1.1.1.tgz 0ms (cache hit)
3372 http cache whatwg-url@https://registry.npmjs.org/whatwg-url/-/whatwg-url-5.0.0.tgz 0ms (cache hit)
3373 http cache skin-tone@https://registry.npmjs.org/skin-tone/-/skin-tone-2.0.0.tgz 0ms (cache hit)
3374 http cache emojilib@https://registry.npmjs.org/emojilib/-/emojilib-2.4.0.tgz 0ms (cache hit)
3375 http cache char-regex@https://registry.npmjs.org/char-regex/-/char-regex-1.0.2.tgz 0ms (cache hit)
3376 http cache @sindresorhus/is@https://registry.npmjs.org/@sindresorhus/is/-/is-4.6.0.tgz 0ms (cache hit)
3377 http cache thenify-all@https://registry.npmjs.org/thenify-all/-/thenify-all-1.6.0.tgz 0ms (cache hit)
3378 http cache any-promise@https://registry.npmjs.org/any-promise/-/any-promise-1.3.0.tgz 0ms (cache hit)
3379 http cache on-headers@https://registry.npmjs.org/on-headers/-/on-headers-1.1.0.tgz 0ms (cache hit)
3380 http cache basic-auth@https://registry.npmjs.org/basic-auth/-/basic-auth-2.0.1.tgz 0ms (cache hit)
3381 http cache safe-buffer@https://registry.npmjs.org/safe-buffer/-/safe-buffer-5.1.2.tgz 0ms (cache hit)
3382 http cache concat-map@https://registry.npmjs.org/concat-map/-/concat-map-0.0.1.tgz 0ms (cache hit)
3383 http cache balanced-match@https://registry.npmjs.org/balanced-match/-/balanced-match-1.0.2.tgz 0ms (cache hit)
3384 http cache brace-expansion@https://registry.npmjs.org/brace-expansion/-/brace-expansion-1.1.18.tgz 0ms (cache hit)
3385 http cache mime-db@https://registry.npmjs.org/mime-db/-/mime-db-1.52.0.tgz 0ms (cache hit)
3386 http cache parse5-htmlparser2-tree-adapter@https://registry.npmjs.org/parse5-htmlparser2-tree-adapter/-/parse5-htmlparser2-tree-adapter-6.0.1.tgz 0ms (cache hit)
3387 http cache parse5@https://registry.npmjs.org/parse5/-/parse5-6.0.1.tgz 0ms (cache hit)
3388 http cache parse5@https://registry.npmjs.org/parse5/-/parse5-5.1.1.tgz 0ms (cache hit)
3389 http cache mz@https://registry.npmjs.org/mz/-/mz-2.7.0.tgz 0ms (cache hit)
3390 http cache highlight.js@https://registry.npmjs.org/highlight.js/-/highlight.js-10.7.3.tgz 0ms (cache hit)
3391 http cache environment@https://registry.npmjs.org/environment/-/environment-1.1.0.tgz 0ms (cache hit)
3392 http cache supports-hyperlinks@https://registry.npmjs.org/supports-hyperlinks/-/supports-hyperlinks-3.2.0.tgz 0ms (cache hit)
3393 http cache node-emoji@https://registry.npmjs.org/node-emoji/-/node-emoji-2.2.0.tgz 0ms (cache hit)
3394 http cache cli-highlight@https://registry.npmjs.org/cli-highlight/-/cli-highlight-2.1.11.tgz 0ms (cache hit)
3395 http cache ansi-regex@https://registry.npmjs.org/ansi-regex/-/ansi-regex-5.0.1.tgz 0ms (cache hit)
3396 http cache wrap-ansi@https://registry.npmjs.org/wrap-ansi/-/wrap-ansi-7.0.0.tgz 0ms (cache hit)
3397 http cache strip-ansi@https://registry.npmjs.org/strip-ansi/-/strip-ansi-6.0.1.tgz 0ms (cache hit)
3398 http cache yargs-parser@https://registry.npmjs.org/yargs-parser/-/yargs-parser-20.2.9.tgz 0ms (cache hit)
3399 http cache cliui@https://registry.npmjs.org/cliui/-/cliui-7.0.4.tgz 0ms (cache hit)
3400 http cache yargs@https://registry.npmjs.org/yargs/-/yargs-16.2.2.tgz 0ms (cache hit)
3401 http cache chalk@https://registry.npmjs.org/chalk/-/chalk-4.1.2.tgz 0ms (cache hit)
3402 http cache chalk@https://registry.npmjs.org/chalk/-/chalk-5.6.2.tgz 0ms (cache hit)
3403 http cache ansi-regex@https://registry.npmjs.org/ansi-regex/-/ansi-regex-6.3.0.tgz 0ms (cache hit)
3404 http cache ansi-escapes@https://registry.npmjs.org/ansi-escapes/-/ansi-escapes-7.3.0.tgz 0ms (cache hit)
3405 http cache libsodium@https://registry.npmjs.org/libsodium/-/libsodium-0.7.16.tgz 0ms (cache hit)
3406 http cache buffer-equal-constant-time@https://registry.npmjs.org/buffer-equal-constant-time/-/buffer-equal-constant-time-1.0.1.tgz 0ms (cache hit)
3407 http cache jwa@https://registry.npmjs.org/jwa/-/jwa-2.0.1.tgz 0ms (cache hit)
3408 http cache lodash.once@https://registry.npmjs.org/lodash.once/-/lodash.once-4.1.1.tgz 0ms (cache hit)
3409 http cache lodash.isstring@https://registry.npmjs.org/lodash.isstring/-/lodash.isstring-4.0.1.tgz 0ms (cache hit)
3410 http cache lodash.isplainobject@https://registry.npmjs.org/lodash.isplainobject/-/lodash.isplainobject-4.0.6.tgz 0ms (cache hit)
3411 http cache lodash.isnumber@https://registry.npmjs.org/lodash.isnumber/-/lodash.isnumber-3.0.3.tgz 0ms (cache hit)
3412 http cache lodash.isinteger@https://registry.npmjs.org/lodash.isinteger/-/lodash.isinteger-4.0.4.tgz 0ms (cache hit)
3413 http cache lodash.isboolean@https://registry.npmjs.org/lodash.isboolean/-/lodash.isboolean-3.0.3.tgz 0ms (cache hit)
3414 http cache lodash.includes@https://registry.npmjs.org/lodash.includes/-/lodash.includes-4.3.0.tgz 0ms (cache hit)
3415 http cache jju@https://registry.npmjs.org/jju/-/jju-1.4.0.tgz 0ms (cache hit)
3416 http cache bignumber.js@https://registry.npmjs.org/bignumber.js/-/bignumber.js-9.3.1.tgz 0ms (cache hit)
3417 http cache argparse@https://registry.npmjs.org/argparse/-/argparse-2.0.1.tgz 0ms (cache hit)
3418 http cache wrap-ansi-cjs@https://registry.npmjs.org/wrap-ansi/-/wrap-ansi-7.0.0.tgz 0ms (cache hit)
3419 http cache ansi-regex@https://registry.npmjs.org/ansi-regex/-/ansi-regex-5.0.1.tgz 0ms (cache hit)
3420 http cache strip-ansi@https://registry.npmjs.org/strip-ansi/-/strip-ansi-6.0.1.tgz 0ms (cache hit)
3421 http cache strip-ansi-cjs@https://registry.npmjs.org/strip-ansi/-/strip-ansi-6.0.1.tgz 0ms (cache hit)
3422 http cache ansi-regex@https://registry.npmjs.org/ansi-regex/-/ansi-regex-5.0.1.tgz 0ms (cache hit)
3423 http cache strip-ansi@https://registry.npmjs.org/strip-ansi/-/strip-ansi-7.2.0.tgz 0ms (cache hit)
3424 http cache string-width-cjs@https://registry.npmjs.org/string-width/-/string-width-4.2.3.tgz 0ms (cache hit)
3425 http cache ansi-regex@https://registry.npmjs.org/ansi-regex/-/ansi-regex-5.0.1.tgz 0ms (cache hit)
3426 http cache strip-ansi@https://registry.npmjs.org/strip-ansi/-/strip-ansi-6.0.1.tgz 0ms (cache hit)
3427 http cache @pkgjs/parseargs@https://registry.npmjs.org/@pkgjs/parseargs/-/parseargs-0.11.0.tgz 0ms (cache hit)
3428 http cache @isaacs/cliui@https://registry.npmjs.org/@isaacs/cliui/-/cliui-8.0.2.tgz 0ms (cache hit)
3429 http cache ansi-styles@https://registry.npmjs.org/ansi-styles/-/ansi-styles-6.2.3.tgz 0ms (cache hit)
3430 http cache emoji-regex@https://registry.npmjs.org/emoji-regex/-/emoji-regex-9.2.2.tgz 0ms (cache hit)
3431 http cache wrap-ansi@https://registry.npmjs.org/wrap-ansi/-/wrap-ansi-8.1.0.tgz 0ms (cache hit)
3432 http cache string-width@https://registry.npmjs.org/string-width/-/string-width-5.1.2.tgz 0ms (cache hit)
3433 http cache is-extglob@https://registry.npmjs.org/is-extglob/-/is-extglob-2.1.1.tgz 0ms (cache hit)
3434 http cache binary-extensions@https://registry.npmjs.org/binary-extensions/-/binary-extensions-2.3.0.tgz 0ms (cache hit)
3435 http cache safer-buffer@https://registry.npmjs.org/safer-buffer/-/safer-buffer-2.1.2.tgz 0ms (cache hit)
3436 http cache agent-base@https://registry.npmjs.org/agent-base/-/agent-base-7.1.4.tgz 0ms (cache hit)
3437 http cache toidentifier@https://registry.npmjs.org/toidentifier/-/toidentifier-1.0.1.tgz 0ms (cache hit)
3438 http cache url-template@https://registry.npmjs.org/url-template/-/url-template-2.0.8.tgz 0ms (cache hit)
3439 http cache once@https://registry.npmjs.org/once/-/once-1.4.0.tgz 0ms (cache hit)
3440 http cache stream-shift@https://registry.npmjs.org/stream-shift/-/stream-shift-1.0.3.tgz 0ms (cache hit)
3441 http cache inherits@https://registry.npmjs.org/inherits/-/inherits-2.0.4.tgz 0ms (cache hit)
3442 http cache end-of-stream@https://registry.npmjs.org/end-of-stream/-/end-of-stream-1.4.5.tgz 0ms (cache hit)
3443 http cache yargs@https://registry.npmjs.org/yargs/-/yargs-17.7.3.tgz 0ms (cache hit)
3444 http cache lodash.camelcase@https://registry.npmjs.org/lodash.camelcase/-/lodash.camelcase-4.3.0.tgz 0ms (cache hit)
3445 http cache @js-sdsl/ordered-map@https://registry.npmjs.org/@js-sdsl/ordered-map/-/ordered-map-4.4.2.tgz 0ms (cache hit)
3446 http cache rimraf@https://registry.npmjs.org/rimraf/-/rimraf-5.0.10.tgz 0ms (cache hit)
3447 http cache retry-request@https://registry.npmjs.org/retry-request/-/retry-request-8.0.4.tgz 0ms (cache hit)
3448 http cache protobufjs@https://registry.npmjs.org/protobufjs/-/protobufjs-7.6.5.tgz 0ms (cache hit)
3449 http cache proto3-json-serializer@https://registry.npmjs.org/proto3-json-serializer/-/proto3-json-serializer-3.0.4.tgz 0ms (cache hit)
3450 http cache object-hash@https://registry.npmjs.org/object-hash/-/object-hash-3.0.0.tgz 0ms (cache hit)
3451 http cache duplexify@https://registry.npmjs.org/duplexify/-/duplexify-4.1.3.tgz 0ms (cache hit)
3452 http cache readable-stream@https://registry.npmjs.org/readable-stream/-/readable-stream-3.6.2.tgz 0ms (cache hit)
3453 http cache @grpc/proto-loader@https://registry.npmjs.org/@grpc/proto-loader/-/proto-loader-0.8.1.tgz 0ms (cache hit)
3454 http cache @grpc/grpc-js@https://registry.npmjs.org/@grpc/grpc-js/-/grpc-js-1.14.4.tgz 0ms (cache hit)
3455 http cache json-bigint@https://registry.npmjs.org/json-bigint/-/json-bigint-1.0.0.tgz 0ms (cache hit)
3456 http cache jws@https://registry.npmjs.org/jws/-/jws-4.0.1.tgz 0ms (cache hit)
3457 http cache gtoken@https://registry.npmjs.org/gtoken/-/gtoken-7.1.0.tgz 0ms (cache hit)
3458 http cache gcp-metadata@https://registry.npmjs.org/gcp-metadata/-/gcp-metadata-6.1.1.tgz 0ms (cache hit)
3459 http cache google-logging-utils@https://registry.npmjs.org/google-logging-utils/-/google-logging-utils-0.0.2.tgz 0ms (cache hit)
3460 http cache ecdsa-sig-formatter@https://registry.npmjs.org/ecdsa-sig-formatter/-/ecdsa-sig-formatter-1.0.11.tgz 0ms (cache hit)
3461 http cache base64-js@https://registry.npmjs.org/base64-js/-/base64-js-1.5.1.tgz 0ms (cache hit)
3462 http cache path-scurry@https://registry.npmjs.org/path-scurry/-/path-scurry-1.11.1.tgz 0ms (cache hit)
3463 http cache package-json-from-dist@https://registry.npmjs.org/package-json-from-dist/-/package-json-from-dist-1.0.1.tgz 0ms (cache hit)
3464 http cache minipass@https://registry.npmjs.org/minipass/-/minipass-7.1.3.tgz 0ms (cache hit)
3465 http cache jackspeak@https://registry.npmjs.org/jackspeak/-/jackspeak-3.4.3.tgz 0ms (cache hit)
3466 http cache foreground-child@https://registry.npmjs.org/foreground-child/-/foreground-child-3.3.1.tgz 0ms (cache hit)
3467 http cache dunder-proto@https://registry.npmjs.org/dunder-proto/-/dunder-proto-1.0.1.tgz 0ms (cache hit)
3468 http cache math-intrinsics@https://registry.npmjs.org/math-intrinsics/-/math-intrinsics-1.1.0.tgz 0ms (cache hit)
3469 http cache has-symbols@https://registry.npmjs.org/has-symbols/-/has-symbols-1.1.0.tgz 0ms (cache hit)
3470 http cache gopd@https://registry.npmjs.org/gopd/-/gopd-1.2.0.tgz 0ms (cache hit)
3471 http cache get-proto@https://registry.npmjs.org/get-proto/-/get-proto-1.0.1.tgz 0ms (cache hit)
3472 http cache function-bind@https://registry.npmjs.org/function-bind/-/function-bind-1.1.2.tgz 0ms (cache hit)
3473 http cache es-object-atoms@https://registry.npmjs.org/es-object-atoms/-/es-object-atoms-1.1.2.tgz 0ms (cache hit)
3474 http cache es-define-property@https://registry.npmjs.org/es-define-property/-/es-define-property-1.0.1.tgz 0ms (cache hit)
3475 http cache call-bind-apply-helpers@https://registry.npmjs.org/call-bind-apply-helpers/-/call-bind-apply-helpers-1.0.2.tgz 0ms (cache hit)
3476 http cache uuid@https://registry.npmjs.org/uuid/-/uuid-9.0.1.tgz 0ms (cache hit)
3477 http cache https-proxy-agent@https://registry.npmjs.org/https-proxy-agent/-/https-proxy-agent-7.0.6.tgz 0ms (cache hit)
3478 http cache debug@https://registry.npmjs.org/debug/-/debug-4.4.3.tgz 0ms (cache hit)
3479 http cache universalify@https://registry.npmjs.org/universalify/-/universalify-2.0.1.tgz 0ms (cache hit)
3480 http cache jsonfile@https://registry.npmjs.org/jsonfile/-/jsonfile-6.2.1.tgz 0ms (cache hit)
3481 http cache has-tostringtag@https://registry.npmjs.org/has-tostringtag/-/has-tostringtag-1.0.2.tgz 0ms (cache hit)
3482 http cache get-intrinsic@https://registry.npmjs.org/get-intrinsic/-/get-intrinsic-1.3.0.tgz 0ms (cache hit)
3483 http cache es-errors@https://registry.npmjs.org/es-errors/-/es-errors-1.3.0.tgz 1ms (cache hit)
3484 http cache delayed-stream@https://registry.npmjs.org/delayed-stream/-/delayed-stream-1.0.0.tgz 0ms (cache hit)
3485 http cache hasown@https://registry.npmjs.org/hasown/-/hasown-2.0.4.tgz 0ms (cache hit)
3486 http cache es-set-tostringtag@https://registry.npmjs.org/es-set-tostringtag/-/es-set-tostringtag-2.1.0.tgz 0ms (cache hit)
3487 http cache combined-stream@https://registry.npmjs.org/combined-stream/-/combined-stream-1.0.8.tgz 0ms (cache hit)
3488 http cache asynckit@https://registry.npmjs.org/asynckit/-/asynckit-0.4.0.tgz 0ms (cache hit)
3489 http cache to-regex-range@https://registry.npmjs.org/to-regex-range/-/to-regex-range-5.0.1.tgz 0ms (cache hit)
3490 http cache ip-address@https://registry.npmjs.org/ip-address/-/ip-address-10.5.0.tgz 0ms (cache hit)
3491 http cache negotiator@https://registry.npmjs.org/negotiator/-/negotiator-0.6.3.tgz 0ms (cache hit)
3492 http cache mime-types@https://registry.npmjs.org/mime-types/-/mime-types-2.1.35.tgz 0ms (cache hit)
3493 http cache utils-merge@https://registry.npmjs.org/utils-merge/-/utils-merge-1.0.1.tgz 0ms (cache hit)
3494 http cache statuses@https://registry.npmjs.org/statuses/-/statuses-2.0.2.tgz 0ms (cache hit)
3495 http cache setprototypeof@https://registry.npmjs.org/setprototypeof/-/setprototypeof-1.2.0.tgz 0ms (cache hit)
3496 http cache serve-static@https://registry.npmjs.org/serve-static/-/serve-static-1.16.3.tgz 0ms (cache hit)
3497 http cache send@https://registry.npmjs.org/send/-/send-0.19.2.tgz 0ms (cache hit)
3498 http cache ms@https://registry.npmjs.org/ms/-/ms-2.1.3.tgz 0ms (cache hit)
3499 http cache mime@https://registry.npmjs.org/mime/-/mime-1.6.0.tgz 0ms (cache hit)
3500 http cache safe-buffer@https://registry.npmjs.org/safe-buffer/-/safe-buffer-5.2.1.tgz 0ms (cache hit)
3501 http cache range-parser@https://registry.npmjs.org/range-parser/-/range-parser-1.2.1.tgz 0ms (cache hit)
3502 http cache proxy-addr@https://registry.npmjs.org/proxy-addr/-/proxy-addr-2.0.7.tgz 0ms (cache hit)
3503 http cache path-to-regexp@https://registry.npmjs.org/path-to-regexp/-/path-to-regexp-0.1.13.tgz 0ms (cache hit)
3504 http cache parseurl@https://registry.npmjs.org/parseurl/-/parseurl-1.3.3.tgz 0ms (cache hit)
3505 http cache methods@https://registry.npmjs.org/methods/-/methods-1.1.2.tgz 0ms (cache hit)
3506 http cache merge-descriptors@https://registry.npmjs.org/merge-descriptors/-/merge-descriptors-1.0.3.tgz 0ms (cache hit)
3507 http cache fresh@https://registry.npmjs.org/fresh/-/fresh-0.5.2.tgz 0ms (cache hit)
3508 http cache finalhandler@https://registry.npmjs.org/finalhandler/-/finalhandler-1.3.2.tgz 0ms (cache hit)
3509 http cache etag@https://registry.npmjs.org/etag/-/etag-1.8.1.tgz 0ms (cache hit)
3510 http cache escape-html@https://registry.npmjs.org/escape-html/-/escape-html-1.0.3.tgz 0ms (cache hit)
3511 http cache encodeurl@https://registry.npmjs.org/encodeurl/-/encodeurl-2.0.0.tgz 0ms (cache hit)
3512 http cache cookie-signature@https://registry.npmjs.org/cookie-signature/-/cookie-signature-1.0.7.tgz 0ms (cache hit)
3513 http cache cookie@https://registry.npmjs.org/cookie/-/cookie-0.7.2.tgz 0ms (cache hit)
3514 http cache content-disposition@https://registry.npmjs.org/content-disposition/-/content-disposition-0.5.4.tgz 0ms (cache hit)
3515 http cache array-flatten@https://registry.npmjs.org/array-flatten/-/array-flatten-1.1.1.tgz 0ms (cache hit)
3516 http cache accepts@https://registry.npmjs.org/accepts/-/accepts-1.3.8.tgz 0ms (cache hit)
3517 http cache call-me-maybe@https://registry.npmjs.org/call-me-maybe/-/call-me-maybe-1.0.2.tgz 0ms (cache hit)
3518 http cache @types/json-schema@https://registry.npmjs.org/@types/json-schema/-/json-schema-7.0.15.tgz 0ms (cache hit)
3519 http cache @jsdevtools/ono@https://registry.npmjs.org/@jsdevtools/ono/-/ono-7.1.3.tgz 0ms (cache hit)
3520 http cache promise-breaker@https://registry.npmjs.org/promise-breaker/-/promise-breaker-6.0.0.tgz 0ms (cache hit)
3521 http cache openapi3-ts@https://registry.npmjs.org/openapi3-ts/-/openapi3-ts-3.2.0.tgz 0ms (cache hit)
3522 http cache json-ptr@https://registry.npmjs.org/json-ptr/-/json-ptr-3.1.1.tgz 0ms (cache hit)
3523 http cache events-listener@https://registry.npmjs.org/events-listener/-/events-listener-1.1.0.tgz 0ms (cache hit)
3524 http cache deep-freeze@https://registry.npmjs.org/deep-freeze/-/deep-freeze-0.0.1.tgz 0ms (cache hit)
3525 http cache @apidevtools/json-schema-ref-parser@https://registry.npmjs.org/@apidevtools/json-schema-ref-parser/-/json-schema-ref-parser-9.1.2.tgz 0ms (cache hit)
3526 http cache is-obj@https://registry.npmjs.org/is-obj/-/is-obj-2.0.0.tgz 0ms (cache hit)
3527 http cache ms@https://registry.npmjs.org/ms/-/ms-2.0.0.tgz 0ms (cache hit)
3528 http cache which@https://registry.npmjs.org/which/-/which-2.0.2.tgz 0ms (cache hit)
3529 http cache shebang-command@https://registry.npmjs.org/shebang-command/-/shebang-command-2.0.0.tgz 0ms (cache hit)
3530 http cache path-key@https://registry.npmjs.org/path-key/-/path-key-3.1.1.tgz 0ms (cache hit)
3531 http cache vary@https://registry.npmjs.org/vary/-/vary-1.1.2.tgz 0ms (cache hit)
3532 http cache object-assign@https://registry.npmjs.org/object-assign/-/object-assign-4.1.1.tgz 0ms (cache hit)
3533 http cache xdg-basedir@https://registry.npmjs.org/xdg-basedir/-/xdg-basedir-4.0.0.tgz 0ms (cache hit)
3534 http cache write-file-atomic@https://registry.npmjs.org/write-file-atomic/-/write-file-atomic-3.0.3.tgz 0ms (cache hit)
3535 http cache signal-exit@https://registry.npmjs.org/signal-exit/-/signal-exit-3.0.7.tgz 0ms (cache hit)
3536 http cache unique-string@https://registry.npmjs.org/unique-string/-/unique-string-2.0.0.tgz 0ms (cache hit)
3537 http cache make-dir@https://registry.npmjs.org/make-dir/-/make-dir-3.1.0.tgz 0ms (cache hit)
3538 http cache semver@https://registry.npmjs.org/semver/-/semver-6.3.1.tgz 0ms (cache hit)
3539 http cache dot-prop@https://registry.npmjs.org/dot-prop/-/dot-prop-5.3.0.tgz 0ms (cache hit)
3540 http cache string-width@https://registry.npmjs.org/string-width/-/string-width-4.2.3.tgz 0ms (cache hit)
3541 http cache ansi-regex@https://registry.npmjs.org/ansi-regex/-/ansi-regex-5.0.1.tgz 0ms (cache hit)
3542 http cache strip-ansi@https://registry.npmjs.org/strip-ansi/-/strip-ansi-6.0.1.tgz 0ms (cache hit)
3543 http cache @colors/colors@https://registry.npmjs.org/@colors/colors/-/colors-1.5.0.tgz 0ms (cache hit)
3544 http cache json-parse-helpfulerror@https://registry.npmjs.org/json-parse-helpfulerror/-/json-parse-helpfulerror-1.0.3.tgz 0ms (cache hit)
3545 http cache fill-range@https://registry.npmjs.org/fill-range/-/fill-range-7.1.1.tgz 0ms (cache hit)
3546 http cache picomatch@https://registry.npmjs.org/picomatch/-/picomatch-2.3.2.tgz 0ms (cache hit)
3547 http cache readdirp@https://registry.npmjs.org/readdirp/-/readdirp-3.6.0.tgz 0ms (cache hit)
3548 http cache is-glob@https://registry.npmjs.org/is-glob/-/is-glob-4.0.3.tgz 0ms (cache hit)
3549 http cache is-binary-path@https://registry.npmjs.org/is-binary-path/-/is-binary-path-2.1.0.tgz 0ms (cache hit)
3550 http cache glob-parent@https://registry.npmjs.org/glob-parent/-/glob-parent-5.1.2.tgz 0ms (cache hit)
3551 http cache braces@https://registry.npmjs.org/braces/-/braces-3.0.3.tgz 0ms (cache hit)
3552 http cache anymatch@https://registry.npmjs.org/anymatch/-/anymatch-3.1.3.tgz 0ms (cache hit)
3553 http cache unpipe@https://registry.npmjs.org/unpipe/-/unpipe-1.0.0.tgz 0ms (cache hit)
3554 http cache type-is@https://registry.npmjs.org/type-is/-/type-is-1.6.18.tgz 0ms (cache hit)
3555 http cache qs@https://registry.npmjs.org/qs/-/qs-6.15.3.tgz 0ms (cache hit)
3556 http cache on-finished@https://registry.npmjs.org/on-finished/-/on-finished-2.4.1.tgz 0ms (cache hit)
3557 http cache http-errors@https://registry.npmjs.org/http-errors/-/http-errors-2.0.1.tgz 0ms (cache hit)
3558 http cache destroy@https://registry.npmjs.org/destroy/-/destroy-1.2.0.tgz 0ms (cache hit)
3559 http cache depd@https://registry.npmjs.org/depd/-/depd-2.0.0.tgz 0ms (cache hit)
3560 http cache debug@https://registry.npmjs.org/debug/-/debug-2.6.9.tgz 0ms (cache hit)
3561 http cache bytes@https://registry.npmjs.org/bytes/-/bytes-3.1.2.tgz 0ms (cache hit)
3562 http cache normalize-path@https://registry.npmjs.org/normalize-path/-/normalize-path-3.0.0.tgz 0ms (cache hit)
3563 http cache lazystream@https://registry.npmjs.org/lazystream/-/lazystream-1.0.1.tgz 0ms (cache hit)
3564 http cache string_decoder@https://registry.npmjs.org/string_decoder/-/string_decoder-1.1.1.tgz 0ms (cache hit)
3565 http cache safe-buffer@https://registry.npmjs.org/safe-buffer/-/safe-buffer-5.1.2.tgz 0ms (cache hit)
3566 http cache readable-stream@https://registry.npmjs.org/readable-stream/-/readable-stream-2.3.8.tgz 0ms (cache hit)
3567 http cache is-stream@https://registry.npmjs.org/is-stream/-/is-stream-2.0.1.tgz 0ms (cache hit)
3568 http cache graceful-fs@https://registry.npmjs.org/graceful-fs/-/graceful-fs-4.2.11.tgz 0ms (cache hit)
3569 http cache zip-stream@https://registry.npmjs.org/zip-stream/-/zip-stream-6.0.1.tgz 0ms (cache hit)
3570 http cache tar-stream@https://registry.npmjs.org/tar-stream/-/tar-stream-3.2.0.tgz 0ms (cache hit)
3571 http cache readdir-glob@https://registry.npmjs.org/readdir-glob/-/readdir-glob-1.1.3.tgz 0ms (cache hit)
3572 http cache brace-expansion@https://registry.npmjs.org/brace-expansion/-/brace-expansion-2.1.4.tgz 0ms (cache hit)
3573 http cache minimatch@https://registry.npmjs.org/minimatch/-/minimatch-5.1.9.tgz 0ms (cache hit)
3574 http cache readable-stream@https://registry.npmjs.org/readable-stream/-/readable-stream-4.7.0.tgz 0ms (cache hit)
3575 http cache buffer@https://registry.npmjs.org/buffer/-/buffer-6.0.3.tgz 0ms (cache hit)
3576 http cache buffer-crc32@https://registry.npmjs.org/buffer-crc32/-/buffer-crc32-1.0.0.tgz 0ms (cache hit)
3577 http cache async@https://registry.npmjs.org/async/-/async-3.2.6.tgz 0ms (cache hit)
3578 http cache archiver-utils@https://registry.npmjs.org/archiver-utils/-/archiver-utils-5.0.2.tgz 0ms (cache hit)
3579 http cache require-from-string@https://registry.npmjs.org/require-from-string/-/require-from-string-2.0.2.tgz 0ms (cache hit)
3580 http cache json-schema-traverse@https://registry.npmjs.org/json-schema-traverse/-/json-schema-traverse-1.0.0.tgz 0ms (cache hit)
3581 http cache fast-uri@https://registry.npmjs.org/fast-uri/-/fast-uri-3.1.5.tgz 0ms (cache hit)
3582 http cache fast-deep-equal@https://registry.npmjs.org/fast-deep-equal/-/fast-deep-equal-3.1.3.tgz 0ms (cache hit)
3583 http cache event-target-shim@https://registry.npmjs.org/event-target-shim/-/event-target-shim-5.0.1.tgz 0ms (cache hit)
3584 http cache zod-to-json-schema@https://registry.npmjs.org/zod-to-json-schema/-/zod-to-json-schema-3.25.2.tgz 0ms (cache hit)
3585 http cache raw-body@https://registry.npmjs.org/raw-body/-/raw-body-3.0.2.tgz 0ms (cache hit)
3586 http cache pkce-challenge@https://registry.npmjs.org/pkce-challenge/-/pkce-challenge-5.0.1.tgz 0ms (cache hit)
3587 http cache json-schema-typed@https://registry.npmjs.org/json-schema-typed/-/json-schema-typed-8.0.2.tgz 0ms (cache hit)
3588 http cache jose@https://registry.npmjs.org/jose/-/jose-6.2.9.tgz 0ms (cache hit)
3589 http cache express-rate-limit@https://registry.npmjs.org/express-rate-limit/-/express-rate-limit-8.6.2.tgz 0ms (cache hit)
3590 http cache ms@https://registry.npmjs.org/ms/-/ms-2.1.3.tgz 0ms (cache hit)
3591 http cache debug@https://registry.npmjs.org/debug/-/debug-4.4.3.tgz 0ms (cache hit)
3592 http cache eventsource-parser@https://registry.npmjs.org/eventsource-parser/-/eventsource-parser-3.1.1.tgz 0ms (cache hit)
3593 http cache eventsource@https://registry.npmjs.org/eventsource/-/eventsource-3.0.7.tgz 0ms (cache hit)
3594 http cache content-type@https://registry.npmjs.org/content-type/-/content-type-1.0.5.tgz 0ms (cache hit)
3595 http cache hono@https://registry.npmjs.org/hono/-/hono-4.13.2.tgz 0ms (cache hit)
3596 http cache @hono/node-server@https://registry.npmjs.org/@hono/node-server/-/node-server-2.1.1.tgz 1ms (cache hit)
3597 http cache iconv-lite@https://registry.npmjs.org/iconv-lite/-/iconv-lite-0.7.3.tgz 0ms (cache hit)
3598 http cache chardet@https://registry.npmjs.org/chardet/-/chardet-2.2.0.tgz 0ms (cache hit)
3599 http cache @inquirer/external-editor@https://registry.npmjs.org/@inquirer/external-editor/-/external-editor-1.0.3.tgz 0ms (cache hit)
3600 http cache wrap-ansi@https://registry.npmjs.org/wrap-ansi/-/wrap-ansi-6.2.0.tgz 0ms (cache hit)
3601 http cache ansi-regex@https://registry.npmjs.org/ansi-regex/-/ansi-regex-5.0.1.tgz 0ms (cache hit)
3602 http cache strip-ansi@https://registry.npmjs.org/strip-ansi/-/strip-ansi-6.0.1.tgz 0ms (cache hit)
3603 http cache signal-exit@https://registry.npmjs.org/signal-exit/-/signal-exit-4.1.0.tgz 0ms (cache hit)
3604 http cache mute-stream@https://registry.npmjs.org/mute-stream/-/mute-stream-2.0.0.tgz 0ms (cache hit)
3605 http cache cli-width@https://registry.npmjs.org/cli-width/-/cli-width-4.1.0.tgz 0ms (cache hit)
3606 http cache yoctocolors-cjs@https://registry.npmjs.org/yoctocolors-cjs/-/yoctocolors-cjs-2.1.3.tgz 0ms (cache hit)
3607 http cache @inquirer/type@https://registry.npmjs.org/@inquirer/type/-/type-3.0.10.tgz 0ms (cache hit)
3608 http cache @inquirer/figures@https://registry.npmjs.org/@inquirer/figures/-/figures-1.0.15.tgz 0ms (cache hit)
3609 http cache @inquirer/core@https://registry.npmjs.org/@inquirer/core/-/core-10.3.2.tgz 0ms (cache hit)
3610 http cache @inquirer/ansi@https://registry.npmjs.org/@inquirer/ansi/-/ansi-1.0.2.tgz 0ms (cache hit)
3611 http cache @inquirer/select@https://registry.npmjs.org/@inquirer/select/-/select-4.4.2.tgz 0ms (cache hit)
3612 http cache @inquirer/search@https://registry.npmjs.org/@inquirer/search/-/search-3.2.2.tgz 0ms (cache hit)
3613 http cache @inquirer/rawlist@https://registry.npmjs.org/@inquirer/rawlist/-/rawlist-4.1.11.tgz 0ms (cache hit)
3614 http cache @inquirer/password@https://registry.npmjs.org/@inquirer/password/-/password-4.0.23.tgz 0ms (cache hit)
3615 http cache @inquirer/number@https://registry.npmjs.org/@inquirer/number/-/number-3.0.23.tgz 0ms (cache hit)
3616 http cache @inquirer/input@https://registry.npmjs.org/@inquirer/input/-/input-4.3.1.tgz 0ms (cache hit)
3617 http cache @inquirer/expand@https://registry.npmjs.org/@inquirer/expand/-/expand-4.0.23.tgz 0ms (cache hit)
3618 http cache @inquirer/editor@https://registry.npmjs.org/@inquirer/editor/-/editor-4.2.23.tgz 0ms (cache hit)
3619 http cache @inquirer/confirm@https://registry.npmjs.org/@inquirer/confirm/-/confirm-5.1.21.tgz 0ms (cache hit)
3620 http cache @inquirer/checkbox@https://registry.npmjs.org/@inquirer/checkbox/-/checkbox-4.3.2.tgz 0ms (cache hit)
3621 http cache googleapis-common@https://registry.npmjs.org/googleapis-common/-/googleapis-common-8.0.3.tgz 0ms (cache hit)
3622 http cache data-uri-to-buffer@https://registry.npmjs.org/data-uri-to-buffer/-/data-uri-to-buffer-4.0.1.tgz 0ms (cache hit)
3623 http cache gtoken@https://registry.npmjs.org/gtoken/-/gtoken-8.0.0.tgz 0ms (cache hit)
3624 http cache gcp-metadata@https://registry.npmjs.org/gcp-metadata/-/gcp-metadata-8.1.4.tgz 0ms (cache hit)
3625 http cache node-fetch@https://registry.npmjs.org/node-fetch/-/node-fetch-3.3.2.tgz 0ms (cache hit)
3626 http cache google-logging-utils@https://registry.npmjs.org/google-logging-utils/-/google-logging-utils-1.1.3.tgz 0ms (cache hit)
3627 http cache google-auth-library@https://registry.npmjs.org/google-auth-library/-/google-auth-library-10.5.0.tgz 0ms (cache hit)
3628 http cache gaxios@https://registry.npmjs.org/gaxios/-/gaxios-7.1.3.tgz 0ms (cache hit)
3629 http cache p-defer@https://registry.npmjs.org/p-defer/-/p-defer-3.0.0.tgz 0ms (cache hit)
3630 http cache long@https://registry.npmjs.org/long/-/long-5.3.2.tgz 0ms (cache hit)
3631 http cache lodash.snakecase@https://registry.npmjs.org/lodash.snakecase/-/lodash.snakecase-4.1.1.tgz 0ms (cache hit)
3632 http cache is-stream-ended@https://registry.npmjs.org/is-stream-ended/-/is-stream-ended-0.1.4.tgz 0ms (cache hit)
3633 http cache heap-js@https://registry.npmjs.org/heap-js/-/heap-js-2.7.1.tgz 0ms (cache hit)
3634 http cache google-gax@https://registry.npmjs.org/google-gax/-/google-gax-5.0.8.tgz 0ms (cache hit)
3635 http cache data-uri-to-buffer@https://registry.npmjs.org/data-uri-to-buffer/-/data-uri-to-buffer-4.0.1.tgz 0ms (cache hit)
3636 http cache gtoken@https://registry.npmjs.org/gtoken/-/gtoken-8.0.0.tgz 0ms (cache hit)
3637 http cache gcp-metadata@https://registry.npmjs.org/gcp-metadata/-/gcp-metadata-8.1.4.tgz 0ms (cache hit)
3638 http cache gaxios@https://registry.npmjs.org/gaxios/-/gaxios-7.1.3.tgz 0ms (cache hit)
3639 http cache gaxios@https://registry.npmjs.org/gaxios/-/gaxios-7.3.1.tgz 0ms (cache hit)
3640 http cache node-fetch@https://registry.npmjs.org/node-fetch/-/node-fetch-3.3.2.tgz 0ms (cache hit)
3641 http cache google-logging-utils@https://registry.npmjs.org/google-logging-utils/-/google-logging-utils-1.1.3.tgz 0ms (cache hit)
3642 http cache google-auth-library@https://registry.npmjs.org/google-auth-library/-/google-auth-library-10.5.0.tgz 0ms (cache hit)
3643 http cache extend@https://registry.npmjs.org/extend/-/extend-3.0.2.tgz 0ms (cache hit)
3644 http cache arrify@https://registry.npmjs.org/arrify/-/arrify-2.0.1.tgz 0ms (cache hit)
3645 http cache @opentelemetry/semantic-conventions@https://registry.npmjs.org/@opentelemetry/semantic-conventions/-/semantic-conventions-1.39.0.tgz 0ms (cache hit)
3646 http cache @opentelemetry/core@https://registry.npmjs.org/@opentelemetry/core/-/core-1.30.1.tgz 0ms (cache hit)
3647 http cache @opentelemetry/semantic-conventions@https://registry.npmjs.org/@opentelemetry/semantic-conventions/-/semantic-conventions-1.28.0.tgz 0ms (cache hit)
3648 http cache @opentelemetry/api@https://registry.npmjs.org/@opentelemetry/api/-/api-1.9.1.tgz 0ms (cache hit)
3649 http cache @google-cloud/promisify@https://registry.npmjs.org/@google-cloud/promisify/-/promisify-5.1.0.tgz 0ms (cache hit)
3650 http cache @google-cloud/projectify@https://registry.npmjs.org/@google-cloud/projectify/-/projectify-5.2.0.tgz 0ms (cache hit)
3651 http cache @google-cloud/precise-date@https://registry.npmjs.org/@google-cloud/precise-date/-/precise-date-5.2.0.tgz 0ms (cache hit)
3652 http cache @google-cloud/paginator@https://registry.npmjs.org/@google-cloud/paginator/-/paginator-6.1.0.tgz 0ms (cache hit)
3653 http cache p-throttle@https://registry.npmjs.org/p-throttle/-/p-throttle-8.1.0.tgz 0ms (cache hit)
3654 http cache @googleapis/sqladmin@https://registry.npmjs.org/@googleapis/sqladmin/-/sqladmin-37.0.0.tgz 0ms (cache hit)
3655 http cache zod@https://registry.npmjs.org/zod/-/zod-4.4.3.tgz 0ms (cache hit)
3656 http cache yaml@https://registry.npmjs.org/yaml/-/yaml-2.9.0.tgz 0ms (cache hit)
3657 http cache ws@https://registry.npmjs.org/ws/-/ws-8.21.3.tgz 0ms (cache hit)
3658 http cache winston-transport@https://registry.npmjs.org/winston-transport/-/winston-transport-4.9.0.tgz 0ms (cache hit)
3659 http cache readable-stream@https://registry.npmjs.org/readable-stream/-/readable-stream-3.6.2.tgz 0ms (cache hit)
3660 http cache winston@https://registry.npmjs.org/winston/-/winston-3.19.0.tgz 0ms (cache hit)
3661 http cache readable-stream@https://registry.npmjs.org/readable-stream/-/readable-stream-3.6.2.tgz 0ms (cache hit)
3662 http cache @colors/colors@https://registry.npmjs.org/@colors/colors/-/colors-1.6.0.tgz 0ms (cache hit)
3663 http cache update-notifier-cjs@https://registry.npmjs.org/update-notifier-cjs/-/update-notifier-cjs-5.1.7.tgz 0ms (cache hit)
3664 http cache chalk@https://registry.npmjs.org/chalk/-/chalk-4.1.2.tgz 0ms (cache hit)
3665 http cache universal-analytics@https://registry.npmjs.org/universal-analytics/-/universal-analytics-0.5.4.tgz 0ms (cache hit)
3666 http cache ms@https://registry.npmjs.org/ms/-/ms-2.1.3.tgz 0ms (cache hit)
3667 http cache uuid@https://registry.npmjs.org/uuid/-/uuid-14.0.1.tgz 0ms (cache hit)
3668 http cache debug@https://registry.npmjs.org/debug/-/debug-4.4.3.tgz 0ms (cache hit)
3669 http cache undici@https://registry.npmjs.org/undici/-/undici-6.28.0.tgz 0ms (cache hit)
3670 http cache triple-beam@https://registry.npmjs.org/triple-beam/-/triple-beam-1.4.1.tgz 0ms (cache hit)
3671 http cache tmp@https://registry.npmjs.org/tmp/-/tmp-0.2.7.tgz 0ms (cache hit)
3672 http cache tcp-port-used@https://registry.npmjs.org/tcp-port-used/-/tcp-port-used-1.0.3.tgz 0ms (cache hit)
3673 http cache ms@https://registry.npmjs.org/ms/-/ms-2.1.2.tgz 0ms (cache hit)
3674 http cache debug@https://registry.npmjs.org/debug/-/debug-4.3.1.tgz 0ms (cache hit)
3675 http cache tar@https://registry.npmjs.org/tar/-/tar-7.5.22.tgz 0ms (cache hit)
3676 http cache superstatic@https://registry.npmjs.org/superstatic/-/superstatic-10.0.0.tgz 0ms (cache hit)
3677 http cache isarray@https://registry.npmjs.org/isarray/-/isarray-0.0.1.tgz 0ms (cache hit)
3678 http cache brace-expansion@https://registry.npmjs.org/brace-expansion/-/brace-expansion-2.1.4.tgz 0ms (cache hit)
3679 http cache path-to-regexp@https://registry.npmjs.org/path-to-regexp/-/path-to-regexp-1.9.0.tgz 0ms (cache hit)
3680 http cache minimatch@https://registry.npmjs.org/minimatch/-/minimatch-6.2.3.tgz 0ms (cache hit)
3681 http cache commander@https://registry.npmjs.org/commander/-/commander-10.0.1.tgz 0ms (cache hit)
3682 http cache stream-json@https://registry.npmjs.org/stream-json/-/stream-json-1.9.1.tgz 0ms (cache hit)
3683 http cache stream-chain@https://registry.npmjs.org/stream-chain/-/stream-chain-2.2.5.tgz 0ms (cache hit)
3684 http cache sql-formatter@https://registry.npmjs.org/sql-formatter/-/sql-formatter-15.8.2.tgz 0ms (cache hit)
3685 http cache semver@https://registry.npmjs.org/semver/-/semver-7.8.5.tgz 0ms (cache hit)
3686 http cache retry@https://registry.npmjs.org/retry/-/retry-0.13.1.tgz 0ms (cache hit)
3687 http cache proxy-agent@https://registry.npmjs.org/proxy-agent/-/proxy-agent-6.5.0.tgz 0ms (cache hit)
3688 http cache ms@https://registry.npmjs.org/ms/-/ms-2.1.3.tgz 0ms (cache hit)
3689 http cache lru-cache@https://registry.npmjs.org/lru-cache/-/lru-cache-7.18.3.tgz 0ms (cache hit)
3690 http cache debug@https://registry.npmjs.org/debug/-/debug-4.4.3.tgz 0ms (cache hit)
3691 http cache progress@https://registry.npmjs.org/progress/-/progress-2.0.3.tgz 0ms (cache hit)
3692 http cache portfinder@https://registry.npmjs.org/portfinder/-/portfinder-1.0.38.tgz 0ms (cache hit)
3693 http cache ms@https://registry.npmjs.org/ms/-/ms-2.1.3.tgz 0ms (cache hit)
3694 http cache debug@https://registry.npmjs.org/debug/-/debug-4.4.3.tgz 0ms (cache hit)
3695 http cache pglite-2@https://registry.npmjs.org/@electric-sql/pglite/-/pglite-0.2.17.tgz 0ms (cache hit)
3696 http cache pg-gateway@https://registry.npmjs.org/pg-gateway/-/pg-gateway-0.3.0-beta.4.tgz 0ms (cache hit)
3697 http cache pg@https://registry.npmjs.org/pg/-/pg-8.23.0.tgz 0ms (cache hit)
3698 http cache ora@https://registry.npmjs.org/ora/-/ora-5.4.1.tgz 0ms (cache hit)
3699 http cache ansi-regex@https://registry.npmjs.org/ansi-regex/-/ansi-regex-5.0.1.tgz 0ms (cache hit)
3700 http cache strip-ansi@https://registry.npmjs.org/strip-ansi/-/strip-ansi-6.0.1.tgz 0ms (cache hit)
3701 http cache chalk@https://registry.npmjs.org/chalk/-/chalk-4.1.2.tgz 0ms (cache hit)
3702 http cache open@https://registry.npmjs.org/open/-/open-6.4.0.tgz 0ms (cache hit)
3703 http cache node-fetch@https://registry.npmjs.org/node-fetch/-/node-fetch-2.7.0.tgz 0ms (cache hit)
3704 http cache morgan@https://registry.npmjs.org/morgan/-/morgan-1.11.0.tgz 0ms (cache hit)
3705 http cache minimatch@https://registry.npmjs.org/minimatch/-/minimatch-3.1.5.tgz 0ms (cache hit)
3706 http cache mime@https://registry.npmjs.org/mime/-/mime-2.6.0.tgz 0ms (cache hit)
3707 http cache marked-terminal@https://registry.npmjs.org/marked-terminal/-/marked-terminal-7.3.0.tgz 0ms (cache hit)
3708 http cache marked@https://registry.npmjs.org/marked/-/marked-13.0.3.tgz 0ms (cache hit)
3709 http cache lsofi@https://registry.npmjs.org/lsofi/-/lsofi-2.0.0.tgz 0ms (cache hit)
3710 http cache lodash@https://registry.npmjs.org/lodash/-/lodash-4.18.1.tgz 0ms (cache hit)
3711 http cache libsodium-wrappers@https://registry.npmjs.org/libsodium-wrappers/-/libsodium-wrappers-0.7.16.tgz 0ms (cache hit)
3712 http cache jsonwebtoken@https://registry.npmjs.org/jsonwebtoken/-/jsonwebtoken-9.0.3.tgz 0ms (cache hit)
3713 http cache ms@https://registry.npmjs.org/ms/-/ms-2.1.3.tgz 0ms (cache hit)
3714 http cache js-yaml@https://registry.npmjs.org/js-yaml/-/js-yaml-4.3.1.tgz 0ms (cache hit)
3715 http cache ignore@https://registry.npmjs.org/ignore/-/ignore-7.0.6.tgz 0ms (cache hit)
3716 http cache google-auth-library@https://registry.npmjs.org/google-auth-library/-/google-auth-library-9.15.1.tgz 0ms (cache hit)
3717 http cache glob@https://registry.npmjs.org/glob/-/glob-10.5.0.tgz 0ms (cache hit)
3718 http cache brace-expansion@https://registry.npmjs.org/brace-expansion/-/brace-expansion-2.1.4.tgz 0ms (cache hit)
3719 http cache minimatch@https://registry.npmjs.org/minimatch/-/minimatch-9.0.9.tgz 0ms (cache hit)
3720 http cache gaxios@https://registry.npmjs.org/gaxios/-/gaxios-6.7.1.tgz 0ms (cache hit)
3721 http cache fuzzy@https://registry.npmjs.org/fuzzy/-/fuzzy-0.1.3.tgz 0ms (cache hit)
3722 http cache fs-extra@https://registry.npmjs.org/fs-extra/-/fs-extra-10.1.0.tgz 0ms (cache hit)
3723 http cache form-data@https://registry.npmjs.org/form-data/-/form-data-4.0.6.tgz 0ms (cache hit)
3724 http cache express@https://registry.npmjs.org/express/-/express-4.22.2.tgz 0ms (cache hit)
3725 http cache exegesis-express@https://registry.npmjs.org/exegesis-express/-/exegesis-express-4.0.0.tgz 0ms (cache hit)
3726 http cache exegesis@https://registry.npmjs.org/exegesis/-/exegesis-4.3.0.tgz 0ms (cache hit)
3727 http cache iconv-lite@https://registry.npmjs.org/iconv-lite/-/iconv-lite-0.4.24.tgz 0ms (cache hit)
3728 http cache raw-body@https://registry.npmjs.org/raw-body/-/raw-body-2.5.3.tgz 0ms (cache hit)
3729 http cache ajv-formats@https://registry.npmjs.org/ajv-formats/-/ajv-formats-2.1.1.tgz 0ms (cache hit)
3730 http cache csv-parse@https://registry.npmjs.org/csv-parse/-/csv-parse-5.6.0.tgz 0ms (cache hit)
3731 http cache cross-env@https://registry.npmjs.org/cross-env/-/cross-env-7.0.3.tgz 0ms (cache hit)
3732 http cache cross-spawn@https://registry.npmjs.org/cross-spawn/-/cross-spawn-7.0.6.tgz 0ms (cache hit)
3733 http cache cors@https://registry.npmjs.org/cors/-/cors-2.8.6.tgz 0ms (cache hit)
3734 http cache configstore@https://registry.npmjs.org/configstore/-/configstore-5.0.1.tgz 0ms (cache hit)
3735 http cache commander@https://registry.npmjs.org/commander/-/commander-5.1.0.tgz 0ms (cache hit)
3736 http cache colorette@https://registry.npmjs.org/colorette/-/colorette-2.0.20.tgz 0ms (cache hit)
3737 http cache cli-table3@https://registry.npmjs.org/cli-table3/-/cli-table3-0.6.5.tgz 0ms (cache hit)
3738 http cache cjson@https://registry.npmjs.org/cjson/-/cjson-0.3.3.tgz 0ms (cache hit)
3739 http cache chokidar@https://registry.npmjs.org/chokidar/-/chokidar-3.6.0.tgz 0ms (cache hit)
3740 http cache body-parser@https://registry.npmjs.org/body-parser/-/body-parser-1.20.6.tgz 0ms (cache hit)
3741 http cache raw-body@https://registry.npmjs.org/raw-body/-/raw-body-2.5.3.tgz 0ms (cache hit)
3742 http cache iconv-lite@https://registry.npmjs.org/iconv-lite/-/iconv-lite-0.4.24.tgz 0ms (cache hit)
3743 http cache async-lock@https://registry.npmjs.org/async-lock/-/async-lock-1.4.1.tgz 0ms (cache hit)
3744 http cache archiver@https://registry.npmjs.org/archiver/-/archiver-7.0.1.tgz 0ms (cache hit)
3745 http cache ajv-formats@https://registry.npmjs.org/ajv-formats/-/ajv-formats-3.0.1.tgz 0ms (cache hit)
3746 http cache ajv@https://registry.npmjs.org/ajv/-/ajv-8.20.0.tgz 0ms (cache hit)
3747 http cache abort-controller@https://registry.npmjs.org/abort-controller/-/abort-controller-3.0.0.tgz 0ms (cache hit)
3748 http cache @modelcontextprotocol/sdk@https://registry.npmjs.org/@modelcontextprotocol/sdk/-/sdk-1.30.0.tgz 0ms (cache hit)
3749 http cache media-typer@https://registry.npmjs.org/media-typer/-/media-typer-1.1.1.tgz 0ms (cache hit)
3750 http cache mime-db@https://registry.npmjs.org/mime-db/-/mime-db-1.54.0.tgz 0ms (cache hit)
3751 http cache ms@https://registry.npmjs.org/ms/-/ms-2.1.3.tgz 0ms (cache hit)
3752 http cache negotiator@https://registry.npmjs.org/negotiator/-/negotiator-1.0.0.tgz 0ms (cache hit)
3753 http cache type-is@https://registry.npmjs.org/type-is/-/type-is-2.1.0.tgz 0ms (cache hit)
3754 http cache content-type@https://registry.npmjs.org/content-type/-/content-type-2.1.0.tgz 0ms (cache hit)
3755 http cache serve-static@https://registry.npmjs.org/serve-static/-/serve-static-2.2.1.tgz 0ms (cache hit)
3756 http cache send@https://registry.npmjs.org/send/-/send-1.2.1.tgz 0ms (cache hit)
3757 http cache mime-types@https://registry.npmjs.org/mime-types/-/mime-types-3.0.2.tgz 0ms (cache hit)
3758 http cache merge-descriptors@https://registry.npmjs.org/merge-descriptors/-/merge-descriptors-2.0.0.tgz 0ms (cache hit)
3759 http cache fresh@https://registry.npmjs.org/fresh/-/fresh-2.0.0.tgz 0ms (cache hit)
3760 http cache finalhandler@https://registry.npmjs.org/finalhandler/-/finalhandler-2.1.1.tgz 0ms (cache hit)
3761 http cache debug@https://registry.npmjs.org/debug/-/debug-4.4.3.tgz 0ms (cache hit)
3762 http cache cookie-signature@https://registry.npmjs.org/cookie-signature/-/cookie-signature-1.2.2.tgz 0ms (cache hit)
3763 http cache content-disposition@https://registry.npmjs.org/content-disposition/-/content-disposition-1.1.0.tgz 0ms (cache hit)
3764 http cache body-parser@https://registry.npmjs.org/body-parser/-/body-parser-2.3.0.tgz 0ms (cache hit)
3765 http cache content-type@https://registry.npmjs.org/content-type/-/content-type-2.1.0.tgz 0ms (cache hit)
3766 http cache accepts@https://registry.npmjs.org/accepts/-/accepts-2.0.0.tgz 0ms (cache hit)
3767 http cache express@https://registry.npmjs.org/express/-/express-5.2.1.tgz 0ms (cache hit)
3768 http cache @inquirer/prompts@https://registry.npmjs.org/@inquirer/prompts/-/prompts-7.10.1.tgz 0ms (cache hit)
3769 http cache @google-cloud/pubsub@https://registry.npmjs.org/@google-cloud/pubsub/-/pubsub-5.3.1.tgz 0ms (cache hit)
3770 http cache data-uri-to-buffer@https://registry.npmjs.org/data-uri-to-buffer/-/data-uri-to-buffer-4.0.1.tgz 0ms (cache hit)
3771 http cache node-fetch@https://registry.npmjs.org/node-fetch/-/node-fetch-3.3.2.tgz 0ms (cache hit)
3772 http cache google-logging-utils@https://registry.npmjs.org/google-logging-utils/-/google-logging-utils-1.1.3.tgz 0ms (cache hit)
3773 http cache gcp-metadata@https://registry.npmjs.org/gcp-metadata/-/gcp-metadata-8.1.2.tgz 0ms (cache hit)
3774 http cache gaxios@https://registry.npmjs.org/gaxios/-/gaxios-7.3.1.tgz 0ms (cache hit)
3775 http cache @google-cloud/cloud-sql-connector@https://registry.npmjs.org/@google-cloud/cloud-sql-connector/-/cloud-sql-connector-1.11.3.tgz 0ms (cache hit)
3776 http cache data-uri-to-buffer@https://registry.npmjs.org/data-uri-to-buffer/-/data-uri-to-buffer-4.0.1.tgz 0ms (cache hit)
3777 http cache google-logging-utils@https://registry.npmjs.org/google-logging-utils/-/google-logging-utils-1.1.3.tgz 0ms (cache hit)
3778 http cache gcp-metadata@https://registry.npmjs.org/gcp-metadata/-/gcp-metadata-8.1.2.tgz 0ms (cache hit)
3779 http cache node-fetch@https://registry.npmjs.org/node-fetch/-/node-fetch-3.3.2.tgz 0ms (cache hit)
3780 http cache google-auth-library@https://registry.npmjs.org/google-auth-library/-/google-auth-library-10.9.1.tgz 0ms (cache hit)
3781 http cache gaxios@https://registry.npmjs.org/gaxios/-/gaxios-7.3.1.tgz 0ms (cache hit)
3782 http cache @electric-sql/pglite-tools@https://registry.npmjs.org/@electric-sql/pglite-tools/-/pglite-tools-0.2.21.tgz 0ms (cache hit)
3783 http cache @electric-sql/pglite@https://registry.npmjs.org/@electric-sql/pglite/-/pglite-0.3.16.tgz 0ms (cache hit)
3784 http cache @apphosting/common@https://registry.npmjs.org/@apphosting/common/-/common-0.0.8.tgz 0ms (cache hit)
3785 silly tarball no local data for firebase-tools@https://registry.npmjs.org/firebase-tools/-/firebase-tools-15.27.0.tgz. Extracting by manifest.
3786 http cache google-auth-library@https://registry.npmjs.org/google-auth-library/-/google-auth-library-10.9.1.tgz 0ms (cache hit)
3787 http cache ms@https://registry.npmjs.org/ms/-/ms-2.1.3.tgz 0ms (cache hit)
3788 silly tarball no local data for jose@https://registry.npmjs.org/jose/-/jose-6.2.9.tgz. Extracting by manifest.
3789 silly tarball no local data for hono@https://registry.npmjs.org/hono/-/hono-4.13.2.tgz. Extracting by manifest.
3790 silly tarball no local data for @hono/node-server@https://registry.npmjs.org/@hono/node-server/-/node-server-2.1.1.tgz. Extracting by manifest.
3791 silly tarball no local data for content-type@https://registry.npmjs.org/content-type/-/content-type-2.1.0.tgz. Extracting by manifest.
3792 silly tarball no local data for content-type@https://registry.npmjs.org/content-type/-/content-type-2.1.0.tgz. Extracting by manifest.
3793 http fetch GET 200 https://registry.npmjs.org/content-type/-/content-type-2.1.0.tgz 2295ms (cache miss)
3794 http fetch GET 200 https://registry.npmjs.org/content-type/-/content-type-2.1.0.tgz 2328ms (cache miss)
3795 warn deprecated node-domexception@1.0.0: Use your platform's native DOMException instead
3796 http fetch GET 200 https://registry.npmjs.org/@hono/node-server/-/node-server-2.1.1.tgz 2738ms (cache miss)
3797 warn deprecated json-ptr@3.1.1: Package no longer supported. Contact Support at https://www.npmjs.com/support for more info.
3798 warn deprecated uuid@9.0.1: uuid@10 and below is no longer supported.  For ESM codebases, update to uuid@latest.  For CommonJS codebases, use uuid@11 (but be aware this version will likely be deprecated in 2028).
3799 warn deprecated glob@10.5.0: Old versions of glob are not supported, and contain widely publicized security vulnerabilities, which have been fixed in the current version. Please update. Support for old versions may be purchased (at exorbitant rates) by contacting i@izs.me
3800 http fetch GET 200 https://registry.npmjs.org/jose/-/jose-6.2.9.tgz 3610ms (cache miss)
3801 http fetch GET 200 https://registry.npmjs.org/hono/-/hono-4.13.2.tgz 4908ms (cache miss)
3802 http fetch GET 200 https://registry.npmjs.org/firebase-tools/-/firebase-tools-15.27.0.tgz 5367ms (cache miss)
3803 silly ADD node_modules/firebase-tools
3804 silly ADD node_modules/firebase-tools/node_modules/process-nextick-args
3805 silly ADD node_modules/firebase-tools/node_modules/isarray
3806 silly ADD node_modules/firebase-tools/node_modules/core-util-is
3807 silly ADD node_modules/firebase-tools/node_modules/util-deprecate
3808 silly ADD node_modules/firebase-tools/node_modules/eastasianwidth
3809 silly ADD node_modules/firebase-tools/node_modules/web-streams-polyfill
3810 silly ADD node_modules/firebase-tools/node_modules/node-domexception
3811 silly ADD node_modules/firebase-tools/node_modules/formdata-polyfill
3812 silly ADD node_modules/firebase-tools/node_modules/fetch-blob
3813 silly ADD node_modules/firebase-tools/node_modules/crc32-stream
3814 silly ADD node_modules/firebase-tools/node_modules/crc-32
3815 silly ADD node_modules/firebase-tools/node_modules/compress-commons
3816 silly ADD node_modules/firebase-tools/node_modules/yargs-parser
3817 silly ADD node_modules/firebase-tools/node_modules/y18n
3818 silly ADD node_modules/firebase-tools/node_modules/require-directory
3819 silly ADD node_modules/firebase-tools/node_modules/get-caller-file
3820 silly ADD node_modules/firebase-tools/node_modules/escalade
3821 silly ADD node_modules/firebase-tools/node_modules/cliui
3822 silly ADD node_modules/firebase-tools/node_modules/cliui/node_modules/ansi-regex
3823 silly ADD node_modules/firebase-tools/node_modules/cliui/node_modules/wrap-ansi
3824 silly ADD node_modules/firebase-tools/node_modules/cliui/node_modules/strip-ansi
3825 silly ADD node_modules/firebase-tools/node_modules/typedarray-to-buffer
3826 silly ADD node_modules/firebase-tools/node_modules/is-typedarray
3827 silly ADD node_modules/firebase-tools/node_modules/imurmurhash
3828 silly ADD node_modules/firebase-tools/node_modules/ansi-styles
3829 silly ADD node_modules/firebase-tools/node_modules/ansi-styles/node_modules/color-name
3830 silly ADD node_modules/firebase-tools/node_modules/ansi-styles/node_modules/color-convert
3831 silly ADD node_modules/firebase-tools/node_modules/fn.name
3832 silly ADD node_modules/firebase-tools/node_modules/fecha
3833 silly ADD node_modules/firebase-tools/node_modules/@types/triple-beam
3834 silly ADD node_modules/firebase-tools/node_modules/color-name
3835 silly ADD node_modules/firebase-tools/node_modules/color-string
3836 silly ADD node_modules/firebase-tools/node_modules/color-convert
3837 silly ADD node_modules/firebase-tools/node_modules/text-hex
3838 silly ADD node_modules/firebase-tools/node_modules/color
3839 silly ADD node_modules/firebase-tools/node_modules/kuler
3840 silly ADD node_modules/firebase-tools/node_modules/enabled
3841 silly ADD node_modules/firebase-tools/node_modules/@so-ric/colorspace
3842 silly ADD node_modules/firebase-tools/node_modules/stack-trace
3843 silly ADD node_modules/firebase-tools/node_modules/safe-stable-stringify
3844 silly ADD node_modules/firebase-tools/node_modules/one-time
3845 silly ADD node_modules/firebase-tools/node_modules/logform
3846 silly ADD node_modules/firebase-tools/node_modules/logform/node_modules/ms
3847 silly ADD node_modules/firebase-tools/node_modules/logform/node_modules/@colors/colors
3848 silly ADD node_modules/firebase-tools/node_modules/@dabh/diagnostics
3849 silly ADD node_modules/firebase-tools/node_modules/isexe
3850 silly ADD node_modules/firebase-tools/node_modules/webidl-conversions
3851 silly ADD node_modules/firebase-tools/node_modules/tr46
3852 silly ADD node_modules/firebase-tools/node_modules/clone
3853 silly ADD node_modules/firebase-tools/node_modules/defaults
3854 silly ADD node_modules/firebase-tools/node_modules/strip-json-comments
3855 silly ADD node_modules/firebase-tools/node_modules/minimist
3856 silly ADD node_modules/firebase-tools/node_modules/deep-extend
3857 silly ADD node_modules/firebase-tools/node_modules/rc
3858 silly ADD node_modules/firebase-tools/node_modules/rc/node_modules/ini
3859 silly ADD node_modules/firebase-tools/node_modules/proto-list
3860 silly ADD node_modules/firebase-tools/node_modules/config-chain
3861 silly ADD node_modules/firebase-tools/node_modules/config-chain/node_modules/ini
3862 silly ADD node_modules/firebase-tools/node_modules/@pnpm/network.ca-file
3863 silly ADD node_modules/firebase-tools/node_modules/@pnpm/network.ca-file/node_modules/graceful-fs
3864 silly ADD node_modules/firebase-tools/node_modules/@pnpm/config.env-replace
3865 silly ADD node_modules/firebase-tools/node_modules/@pnpm/npm-conf
3866 silly ADD node_modules/firebase-tools/node_modules/escape-goat
3867 silly ADD node_modules/firebase-tools/node_modules/whatwg-fetch
3868 silly ADD node_modules/firebase-tools/node_modules/ini
3869 silly ADD node_modules/firebase-tools/node_modules/is-path-inside
3870 silly ADD node_modules/firebase-tools/node_modules/global-dirs
3871 silly ADD node_modules/firebase-tools/node_modules/ci-info
3872 silly ADD node_modules/firebase-tools/node_modules/widest-line
3873 silly ADD node_modules/firebase-tools/node_modules/type-fest
3874 silly ADD node_modules/firebase-tools/node_modules/cli-boxes
3875 silly ADD node_modules/firebase-tools/node_modules/camelcase
3876 silly ADD node_modules/firebase-tools/node_modules/ansi-align
3877 silly ADD node_modules/firebase-tools/node_modules/semver-diff
3878 silly ADD node_modules/firebase-tools/node_modules/semver-diff/node_modules/semver
3879 silly ADD node_modules/firebase-tools/node_modules/registry-url
3880 silly ADD node_modules/firebase-tools/node_modules/registry-auth-token
3881 silly ADD node_modules/firebase-tools/node_modules/pupa
3882 silly ADD node_modules/firebase-tools/node_modules/isomorphic-fetch
3883 silly ADD node_modules/firebase-tools/node_modules/is-yarn-global
3884 silly ADD node_modules/firebase-tools/node_modules/is-npm
3885 silly ADD node_modules/firebase-tools/node_modules/is-installed-globally
3886 silly ADD node_modules/firebase-tools/node_modules/is-ci
3887 silly ADD node_modules/firebase-tools/node_modules/import-lazy
3888 silly ADD node_modules/firebase-tools/node_modules/has-yarn
3889 silly ADD node_modules/firebase-tools/node_modules/boxen
3890 silly ADD node_modules/firebase-tools/node_modules/boxen/node_modules/ansi-regex
3891 silly ADD node_modules/firebase-tools/node_modules/boxen/node_modules/strip-ansi
3892 silly ADD node_modules/firebase-tools/node_modules/boxen/node_modules/wrap-ansi
3893 silly ADD node_modules/firebase-tools/node_modules/boxen/node_modules/chalk
3894 silly ADD node_modules/firebase-tools/node_modules/crypto-random-string
3895 silly ADD node_modules/firebase-tools/node_modules/media-typer
3896 silly ADD node_modules/firebase-tools/node_modules/is-number
3897 silly ADD node_modules/firebase-tools/node_modules/thenify
3898 silly ADD node_modules/firebase-tools/node_modules/stubs
3899 silly ADD node_modules/firebase-tools/node_modules/stream-events
3900 silly ADD node_modules/firebase-tools/node_modules/ip-regex
3901 silly ADD node_modules/firebase-tools/node_modules/deep-is
3902 silly ADD node_modules/firebase-tools/node_modules/is2
3903 silly ADD node_modules/firebase-tools/node_modules/text-decoder
3904 silly ADD node_modules/firebase-tools/node_modules/events-universal
3905 silly ADD node_modules/firebase-tools/node_modules/teex
3906 silly ADD node_modules/firebase-tools/node_modules/bare-url
3907 silly ADD node_modules/firebase-tools/node_modules/bare-stream
3908 silly ADD node_modules/firebase-tools/node_modules/bare-path
3909 silly ADD node_modules/firebase-tools/node_modules/bare-events
3910 silly ADD node_modules/firebase-tools/node_modules/streamx
3911 silly ADD node_modules/firebase-tools/node_modules/fast-fifo
3912 silly ADD node_modules/firebase-tools/node_modules/bare-fs
3913 silly ADD node_modules/firebase-tools/node_modules/b4a
3914 silly ADD node_modules/firebase-tools/node_modules/yallist
3915 silly ADD node_modules/firebase-tools/node_modules/minizlib
3916 silly ADD node_modules/firebase-tools/node_modules/chownr
3917 silly ADD node_modules/firebase-tools/node_modules/@isaacs/fs-minipass
3918 silly ADD node_modules/firebase-tools/node_modules/supports-color
3919 silly ADD node_modules/firebase-tools/node_modules/has-flag
3920 silly ADD node_modules/firebase-tools/node_modules/is-promise
3921 silly ADD node_modules/firebase-tools/node_modules/abbrev
3922 silly ADD node_modules/firebase-tools/node_modules/tinyglobby
3923 silly ADD node_modules/firebase-tools/node_modules/tinyglobby/node_modules/picomatch
3924 silly ADD node_modules/firebase-tools/node_modules/tinyglobby/node_modules/fdir
3925 silly ADD node_modules/firebase-tools/node_modules/proc-log
3926 silly ADD node_modules/firebase-tools/node_modules/nopt
3927 silly ADD node_modules/firebase-tools/node_modules/exponential-backoff
3928 silly ADD node_modules/firebase-tools/node_modules/env-paths
3929 silly ADD node_modules/firebase-tools/node_modules/node-gyp
3930 silly ADD node_modules/firebase-tools/node_modules/node-gyp/node_modules/isexe
3931 silly ADD node_modules/firebase-tools/node_modules/node-gyp/node_modules/which
3932 silly ADD node_modules/firebase-tools/node_modules/node-gyp/node_modules/undici
3933 silly ADD node_modules/firebase-tools/node_modules/nan
3934 silly ADD node_modules/firebase-tools/node_modules/install-artifact-from-github
3935 silly ADD node_modules/firebase-tools/node_modules/lodash._objecttypes
3936 silly ADD node_modules/firebase-tools/node_modules/valid-url
3937 silly ADD node_modules/firebase-tools/node_modules/url-join
3938 silly ADD node_modules/firebase-tools/node_modules/as-array
3939 silly ADD node_modules/firebase-tools/node_modules/toxic
3940 silly ADD node_modules/firebase-tools/node_modules/lodash.isobject
3941 silly ADD node_modules/firebase-tools/node_modules/glob-slash
3942 silly ADD node_modules/firebase-tools/node_modules/compressible
3943 silly ADD node_modules/firebase-tools/node_modules/tsscmp
3944 silly ADD node_modules/firebase-tools/node_modules/router
3945 silly ADD node_modules/firebase-tools/node_modules/router/node_modules/ms
3946 silly ADD node_modules/firebase-tools/node_modules/router/node_modules/path-to-regexp
3947 silly ADD node_modules/firebase-tools/node_modules/router/node_modules/debug
3948 silly ADD node_modules/firebase-tools/node_modules/re2
3949 silly ADD node_modules/firebase-tools/node_modules/join-path
3950 silly ADD node_modules/firebase-tools/node_modules/is-url
3951 silly ADD node_modules/firebase-tools/node_modules/glob-slasher
3952 silly ADD node_modules/firebase-tools/node_modules/connect
3953 silly ADD node_modules/firebase-tools/node_modules/connect/node_modules/statuses
3954 silly ADD node_modules/firebase-tools/node_modules/connect/node_modules/on-finished
3955 silly ADD node_modules/firebase-tools/node_modules/connect/node_modules/encodeurl
3956 silly ADD node_modules/firebase-tools/node_modules/connect/node_modules/finalhandler
3957 silly ADD node_modules/firebase-tools/node_modules/compression
3958 silly ADD node_modules/firebase-tools/node_modules/compression/node_modules/negotiator
3959 silly ADD node_modules/firebase-tools/node_modules/basic-auth-connect
3960 silly ADD node_modules/firebase-tools/node_modules/is-fullwidth-code-point
3961 silly ADD node_modules/firebase-tools/node_modules/emoji-regex
3962 silly ADD node_modules/firebase-tools/node_modules/ret
3963 silly ADD node_modules/firebase-tools/node_modules/discontinuous-range
3964 silly ADD node_modules/firebase-tools/node_modules/randexp
3965 silly ADD node_modules/firebase-tools/node_modules/railroad-diagrams
3966 silly ADD node_modules/firebase-tools/node_modules/moo
3967 silly ADD node_modules/firebase-tools/node_modules/nearley
3968 silly ADD node_modules/firebase-tools/node_modules/nearley/node_modules/commander
3969 silly ADD node_modules/firebase-tools/node_modules/smart-buffer
3970 silly ADD node_modules/firebase-tools/node_modules/socks
3971 silly ADD node_modules/firebase-tools/node_modules/unicode-emoji-modifier-base
3972 silly ADD node_modules/firebase-tools/node_modules/call-bound
3973 silly ADD node_modules/firebase-tools/node_modules/side-channel-weakmap
3974 silly ADD node_modules/firebase-tools/node_modules/side-channel-map
3975 silly ADD node_modules/firebase-tools/node_modules/side-channel-list
3976 silly ADD node_modules/firebase-tools/node_modules/object-inspect
3977 silly ADD node_modules/firebase-tools/node_modules/shebang-regex
3978 silly ADD node_modules/firebase-tools/node_modules/teeny-request
3979 silly ADD node_modules/firebase-tools/node_modules/teeny-request/node_modules/data-uri-to-buffer
3980 silly ADD node_modules/firebase-tools/node_modules/teeny-request/node_modules/node-fetch
3981 silly ADD node_modules/firebase-tools/node_modules/mimic-fn
3982 silly ADD node_modules/firebase-tools/node_modules/onetime
3983 silly ADD node_modules/firebase-tools/node_modules/string_decoder
3984 silly ADD node_modules/firebase-tools/node_modules/process
3985 silly ADD node_modules/firebase-tools/node_modules/events
3986 silly ADD node_modules/firebase-tools/node_modules/side-channel
3987 silly ADD node_modules/firebase-tools/node_modules/source-map
3988 silly ADD node_modules/firebase-tools/node_modules/esutils
3989 silly ADD node_modules/firebase-tools/node_modules/estraverse
3990 silly ADD node_modules/firebase-tools/node_modules/tslib
3991 silly ADD node_modules/firebase-tools/node_modules/esprima
3992 silly ADD node_modules/firebase-tools/node_modules/escodegen
3993 silly ADD node_modules/firebase-tools/node_modules/ast-types
3994 silly ADD node_modules/firebase-tools/node_modules/netmask
3995 silly ADD node_modules/firebase-tools/node_modules/degenerator
3996 silly ADD node_modules/firebase-tools/node_modules/data-uri-to-buffer
3997 silly ADD node_modules/firebase-tools/node_modules/basic-ftp
3998 silly ADD node_modules/firebase-tools/node_modules/pac-resolver
3999 silly ADD node_modules/firebase-tools/node_modules/get-uri
4000 silly ADD node_modules/firebase-tools/node_modules/get-uri/node_modules/ms
4001 silly ADD node_modules/firebase-tools/node_modules/get-uri/node_modules/debug
4002 silly ADD node_modules/firebase-tools/node_modules/@tootallnate/quickjs-emscripten
4003 silly ADD node_modules/firebase-tools/node_modules/socks-proxy-agent
4004 silly ADD node_modules/firebase-tools/node_modules/socks-proxy-agent/node_modules/ms
4005 silly ADD node_modules/firebase-tools/node_modules/socks-proxy-agent/node_modules/debug
4006 silly ADD node_modules/firebase-tools/node_modules/proxy-from-env
4007 silly ADD node_modules/firebase-tools/node_modules/pac-proxy-agent
4008 silly ADD node_modules/firebase-tools/node_modules/pac-proxy-agent/node_modules/ms
4009 silly ADD node_modules/firebase-tools/node_modules/pac-proxy-agent/node_modules/debug
4010 silly ADD node_modules/firebase-tools/node_modules/http-proxy-agent
4011 silly ADD node_modules/firebase-tools/node_modules/http-proxy-agent/node_modules/ms
4012 silly ADD node_modules/firebase-tools/node_modules/http-proxy-agent/node_modules/debug
4013 silly ADD node_modules/firebase-tools/node_modules/ipaddr.js
4014 silly ADD node_modules/firebase-tools/node_modules/forwarded
4015 silly ADD node_modules/firebase-tools/node_modules/undici-types
4016 silly ADD node_modules/firebase-tools/node_modules/@types/node
4017 silly ADD node_modules/firebase-tools/node_modules/@protobufjs/utf8
4018 silly ADD node_modules/firebase-tools/node_modules/@protobufjs/pool
4019 silly ADD node_modules/firebase-tools/node_modules/@protobufjs/path
4020 silly ADD node_modules/firebase-tools/node_modules/@protobufjs/float
4021 silly ADD node_modules/firebase-tools/node_modules/@protobufjs/fetch
4022 silly ADD node_modules/firebase-tools/node_modules/@protobufjs/eventemitter
4023 silly ADD node_modules/firebase-tools/node_modules/@protobufjs/codegen
4024 silly ADD node_modules/firebase-tools/node_modules/@protobufjs/base64
4025 silly ADD node_modules/firebase-tools/node_modules/@protobufjs/aspromise
4026 silly ADD node_modules/firebase-tools/node_modules/xtend
4027 silly ADD node_modules/firebase-tools/node_modules/split2
4028 silly ADD node_modules/firebase-tools/node_modules/postgres-interval
4029 silly ADD node_modules/firebase-tools/node_modules/postgres-date
4030 silly ADD node_modules/firebase-tools/node_modules/postgres-bytea
4031 silly ADD node_modules/firebase-tools/node_modules/postgres-array
4032 silly ADD node_modules/firebase-tools/node_modules/pg-int8
4033 silly ADD node_modules/firebase-tools/node_modules/pgpass
4034 silly ADD node_modules/firebase-tools/node_modules/pg-types
4035 silly ADD node_modules/firebase-tools/node_modules/pg-protocol
4036 silly ADD node_modules/firebase-tools/node_modules/pg-pool
4037 silly ADD node_modules/firebase-tools/node_modules/pg-connection-string
4038 silly ADD node_modules/firebase-tools/node_modules/pg-cloudflare
4039 silly ADD node_modules/firebase-tools/node_modules/lru-cache
4040 silly ADD node_modules/firebase-tools/node_modules/restore-cursor
4041 silly ADD node_modules/firebase-tools/node_modules/restore-cursor/node_modules/signal-exit
4042 silly ADD node_modules/firebase-tools/node_modules/ieee754
4043 silly ADD node_modules/firebase-tools/node_modules/buffer
4044 silly ADD node_modules/firebase-tools/node_modules/wcwidth
4045 silly ADD node_modules/firebase-tools/node_modules/log-symbols
4046 silly ADD node_modules/firebase-tools/node_modules/log-symbols/node_modules/chalk
4047 silly ADD node_modules/firebase-tools/node_modules/is-unicode-supported
4048 silly ADD node_modules/firebase-tools/node_modules/is-interactive
4049 silly ADD node_modules/firebase-tools/node_modules/cli-spinners
4050 silly ADD node_modules/firebase-tools/node_modules/cli-cursor
4051 silly ADD node_modules/firebase-tools/node_modules/bl
4052 silly ADD node_modules/firebase-tools/node_modules/bl/node_modules/readable-stream
4053 silly ADD node_modules/firebase-tools/node_modules/is-wsl
4054 silly ADD node_modules/firebase-tools/node_modules/wrappy
4055 silly ADD node_modules/firebase-tools/node_modules/ee-first
4056 silly ADD node_modules/firebase-tools/node_modules/whatwg-url
4057 silly ADD node_modules/firebase-tools/node_modules/skin-tone
4058 silly ADD node_modules/firebase-tools/node_modules/emojilib
4059 silly ADD node_modules/firebase-tools/node_modules/char-regex
4060 silly ADD node_modules/firebase-tools/node_modules/@sindresorhus/is
4061 silly ADD node_modules/firebase-tools/node_modules/thenify-all
4062 silly ADD node_modules/firebase-tools/node_modules/any-promise
4063 silly ADD node_modules/firebase-tools/node_modules/on-headers
4064 silly ADD node_modules/firebase-tools/node_modules/basic-auth
4065 silly ADD node_modules/firebase-tools/node_modules/basic-auth/node_modules/safe-buffer
4066 silly ADD node_modules/firebase-tools/node_modules/concat-map
4067 silly ADD node_modules/firebase-tools/node_modules/balanced-match
4068 silly ADD node_modules/firebase-tools/node_modules/brace-expansion
4069 silly ADD node_modules/firebase-tools/node_modules/mime-db
4070 silly ADD node_modules/firebase-tools/node_modules/parse5-htmlparser2-tree-adapter
4071 silly ADD node_modules/firebase-tools/node_modules/parse5-htmlparser2-tree-adapter/node_modules/parse5
4072 silly ADD node_modules/firebase-tools/node_modules/parse5
4073 silly ADD node_modules/firebase-tools/node_modules/mz
4074 silly ADD node_modules/firebase-tools/node_modules/highlight.js
4075 silly ADD node_modules/firebase-tools/node_modules/environment
4076 silly ADD node_modules/firebase-tools/node_modules/supports-hyperlinks
4077 silly ADD node_modules/firebase-tools/node_modules/node-emoji
4078 silly ADD node_modules/firebase-tools/node_modules/cli-highlight
4079 silly ADD node_modules/firebase-tools/node_modules/cli-highlight/node_modules/ansi-regex
4080 silly ADD node_modules/firebase-tools/node_modules/cli-highlight/node_modules/wrap-ansi
4081 silly ADD node_modules/firebase-tools/node_modules/cli-highlight/node_modules/strip-ansi
4082 silly ADD node_modules/firebase-tools/node_modules/cli-highlight/node_modules/yargs-parser
4083 silly ADD node_modules/firebase-tools/node_modules/cli-highlight/node_modules/cliui
4084 silly ADD node_modules/firebase-tools/node_modules/cli-highlight/node_modules/yargs
4085 silly ADD node_modules/firebase-tools/node_modules/cli-highlight/node_modules/chalk
4086 silly ADD node_modules/firebase-tools/node_modules/chalk
4087 silly ADD node_modules/firebase-tools/node_modules/ansi-regex
4088 silly ADD node_modules/firebase-tools/node_modules/ansi-escapes
4089 silly ADD node_modules/firebase-tools/node_modules/libsodium
4090 silly ADD node_modules/firebase-tools/node_modules/buffer-equal-constant-time
4091 silly ADD node_modules/firebase-tools/node_modules/jwa
4092 silly ADD node_modules/firebase-tools/node_modules/lodash.once
4093 silly ADD node_modules/firebase-tools/node_modules/lodash.isstring
4094 silly ADD node_modules/firebase-tools/node_modules/lodash.isplainobject
4095 silly ADD node_modules/firebase-tools/node_modules/lodash.isnumber
4096 silly ADD node_modules/firebase-tools/node_modules/lodash.isinteger
4097 silly ADD node_modules/firebase-tools/node_modules/lodash.isboolean
4098 silly ADD node_modules/firebase-tools/node_modules/lodash.includes
4099 silly ADD node_modules/firebase-tools/node_modules/jju
4100 silly ADD node_modules/firebase-tools/node_modules/bignumber.js
4101 silly ADD node_modules/firebase-tools/node_modules/argparse
4102 silly ADD node_modules/firebase-tools/node_modules/wrap-ansi-cjs
4103 silly ADD node_modules/firebase-tools/node_modules/wrap-ansi-cjs/node_modules/ansi-regex
4104 silly ADD node_modules/firebase-tools/node_modules/wrap-ansi-cjs/node_modules/strip-ansi
4105 silly ADD node_modules/firebase-tools/node_modules/strip-ansi-cjs
4106 silly ADD node_modules/firebase-tools/node_modules/strip-ansi-cjs/node_modules/ansi-regex
4107 silly ADD node_modules/firebase-tools/node_modules/strip-ansi
4108 silly ADD node_modules/firebase-tools/node_modules/string-width-cjs
4109 silly ADD node_modules/firebase-tools/node_modules/string-width-cjs/node_modules/ansi-regex
4110 silly ADD node_modules/firebase-tools/node_modules/string-width-cjs/node_modules/strip-ansi
4111 silly ADD node_modules/firebase-tools/node_modules/@pkgjs/parseargs
4112 silly ADD node_modules/firebase-tools/node_modules/@isaacs/cliui
4113 silly ADD node_modules/firebase-tools/node_modules/@isaacs/cliui/node_modules/ansi-styles
4114 silly ADD node_modules/firebase-tools/node_modules/@isaacs/cliui/node_modules/emoji-regex
4115 silly ADD node_modules/firebase-tools/node_modules/@isaacs/cliui/node_modules/wrap-ansi
4116 silly ADD node_modules/firebase-tools/node_modules/@isaacs/cliui/node_modules/string-width
4117 silly ADD node_modules/firebase-tools/node_modules/is-extglob
4118 silly ADD node_modules/firebase-tools/node_modules/binary-extensions
4119 silly ADD node_modules/firebase-tools/node_modules/safer-buffer
4120 silly ADD node_modules/firebase-tools/node_modules/agent-base
4121 silly ADD node_modules/firebase-tools/node_modules/toidentifier
4122 silly ADD node_modules/firebase-tools/node_modules/url-template
4123 silly ADD node_modules/firebase-tools/node_modules/once
4124 silly ADD node_modules/firebase-tools/node_modules/stream-shift
4125 silly ADD node_modules/firebase-tools/node_modules/inherits
4126 silly ADD node_modules/firebase-tools/node_modules/end-of-stream
4127 silly ADD node_modules/firebase-tools/node_modules/yargs
4128 silly ADD node_modules/firebase-tools/node_modules/lodash.camelcase
4129 silly ADD node_modules/firebase-tools/node_modules/@js-sdsl/ordered-map
4130 silly ADD node_modules/firebase-tools/node_modules/rimraf
4131 silly ADD node_modules/firebase-tools/node_modules/retry-request
4132 silly ADD node_modules/firebase-tools/node_modules/protobufjs
4133 silly ADD node_modules/firebase-tools/node_modules/proto3-json-serializer
4134 silly ADD node_modules/firebase-tools/node_modules/object-hash
4135 silly ADD node_modules/firebase-tools/node_modules/duplexify
4136 silly ADD node_modules/firebase-tools/node_modules/duplexify/node_modules/readable-stream
4137 silly ADD node_modules/firebase-tools/node_modules/@grpc/proto-loader
4138 silly ADD node_modules/firebase-tools/node_modules/@grpc/grpc-js
4139 silly ADD node_modules/firebase-tools/node_modules/json-bigint
4140 silly ADD node_modules/firebase-tools/node_modules/jws
4141 silly ADD node_modules/firebase-tools/node_modules/gtoken
4142 silly ADD node_modules/firebase-tools/node_modules/gcp-metadata
4143 silly ADD node_modules/firebase-tools/node_modules/gcp-metadata/node_modules/google-logging-utils
4144 silly ADD node_modules/firebase-tools/node_modules/ecdsa-sig-formatter
4145 silly ADD node_modules/firebase-tools/node_modules/base64-js
4146 silly ADD node_modules/firebase-tools/node_modules/path-scurry
4147 silly ADD node_modules/firebase-tools/node_modules/package-json-from-dist
4148 silly ADD node_modules/firebase-tools/node_modules/minipass
4149 silly ADD node_modules/firebase-tools/node_modules/jackspeak
4150 silly ADD node_modules/firebase-tools/node_modules/foreground-child
4151 silly ADD node_modules/firebase-tools/node_modules/dunder-proto
4152 silly ADD node_modules/firebase-tools/node_modules/math-intrinsics
4153 silly ADD node_modules/firebase-tools/node_modules/has-symbols
4154 silly ADD node_modules/firebase-tools/node_modules/gopd
4155 silly ADD node_modules/firebase-tools/node_modules/get-proto
4156 silly ADD node_modules/firebase-tools/node_modules/function-bind
4157 silly ADD node_modules/firebase-tools/node_modules/es-object-atoms
4158 silly ADD node_modules/firebase-tools/node_modules/es-define-property
4159 silly ADD node_modules/firebase-tools/node_modules/call-bind-apply-helpers
4160 silly ADD node_modules/firebase-tools/node_modules/uuid
4161 silly ADD node_modules/firebase-tools/node_modules/https-proxy-agent
4162 silly ADD node_modules/firebase-tools/node_modules/https-proxy-agent/node_modules/ms
4163 silly ADD node_modules/firebase-tools/node_modules/https-proxy-agent/node_modules/debug
4164 silly ADD node_modules/firebase-tools/node_modules/universalify
4165 silly ADD node_modules/firebase-tools/node_modules/jsonfile
4166 silly ADD node_modules/firebase-tools/node_modules/has-tostringtag
4167 silly ADD node_modules/firebase-tools/node_modules/get-intrinsic
4168 silly ADD node_modules/firebase-tools/node_modules/es-errors
4169 silly ADD node_modules/firebase-tools/node_modules/delayed-stream
4170 silly ADD node_modules/firebase-tools/node_modules/hasown
4171 silly ADD node_modules/firebase-tools/node_modules/es-set-tostringtag
4172 silly ADD node_modules/firebase-tools/node_modules/combined-stream
4173 silly ADD node_modules/firebase-tools/node_modules/asynckit
4174 silly ADD node_modules/firebase-tools/node_modules/to-regex-range
4175 silly ADD node_modules/firebase-tools/node_modules/ip-address
4176 silly ADD node_modules/firebase-tools/node_modules/negotiator
4177 silly ADD node_modules/firebase-tools/node_modules/mime-types
4178 silly ADD node_modules/firebase-tools/node_modules/utils-merge
4179 silly ADD node_modules/firebase-tools/node_modules/statuses
4180 silly ADD node_modules/firebase-tools/node_modules/setprototypeof
4181 silly ADD node_modules/firebase-tools/node_modules/serve-static
4182 silly ADD node_modules/firebase-tools/node_modules/send
4183 silly ADD node_modules/firebase-tools/node_modules/send/node_modules/ms
4184 silly ADD node_modules/firebase-tools/node_modules/send/node_modules/mime
4185 silly ADD node_modules/firebase-tools/node_modules/safe-buffer
4186 silly ADD node_modules/firebase-tools/node_modules/range-parser
4187 silly ADD node_modules/firebase-tools/node_modules/proxy-addr
4188 silly ADD node_modules/firebase-tools/node_modules/path-to-regexp
4189 silly ADD node_modules/firebase-tools/node_modules/parseurl
4190 silly ADD node_modules/firebase-tools/node_modules/methods
4191 silly ADD node_modules/firebase-tools/node_modules/merge-descriptors
4192 silly ADD node_modules/firebase-tools/node_modules/fresh
4193 silly ADD node_modules/firebase-tools/node_modules/finalhandler
4194 silly ADD node_modules/firebase-tools/node_modules/etag
4195 silly ADD node_modules/firebase-tools/node_modules/escape-html
4196 silly ADD node_modules/firebase-tools/node_modules/encodeurl
4197 silly ADD node_modules/firebase-tools/node_modules/cookie-signature
4198 silly ADD node_modules/firebase-tools/node_modules/cookie
4199 silly ADD node_modules/firebase-tools/node_modules/content-disposition
4200 silly ADD node_modules/firebase-tools/node_modules/array-flatten
4201 silly ADD node_modules/firebase-tools/node_modules/accepts
4202 silly ADD node_modules/firebase-tools/node_modules/call-me-maybe
4203 silly ADD node_modules/firebase-tools/node_modules/@types/json-schema
4204 silly ADD node_modules/firebase-tools/node_modules/@jsdevtools/ono
4205 silly ADD node_modules/firebase-tools/node_modules/promise-breaker
4206 silly ADD node_modules/firebase-tools/node_modules/openapi3-ts
4207 silly ADD node_modules/firebase-tools/node_modules/json-ptr
4208 silly ADD node_modules/firebase-tools/node_modules/events-listener
4209 silly ADD node_modules/firebase-tools/node_modules/deep-freeze
4210 silly ADD node_modules/firebase-tools/node_modules/@apidevtools/json-schema-ref-parser
4211 silly ADD node_modules/firebase-tools/node_modules/is-obj
4212 silly ADD node_modules/firebase-tools/node_modules/ms
4213 silly ADD node_modules/firebase-tools/node_modules/which
4214 silly ADD node_modules/firebase-tools/node_modules/shebang-command
4215 silly ADD node_modules/firebase-tools/node_modules/path-key
4216 silly ADD node_modules/firebase-tools/node_modules/vary
4217 silly ADD node_modules/firebase-tools/node_modules/object-assign
4218 silly ADD node_modules/firebase-tools/node_modules/xdg-basedir
4219 silly ADD node_modules/firebase-tools/node_modules/write-file-atomic
4220 silly ADD node_modules/firebase-tools/node_modules/write-file-atomic/node_modules/signal-exit
4221 silly ADD node_modules/firebase-tools/node_modules/unique-string
4222 silly ADD node_modules/firebase-tools/node_modules/make-dir
4223 silly ADD node_modules/firebase-tools/node_modules/make-dir/node_modules/semver
4224 silly ADD node_modules/firebase-tools/node_modules/dot-prop
4225 silly ADD node_modules/firebase-tools/node_modules/string-width
4226 silly ADD node_modules/firebase-tools/node_modules/string-width/node_modules/ansi-regex
4227 silly ADD node_modules/firebase-tools/node_modules/string-width/node_modules/strip-ansi
4228 silly ADD node_modules/firebase-tools/node_modules/@colors/colors
4229 silly ADD node_modules/firebase-tools/node_modules/json-parse-helpfulerror
4230 silly ADD node_modules/firebase-tools/node_modules/fill-range
4231 silly ADD node_modules/firebase-tools/node_modules/picomatch
4232 silly ADD node_modules/firebase-tools/node_modules/readdirp
4233 silly ADD node_modules/firebase-tools/node_modules/is-glob
4234 silly ADD node_modules/firebase-tools/node_modules/is-binary-path
4235 silly ADD node_modules/firebase-tools/node_modules/glob-parent
4236 silly ADD node_modules/firebase-tools/node_modules/braces
4237 silly ADD node_modules/firebase-tools/node_modules/anymatch
4238 silly ADD node_modules/firebase-tools/node_modules/unpipe
4239 silly ADD node_modules/firebase-tools/node_modules/type-is
4240 silly ADD node_modules/firebase-tools/node_modules/qs
4241 silly ADD node_modules/firebase-tools/node_modules/on-finished
4242 silly ADD node_modules/firebase-tools/node_modules/http-errors
4243 silly ADD node_modules/firebase-tools/node_modules/destroy
4244 silly ADD node_modules/firebase-tools/node_modules/depd
4245 silly ADD node_modules/firebase-tools/node_modules/debug
4246 silly ADD node_modules/firebase-tools/node_modules/bytes
4247 silly ADD node_modules/firebase-tools/node_modules/normalize-path
4248 silly ADD node_modules/firebase-tools/node_modules/lazystream
4249 silly ADD node_modules/firebase-tools/node_modules/lazystream/node_modules/string_decoder
4250 silly ADD node_modules/firebase-tools/node_modules/lazystream/node_modules/safe-buffer
4251 silly ADD node_modules/firebase-tools/node_modules/lazystream/node_modules/readable-stream
4252 silly ADD node_modules/firebase-tools/node_modules/is-stream
4253 silly ADD node_modules/firebase-tools/node_modules/graceful-fs
4254 silly ADD node_modules/firebase-tools/node_modules/zip-stream
4255 silly ADD node_modules/firebase-tools/node_modules/tar-stream
4256 silly ADD node_modules/firebase-tools/node_modules/readdir-glob
4257 silly ADD node_modules/firebase-tools/node_modules/readdir-glob/node_modules/brace-expansion
4258 silly ADD node_modules/firebase-tools/node_modules/readdir-glob/node_modules/minimatch
4259 silly ADD node_modules/firebase-tools/node_modules/readable-stream
4260 silly ADD node_modules/firebase-tools/node_modules/readable-stream/node_modules/buffer
4261 silly ADD node_modules/firebase-tools/node_modules/buffer-crc32
4262 silly ADD node_modules/firebase-tools/node_modules/async
4263 silly ADD node_modules/firebase-tools/node_modules/archiver-utils
4264 silly ADD node_modules/firebase-tools/node_modules/require-from-string
4265 silly ADD node_modules/firebase-tools/node_modules/json-schema-traverse
4266 silly ADD node_modules/firebase-tools/node_modules/fast-uri
4267 silly ADD node_modules/firebase-tools/node_modules/fast-deep-equal
4268 silly ADD node_modules/firebase-tools/node_modules/event-target-shim
4269 silly ADD node_modules/firebase-tools/node_modules/zod-to-json-schema
4270 silly ADD node_modules/firebase-tools/node_modules/raw-body
4271 silly ADD node_modules/firebase-tools/node_modules/pkce-challenge
4272 silly ADD node_modules/firebase-tools/node_modules/json-schema-typed
4273 silly ADD node_modules/firebase-tools/node_modules/jose
4274 silly ADD node_modules/firebase-tools/node_modules/express-rate-limit
4275 silly ADD node_modules/firebase-tools/node_modules/express-rate-limit/node_modules/ms
4276 silly ADD node_modules/firebase-tools/node_modules/express-rate-limit/node_modules/debug
4277 silly ADD node_modules/firebase-tools/node_modules/eventsource-parser
4278 silly ADD node_modules/firebase-tools/node_modules/eventsource
4279 silly ADD node_modules/firebase-tools/node_modules/content-type
4280 silly ADD node_modules/firebase-tools/node_modules/hono
4281 silly ADD node_modules/firebase-tools/node_modules/@hono/node-server
4282 silly ADD node_modules/firebase-tools/node_modules/iconv-lite
4283 silly ADD node_modules/firebase-tools/node_modules/chardet
4284 silly ADD node_modules/firebase-tools/node_modules/@inquirer/external-editor
4285 silly ADD node_modules/firebase-tools/node_modules/wrap-ansi
4286 silly ADD node_modules/firebase-tools/node_modules/wrap-ansi/node_modules/ansi-regex
4287 silly ADD node_modules/firebase-tools/node_modules/wrap-ansi/node_modules/strip-ansi
4288 silly ADD node_modules/firebase-tools/node_modules/signal-exit
4289 silly ADD node_modules/firebase-tools/node_modules/mute-stream
4290 silly ADD node_modules/firebase-tools/node_modules/cli-width
4291 silly ADD node_modules/firebase-tools/node_modules/yoctocolors-cjs
4292 silly ADD node_modules/firebase-tools/node_modules/@inquirer/type
4293 silly ADD node_modules/firebase-tools/node_modules/@inquirer/figures
4294 silly ADD node_modules/firebase-tools/node_modules/@inquirer/core
4295 silly ADD node_modules/firebase-tools/node_modules/@inquirer/ansi
4296 silly ADD node_modules/firebase-tools/node_modules/@inquirer/select
4297 silly ADD node_modules/firebase-tools/node_modules/@inquirer/search
4298 silly ADD node_modules/firebase-tools/node_modules/@inquirer/rawlist
4299 silly ADD node_modules/firebase-tools/node_modules/@inquirer/password
4300 silly ADD node_modules/firebase-tools/node_modules/@inquirer/number
4301 silly ADD node_modules/firebase-tools/node_modules/@inquirer/input
4302 silly ADD node_modules/firebase-tools/node_modules/@inquirer/expand
4303 silly ADD node_modules/firebase-tools/node_modules/@inquirer/editor
4304 silly ADD node_modules/firebase-tools/node_modules/@inquirer/confirm
4305 silly ADD node_modules/firebase-tools/node_modules/@inquirer/checkbox
4306 silly ADD node_modules/firebase-tools/node_modules/googleapis-common
4307 silly ADD node_modules/firebase-tools/node_modules/googleapis-common/node_modules/data-uri-to-buffer
4308 silly ADD node_modules/firebase-tools/node_modules/googleapis-common/node_modules/gtoken
4309 silly ADD node_modules/firebase-tools/node_modules/googleapis-common/node_modules/gcp-metadata
4310 silly ADD node_modules/firebase-tools/node_modules/googleapis-common/node_modules/node-fetch
4311 silly ADD node_modules/firebase-tools/node_modules/googleapis-common/node_modules/google-logging-utils
4312 silly ADD node_modules/firebase-tools/node_modules/googleapis-common/node_modules/google-auth-library
4313 silly ADD node_modules/firebase-tools/node_modules/googleapis-common/node_modules/gaxios
4314 silly ADD node_modules/firebase-tools/node_modules/p-defer
4315 silly ADD node_modules/firebase-tools/node_modules/long
4316 silly ADD node_modules/firebase-tools/node_modules/lodash.snakecase
4317 silly ADD node_modules/firebase-tools/node_modules/is-stream-ended
4318 silly ADD node_modules/firebase-tools/node_modules/heap-js
4319 silly ADD node_modules/firebase-tools/node_modules/google-gax
4320 silly ADD node_modules/firebase-tools/node_modules/google-gax/node_modules/data-uri-to-buffer
4321 silly ADD node_modules/firebase-tools/node_modules/google-gax/node_modules/gtoken
4322 silly ADD node_modules/firebase-tools/node_modules/google-gax/node_modules/gcp-metadata
4323 silly ADD node_modules/firebase-tools/node_modules/google-gax/node_modules/gcp-metadata/node_modules/gaxios
4324 silly ADD node_modules/firebase-tools/node_modules/google-gax/node_modules/gaxios
4325 silly ADD node_modules/firebase-tools/node_modules/google-gax/node_modules/node-fetch
4326 silly ADD node_modules/firebase-tools/node_modules/google-gax/node_modules/google-logging-utils
4327 silly ADD node_modules/firebase-tools/node_modules/google-gax/node_modules/google-auth-library
4328 silly ADD node_modules/firebase-tools/node_modules/extend
4329 silly ADD node_modules/firebase-tools/node_modules/arrify
4330 silly ADD node_modules/firebase-tools/node_modules/@opentelemetry/semantic-conventions
4331 silly ADD node_modules/firebase-tools/node_modules/@opentelemetry/core
4332 silly ADD node_modules/firebase-tools/node_modules/@opentelemetry/core/node_modules/@opentelemetry/semantic-conventions
4333 silly ADD node_modules/firebase-tools/node_modules/@opentelemetry/api
4334 silly ADD node_modules/firebase-tools/node_modules/@google-cloud/promisify
4335 silly ADD node_modules/firebase-tools/node_modules/@google-cloud/projectify
4336 silly ADD node_modules/firebase-tools/node_modules/@google-cloud/precise-date
4337 silly ADD node_modules/firebase-tools/node_modules/@google-cloud/paginator
4338 silly ADD node_modules/firebase-tools/node_modules/p-throttle
4339 silly ADD node_modules/firebase-tools/node_modules/@googleapis/sqladmin
4340 silly ADD node_modules/firebase-tools/node_modules/zod
4341 silly ADD node_modules/firebase-tools/node_modules/yaml
4342 silly ADD node_modules/firebase-tools/node_modules/ws
4343 silly ADD node_modules/firebase-tools/node_modules/winston-transport
4344 silly ADD node_modules/firebase-tools/node_modules/winston-transport/node_modules/readable-stream
4345 silly ADD node_modules/firebase-tools/node_modules/winston
4346 silly ADD node_modules/firebase-tools/node_modules/winston/node_modules/readable-stream
4347 silly ADD node_modules/firebase-tools/node_modules/winston/node_modules/@colors/colors
4348 silly ADD node_modules/firebase-tools/node_modules/update-notifier-cjs
4349 silly ADD node_modules/firebase-tools/node_modules/update-notifier-cjs/node_modules/chalk
4350 silly ADD node_modules/firebase-tools/node_modules/universal-analytics
4351 silly ADD node_modules/firebase-tools/node_modules/universal-analytics/node_modules/ms
4352 silly ADD node_modules/firebase-tools/node_modules/universal-analytics/node_modules/uuid
4353 silly ADD node_modules/firebase-tools/node_modules/universal-analytics/node_modules/debug
4354 silly ADD node_modules/firebase-tools/node_modules/undici
4355 silly ADD node_modules/firebase-tools/node_modules/triple-beam
4356 silly ADD node_modules/firebase-tools/node_modules/tmp
4357 silly ADD node_modules/firebase-tools/node_modules/tcp-port-used
4358 silly ADD node_modules/firebase-tools/node_modules/tcp-port-used/node_modules/ms
4359 silly ADD node_modules/firebase-tools/node_modules/tcp-port-used/node_modules/debug
4360 silly ADD node_modules/firebase-tools/node_modules/tar
4361 silly ADD node_modules/firebase-tools/node_modules/superstatic
4362 silly ADD node_modules/firebase-tools/node_modules/superstatic/node_modules/isarray
4363 silly ADD node_modules/firebase-tools/node_modules/superstatic/node_modules/brace-expansion
4364 silly ADD node_modules/firebase-tools/node_modules/superstatic/node_modules/path-to-regexp
4365 silly ADD node_modules/firebase-tools/node_modules/superstatic/node_modules/minimatch
4366 silly ADD node_modules/firebase-tools/node_modules/superstatic/node_modules/commander
4367 silly ADD node_modules/firebase-tools/node_modules/stream-json
4368 silly ADD node_modules/firebase-tools/node_modules/stream-chain
4369 silly ADD node_modules/firebase-tools/node_modules/sql-formatter
4370 silly ADD node_modules/firebase-tools/node_modules/semver
4371 silly ADD node_modules/firebase-tools/node_modules/retry
4372 silly ADD node_modules/firebase-tools/node_modules/proxy-agent
4373 silly ADD node_modules/firebase-tools/node_modules/proxy-agent/node_modules/ms
4374 silly ADD node_modules/firebase-tools/node_modules/proxy-agent/node_modules/lru-cache
4375 silly ADD node_modules/firebase-tools/node_modules/proxy-agent/node_modules/debug
4376 silly ADD node_modules/firebase-tools/node_modules/progress
4377 silly ADD node_modules/firebase-tools/node_modules/portfinder
4378 silly ADD node_modules/firebase-tools/node_modules/portfinder/node_modules/ms
4379 silly ADD node_modules/firebase-tools/node_modules/portfinder/node_modules/debug
4380 silly ADD node_modules/firebase-tools/node_modules/pglite-2
4381 silly ADD node_modules/firebase-tools/node_modules/pg-gateway
4382 silly ADD node_modules/firebase-tools/node_modules/pg
4383 silly ADD node_modules/firebase-tools/node_modules/ora
4384 silly ADD node_modules/firebase-tools/node_modules/ora/node_modules/ansi-regex
4385 silly ADD node_modules/firebase-tools/node_modules/ora/node_modules/strip-ansi
4386 silly ADD node_modules/firebase-tools/node_modules/ora/node_modules/chalk
4387 silly ADD node_modules/firebase-tools/node_modules/open
4388 silly ADD node_modules/firebase-tools/node_modules/node-fetch
4389 silly ADD node_modules/firebase-tools/node_modules/morgan
4390 silly ADD node_modules/firebase-tools/node_modules/minimatch
4391 silly ADD node_modules/firebase-tools/node_modules/mime
4392 silly ADD node_modules/firebase-tools/node_modules/marked-terminal
4393 silly ADD node_modules/firebase-tools/node_modules/marked
4394 silly ADD node_modules/firebase-tools/node_modules/lsofi
4395 silly ADD node_modules/firebase-tools/node_modules/lodash
4396 silly ADD node_modules/firebase-tools/node_modules/libsodium-wrappers
4397 silly ADD node_modules/firebase-tools/node_modules/jsonwebtoken
4398 silly ADD node_modules/firebase-tools/node_modules/jsonwebtoken/node_modules/ms
4399 silly ADD node_modules/firebase-tools/node_modules/js-yaml
4400 silly ADD node_modules/firebase-tools/node_modules/ignore
4401 silly ADD node_modules/firebase-tools/node_modules/google-auth-library
4402 silly ADD node_modules/firebase-tools/node_modules/glob
4403 silly ADD node_modules/firebase-tools/node_modules/glob/node_modules/brace-expansion
4404 silly ADD node_modules/firebase-tools/node_modules/glob/node_modules/minimatch
4405 silly ADD node_modules/firebase-tools/node_modules/gaxios
4406 silly ADD node_modules/firebase-tools/node_modules/fuzzy
4407 silly ADD node_modules/firebase-tools/node_modules/fs-extra
4408 silly ADD node_modules/firebase-tools/node_modules/form-data
4409 silly ADD node_modules/firebase-tools/node_modules/express
4410 silly ADD node_modules/firebase-tools/node_modules/exegesis-express
4411 silly ADD node_modules/firebase-tools/node_modules/exegesis
4412 silly ADD node_modules/firebase-tools/node_modules/exegesis/node_modules/iconv-lite
4413 silly ADD node_modules/firebase-tools/node_modules/exegesis/node_modules/raw-body
4414 silly ADD node_modules/firebase-tools/node_modules/exegesis/node_modules/ajv-formats
4415 silly ADD node_modules/firebase-tools/node_modules/csv-parse
4416 silly ADD node_modules/firebase-tools/node_modules/cross-spawn
4417 silly ADD node_modules/firebase-tools/node_modules/cross-env
4418 silly ADD node_modules/firebase-tools/node_modules/cors
4419 silly ADD node_modules/firebase-tools/node_modules/configstore
4420 silly ADD node_modules/firebase-tools/node_modules/commander
4421 silly ADD node_modules/firebase-tools/node_modules/colorette
4422 silly ADD node_modules/firebase-tools/node_modules/cli-table3
4423 silly ADD node_modules/firebase-tools/node_modules/cjson
4424 silly ADD node_modules/firebase-tools/node_modules/chokidar
4425 silly ADD node_modules/firebase-tools/node_modules/body-parser
4426 silly ADD node_modules/firebase-tools/node_modules/body-parser/node_modules/raw-body
4427 silly ADD node_modules/firebase-tools/node_modules/body-parser/node_modules/iconv-lite
4428 silly ADD node_modules/firebase-tools/node_modules/async-lock
4429 silly ADD node_modules/firebase-tools/node_modules/archiver
4430 silly ADD node_modules/firebase-tools/node_modules/ajv-formats
4431 silly ADD node_modules/firebase-tools/node_modules/ajv
4432 silly ADD node_modules/firebase-tools/node_modules/abort-controller
4433 silly ADD node_modules/firebase-tools/node_modules/@modelcontextprotocol/sdk
4434 silly ADD node_modules/firebase-tools/node_modules/@modelcontextprotocol/sdk/node_modules/media-typer
4435 silly ADD node_modules/firebase-tools/node_modules/@modelcontextprotocol/sdk/node_modules/mime-db
4436 silly ADD node_modules/firebase-tools/node_modules/@modelcontextprotocol/sdk/node_modules/ms
4437 silly ADD node_modules/firebase-tools/node_modules/@modelcontextprotocol/sdk/node_modules/negotiator
4438 silly ADD node_modules/firebase-tools/node_modules/@modelcontextprotocol/sdk/node_modules/type-is
4439 silly ADD node_modules/firebase-tools/node_modules/@modelcontextprotocol/sdk/node_modules/type-is/node_modules/content-type
4440 silly ADD node_modules/firebase-tools/node_modules/@modelcontextprotocol/sdk/node_modules/serve-static
4441 silly ADD node_modules/firebase-tools/node_modules/@modelcontextprotocol/sdk/node_modules/send
4442 silly ADD node_modules/firebase-tools/node_modules/@modelcontextprotocol/sdk/node_modules/mime-types
4443 silly ADD node_modules/firebase-tools/node_modules/@modelcontextprotocol/sdk/node_modules/merge-descriptors
4444 silly ADD node_modules/firebase-tools/node_modules/@modelcontextprotocol/sdk/node_modules/fresh
4445 silly ADD node_modules/firebase-tools/node_modules/@modelcontextprotocol/sdk/node_modules/finalhandler
4446 silly ADD node_modules/firebase-tools/node_modules/@modelcontextprotocol/sdk/node_modules/debug
4447 silly ADD node_modules/firebase-tools/node_modules/@modelcontextprotocol/sdk/node_modules/cookie-signature
4448 silly ADD node_modules/firebase-tools/node_modules/@modelcontextprotocol/sdk/node_modules/content-disposition
4449 silly ADD node_modules/firebase-tools/node_modules/@modelcontextprotocol/sdk/node_modules/body-parser
4450 silly ADD node_modules/firebase-tools/node_modules/@modelcontextprotocol/sdk/node_modules/body-parser/node_modules/content-type
4451 silly ADD node_modules/firebase-tools/node_modules/@modelcontextprotocol/sdk/node_modules/accepts
4452 silly ADD node_modules/firebase-tools/node_modules/@modelcontextprotocol/sdk/node_modules/express
4453 silly ADD node_modules/firebase-tools/node_modules/@inquirer/prompts
4454 silly ADD node_modules/firebase-tools/node_modules/@google-cloud/pubsub
4455 silly ADD node_modules/firebase-tools/node_modules/@google-cloud/pubsub/node_modules/data-uri-to-buffer
4456 silly ADD node_modules/firebase-tools/node_modules/@google-cloud/pubsub/node_modules/node-fetch
4457 silly ADD node_modules/firebase-tools/node_modules/@google-cloud/pubsub/node_modules/google-logging-utils
4458 silly ADD node_modules/firebase-tools/node_modules/@google-cloud/pubsub/node_modules/gcp-metadata
4459 silly ADD node_modules/firebase-tools/node_modules/@google-cloud/pubsub/node_modules/gaxios
4460 silly ADD node_modules/firebase-tools/node_modules/@google-cloud/pubsub/node_modules/google-auth-library
4461 silly ADD node_modules/firebase-tools/node_modules/@google-cloud/cloud-sql-connector
4462 silly ADD node_modules/firebase-tools/node_modules/@google-cloud/cloud-sql-connector/node_modules/data-uri-to-buffer
4463 silly ADD node_modules/firebase-tools/node_modules/@google-cloud/cloud-sql-connector/node_modules/google-logging-utils
4464 silly ADD node_modules/firebase-tools/node_modules/@google-cloud/cloud-sql-connector/node_modules/gcp-metadata
4465 silly ADD node_modules/firebase-tools/node_modules/@google-cloud/cloud-sql-connector/node_modules/node-fetch
4466 silly ADD node_modules/firebase-tools/node_modules/@google-cloud/cloud-sql-connector/node_modules/google-auth-library
4467 silly ADD node_modules/firebase-tools/node_modules/@google-cloud/cloud-sql-connector/node_modules/gaxios
4468 silly ADD node_modules/firebase-tools/node_modules/@electric-sql/pglite-tools
4469 silly ADD node_modules/firebase-tools/node_modules/@electric-sql/pglite
4470 silly ADD node_modules/firebase-tools/node_modules/@apphosting/common
4471 warn install-scripts 2 packages had install scripts blocked because they are not covered by allowScripts:
4471 warn install-scripts   protobufjs@7.6.5 (postinstall: node scripts/postinstall)
4471 warn install-scripts   re2@1.26.1 (install: install-from-cache --artifact build/Release/re2.node --host-var RE2_DOWNLOAD_MIRROR --skip-path-var RE2_DOWNLOAD_SKIP_PATH --skip-ver-var RE2_DOWNLOAD_SKIP_VER --force-build-var RE2_DOWNLOAD_FORCE_BUILD || node-gyp -j max rebuild)
4471 warn install-scripts
4471 warn install-scripts Run `npm install -g --allow-scripts=protobufjs,re2` to allow these scripts once, or `npm config set allow-scripts=protobufjs,re2 --location=user` to allow them for all global installs.
4472 verbose cwd /home/aimutsu0120
4473 verbose os Linux 6.6.143+
4474 verbose node v24.19.0
4475 verbose npm  v12.0.2
4476 verbose exit 0
4477 info ok
